Country,Coffee type,Metric,Year,value,is_imputed
Angola,Robusta/Arabica,domestic_consumption_kg,1990.0,1200000.0,False
Angola,Robusta/Arabica,domestic_consumption_kg,1991.0,1800000.0,False
Angola,Robusta/Arabica,domestic_consumption_kg,1992.0,2100000.0,False
Angola,Robusta/Arabica,domestic_consumption_kg,1993.0,1200000.0,False
Angola,Robusta/Arabica,domestic_consumption_kg,1994.0,1500000.0,False
Angola,Robusta/Arabica,domestic_consumption_kg,1995.0,600000.0,False
Angola,Robusta/Arabica,domestic_consumption_kg,1996.0,1200000.0,False
Angola,Robusta/Arabica,domestic_consumption_kg,1997.0,2400000.0,False
Angola,Robusta/Arabica,domestic_consumption_kg,1998.0,1800000.0,False
Angola,Robusta/Arabica,domestic_consumption_kg,1999.0,1200000.0,False
Angola,Robusta/Arabica,domestic_consumption_kg,2000.0,1200000.0,False
Angola,Robusta/Arabica,domestic_consumption_kg,2001.0,1200000.0,False
Angola,Robusta/Arabica,domestic_consumption_kg,2002.0,1200000.0,False
Angola,Robusta/Arabica,domestic_consumption_kg,2003.0,900000.0,False
Angola,Robusta/Arabica,domestic_consumption_kg,2004.0,900000.0,False
Angola,Robusta/Arabica,domestic_consumption_kg,2005.0,900000.0,False
Angola,Robusta/Arabica,domestic_consumption_kg,2006.0,1800000.0,False
Angola,Robusta/Arabica,domestic_consumption_kg,2007.0,1800000.0,False
Angola,Robusta/Arabica,domestic_consumption_kg,2008.0,1800000.0,False
Angola,Robusta/Arabica,domestic_consumption_kg,2009.0,1800000.0,False
Angola,Robusta/Arabica,domestic_consumption_kg,2010.0,1800000.0,False
Angola,Robusta/Arabica,domestic_consumption_kg,2011.0,1800000.0,False
Angola,Robusta/Arabica,domestic_consumption_kg,2012.0,1800000.0,False
Angola,Robusta/Arabica,domestic_consumption_kg,2013.0,1800000.0,False
Angola,Robusta/Arabica,domestic_consumption_kg,2014.0,1800000.0,False
Angola,Robusta/Arabica,domestic_consumption_kg,2015.0,1800000.0,False
Angola,Robusta/Arabica,domestic_consumption_kg,2016.0,1800000.0,False
Angola,Robusta/Arabica,domestic_consumption_kg,2017.0,1800000.0,False
Angola,Robusta/Arabica,domestic_consumption_kg,2018.0,1800000.0,False
Angola,Robusta/Arabica,domestic_consumption_kg,2019.0,1800000.0,False
Bolivia (Plurinational State of),Arabica,domestic_consumption_kg,1990.0,1500000.0,False
Bolivia (Plurinational State of),Arabica,domestic_consumption_kg,1991.0,1620000.0,False
Bolivia (Plurinational State of),Arabica,domestic_consumption_kg,1992.0,1650000.0,False
Bolivia (Plurinational State of),Arabica,domestic_consumption_kg,1993.0,1710000.0,False
Bolivia (Plurinational State of),Arabica,domestic_consumption_kg,1994.0,1770000.0,False
Bolivia (Plurinational State of),Arabica,domestic_consumption_kg,1995.0,1830000.0,False
Bolivia (Plurinational State of),Arabica,domestic_consumption_kg,1996.0,1890000.0,False
Bolivia (Plurinational State of),Arabica,domestic_consumption_kg,1997.0,1950000.0,False
Bolivia (Plurinational State of),Arabica,domestic_consumption_kg,1998.0,1980000.0,False
Bolivia (Plurinational State of),Arabica,domestic_consumption_kg,1999.0,2040000.0,False
Bolivia (Plurinational State of),Arabica,domestic_consumption_kg,2000.0,2100000.0,False
Bolivia (Plurinational State of),Arabica,domestic_consumption_kg,2001.0,2190000.0,False
Bolivia (Plurinational State of),Arabica,domestic_consumption_kg,2002.0,2250000.0,False
Bolivia (Plurinational State of),Arabica,domestic_consumption_kg,2003.0,2310000.0,False
Bolivia (Plurinational State of),Arabica,domestic_consumption_kg,2004.0,2700000.0,False
Bolivia (Plurinational State of),Arabica,domestic_consumption_kg,2005.0,2460000.0,False
Bolivia (Plurinational State of),Arabica,domestic_consumption_kg,2006.0,2520000.0,False
Bolivia (Plurinational State of),Arabica,domestic_consumption_kg,2007.0,2610000.0,False
Bolivia (Plurinational State of),Arabica,domestic_consumption_kg,2008.0,2700000.0,False
Bolivia (Plurinational State of),Arabica,domestic_consumption_kg,2009.0,2760000.0,False
Bolivia (Plurinational State of),Arabica,domestic_consumption_kg,2010.0,2850000.0,False
Bolivia (Plurinational State of),Arabica,domestic_consumption_kg,2011.0,2940000.0,False
Bolivia (Plurinational State of),Arabica,domestic_consumption_kg,2012.0,3030000.0,False
Bolivia (Plurinational State of),Arabica,domestic_consumption_kg,2013.0,3120000.0,False
Bolivia (Plurinational State of),Arabica,domestic_consumption_kg,2014.0,3210000.0,False
Bolivia (Plurinational State of),Arabica,domestic_consumption_kg,2015.0,3300000.0,False
Bolivia (Plurinational State of),Arabica,domestic_consumption_kg,2016.0,3420000.0,False
Bolivia (Plurinational State of),Arabica,domestic_consumption_kg,2017.0,3510000.0,False
Bolivia (Plurinational State of),Arabica,domestic_consumption_kg,2018.0,3600000.0,False
Bolivia (Plurinational State of),Arabica,domestic_consumption_kg,2019.0,3660000.0,False
Brazil,Arabica/Robusta,domestic_consumption_kg,1990.0,492000000.0,False
Brazil,Arabica/Robusta,domestic_consumption_kg,1991.0,510000000.0,False
Brazil,Arabica/Robusta,domestic_consumption_kg,1992.0,534000000.0,False
Brazil,Arabica/Robusta,domestic_consumption_kg,1993.0,546000000.0,False
Brazil,Arabica/Robusta,domestic_consumption_kg,1994.0,558000000.0,False
Brazil,Arabica/Robusta,domestic_consumption_kg,1995.0,606000000.0,False
Brazil,Arabica/Robusta,domestic_consumption_kg,1996.0,660000000.0,False
Brazil,Arabica/Robusta,domestic_consumption_kg,1997.0,690000000.0,False
Brazil,Arabica/Robusta,domestic_consumption_kg,1998.0,732000000.0,False
Brazil,Arabica/Robusta,domestic_consumption_kg,1999.0,762000000.0,False
Brazil,Arabica/Robusta,domestic_consumption_kg,2000.0,792000000.0,False
Brazil,Arabica/Robusta,domestic_consumption_kg,2001.0,815400000.0,False
Brazil,Arabica/Robusta,domestic_consumption_kg,2002.0,825000000.0,False
Brazil,Arabica/Robusta,domestic_consumption_kg,2003.0,852000000.0,False
Brazil,Arabica/Robusta,domestic_consumption_kg,2004.0,896760000.0,False
Brazil,Arabica/Robusta,domestic_consumption_kg,2005.0,932280000.0,False
Brazil,Arabica/Robusta,domestic_consumption_kg,2006.0,979860000.0,False
Brazil,Arabica/Robusta,domestic_consumption_kg,2007.0,1026600000.0,False
Brazil,Arabica/Robusta,domestic_consumption_kg,2008.0,1059600000.0,False
Brazil,Arabica/Robusta,domestic_consumption_kg,2009.0,1103400000.0,False
Brazil,Arabica/Robusta,domestic_consumption_kg,2010.0,1147920000.0,False
Brazil,Arabica/Robusta,domestic_consumption_kg,2011.0,1183200000.0,False
Brazil,Arabica/Robusta,domestic_consumption_kg,2012.0,1219800000.0,False
Brazil,Arabica/Robusta,domestic_consumption_kg,2013.0,1205100000.0,False
Brazil,Arabica/Robusta,domestic_consumption_kg,2014.0,1219980000.0,False
Brazil,Arabica/Robusta,domestic_consumption_kg,2015.0,1230480000.0,False
Brazil,Arabica/Robusta,domestic_consumption_kg,2016.0,1273500000.0,False
Brazil,Arabica/Robusta,domestic_consumption_kg,2017.0,1319820000.0,False
Brazil,Arabica/Robusta,domestic_consumption_kg,2018.0,1332000000.0,False
Brazil,Arabica/Robusta,domestic_consumption_kg,2019.0,1320000000.0,False
Burundi,Arabica/Robusta,domestic_consumption_kg,1990.0,120000.0,False
Burundi,Arabica/Robusta,domestic_consumption_kg,1991.0,96000.0,False
Burundi,Arabica/Robusta,domestic_consumption_kg,1992.0,102000.0,False
Burundi,Arabica/Robusta,domestic_consumption_kg,1993.0,114600.0,False
Burundi,Arabica/Robusta,domestic_consumption_kg,1994.0,120000.0,False
Burundi,Arabica/Robusta,domestic_consumption_kg,1995.0,120000.0,False
Burundi,Arabica/Robusta,domestic_consumption_kg,1996.0,120000.0,False
Burundi,Arabica/Robusta,domestic_consumption_kg,1997.0,120000.0,False
Burundi,Arabica/Robusta,domestic_consumption_kg,1998.0,120000.0,False
Burundi,Arabica/Robusta,domestic_consumption_kg,1999.0,120000.0,False
Burundi,Arabica/Robusta,domestic_consumption_kg,2000.0,120000.0,False
Burundi,Arabica/Robusta,domestic_consumption_kg,2001.0,120000.0,False
Burundi,Arabica/Robusta,domestic_consumption_kg,2002.0,120000.0,False
Burundi,Arabica/Robusta,domestic_consumption_kg,2003.0,120000.0,False
Burundi,Arabica/Robusta,domestic_consumption_kg,2004.0,120000.0,False
Burundi,Arabica/Robusta,domestic_consumption_kg,2005.0,114360.0,False
Burundi,Arabica/Robusta,domestic_consumption_kg,2006.0,93600.0,False
Burundi,Arabica/Robusta,domestic_consumption_kg,2007.0,81420.0,False
Burundi,Arabica/Robusta,domestic_consumption_kg,2008.0,86100.0,False
Burundi,Arabica/Robusta,domestic_consumption_kg,2009.0,83940.0,False
Burundi,Arabica/Robusta,domestic_consumption_kg,2010.0,120000.0,False
Burundi,Arabica/Robusta,domestic_consumption_kg,2011.0,120000.0,False
Burundi,Arabica/Robusta,domestic_consumption_kg,2012.0,120000.0,False
Burundi,Arabica/Robusta,domestic_consumption_kg,2013.0,120000.0,False
Burundi,Arabica/Robusta,domestic_consumption_kg,2014.0,120000.0,False
Burundi,Arabica/Robusta,domestic_consumption_kg,2015.0,120000.0,False
Burundi,Arabica/Robusta,domestic_consumption_kg,2016.0,120000.0,False
Burundi,Arabica/Robusta,domestic_consumption_kg,2017.0,120000.0,False
Burundi,Arabica/Robusta,domestic_consumption_kg,2018.0,120000.0,False
Burundi,Arabica/Robusta,domestic_consumption_kg,2019.0,120000.0,False
Cameroon,Robusta/Arabica,domestic_consumption_kg,1990.0,4998000.0,False
Cameroon,Robusta/Arabica,domestic_consumption_kg,1991.0,4999980.0,False
Cameroon,Robusta/Arabica,domestic_consumption_kg,1992.0,4999980.0,False
Cameroon,Robusta/Arabica,domestic_consumption_kg,1993.0,6000000.0,False
Cameroon,Robusta/Arabica,domestic_consumption_kg,1994.0,6000000.0,False
Cameroon,Robusta/Arabica,domestic_consumption_kg,1995.0,6000000.0,False
Cameroon,Robusta/Arabica,domestic_consumption_kg,1996.0,6000000.0,False
Cameroon,Robusta/Arabica,domestic_consumption_kg,1997.0,6000000.0,False
Cameroon,Robusta/Arabica,domestic_consumption_kg,1998.0,6000000.0,False
Cameroon,Robusta/Arabica,domestic_consumption_kg,1999.0,6000000.0,False
Cameroon,Robusta/Arabica,domestic_consumption_kg,2000.0,4500000.0,False
Cameroon,Robusta/Arabica,domestic_consumption_kg,2001.0,4140000.0,False
Cameroon,Robusta/Arabica,domestic_consumption_kg,2002.0,4140000.0,False
Cameroon,Robusta/Arabica,domestic_consumption_kg,2003.0,4140000.0,False
Cameroon,Robusta/Arabica,domestic_consumption_kg,2004.0,4140000.0,False
Cameroon,Robusta/Arabica,domestic_consumption_kg,2005.0,4140000.0,False
Cameroon,Robusta/Arabica,domestic_consumption_kg,2006.0,4140000.0,False
Cameroon,Robusta/Arabica,domestic_consumption_kg,2007.0,4140000.0,False
Cameroon,Robusta/Arabica,domestic_consumption_kg,2008.0,4140000.0,False
Cameroon,Robusta/Arabica,domestic_consumption_kg,2009.0,4140000.0,False
Cameroon,Robusta/Arabica,domestic_consumption_kg,2010.0,4099980.0,False
Cameroon,Robusta/Arabica,domestic_consumption_kg,2011.0,4201020.0,False
Cameroon,Robusta/Arabica,domestic_consumption_kg,2012.0,4303980.0,False
Cameroon,Robusta/Arabica,domestic_consumption_kg,2013.0,4408980.0,False
Cameroon,Robusta/Arabica,domestic_consumption_kg,2014.0,4519020.0,False
Cameroon,Robusta/Arabica,domestic_consumption_kg,2015.0,4560000.0,False
Cameroon,Robusta/Arabica,domestic_consumption_kg,2016.0,4620000.0,False
Cameroon,Robusta/Arabica,domestic_consumption_kg,2017.0,4680000.0,False
Cameroon,Robusta/Arabica,domestic_consumption_kg,2018.0,4680000.0,False
Cameroon,Robusta/Arabica,domestic_consumption_kg,2019.0,4620000.0,False
Central African Republic,Robusta,domestic_consumption_kg,1990.0,1680000.0,False
Central African Republic,Robusta,domestic_consumption_kg,1991.0,1680000.0,False
Central African Republic,Robusta,domestic_consumption_kg,1992.0,1680000.0,False
Central African Republic,Robusta,domestic_consumption_kg,1993.0,1500000.0,False
Central African Republic,Robusta,domestic_consumption_kg,1994.0,900000.0,False
Central African Republic,Robusta,domestic_consumption_kg,1995.0,600000.0,False
Central African Republic,Robusta,domestic_consumption_kg,1996.0,600000.0,False
Central African Republic,Robusta,domestic_consumption_kg,1997.0,600000.0,False
Central African Republic,Robusta,domestic_consumption_kg,1998.0,1140000.0,False
Central African Republic,Robusta,domestic_consumption_kg,1999.0,1260000.0,False
Central African Republic,Robusta,domestic_consumption_kg,2000.0,180000.0,False
Central African Republic,Robusta,domestic_consumption_kg,2001.0,180000.0,False
Central African Republic,Robusta,domestic_consumption_kg,2002.0,227220.0,False
Central African Republic,Robusta,domestic_consumption_kg,2003.0,227220.0,False
Central African Republic,Robusta,domestic_consumption_kg,2004.0,180000.0,False
Central African Republic,Robusta,domestic_consumption_kg,2005.0,180000.0,False
Central African Republic,Robusta,domestic_consumption_kg,2006.0,180000.0,False
Central African Republic,Robusta,domestic_consumption_kg,2007.0,199980.0,False
Central African Republic,Robusta,domestic_consumption_kg,2008.0,300000.0,False
Central African Republic,Robusta,domestic_consumption_kg,2009.0,499980.0,False
Central African Republic,Robusta,domestic_consumption_kg,2010.0,600000.0,False
Central African Republic,Robusta,domestic_consumption_kg,2011.0,799980.0,False
Central African Republic,Robusta,domestic_consumption_kg,2012.0,1000020.0,False
Central African Republic,Robusta,domestic_consumption_kg,2013.0,1200000.0,False
Central African Republic,Robusta,domestic_consumption_kg,2014.0,1200000.0,False
Central African Republic,Robusta,domestic_consumption_kg,2015.0,1200000.0,False
Central African Republic,Robusta,domestic_consumption_kg,2016.0,1200000.0,False
Central African Republic,Robusta,domestic_consumption_kg,2017.0,1200000.0,False
Central African Republic,Robusta,domestic_consumption_kg,2018.0,1200000.0,False
Central African Republic,Robusta,domestic_consumption_kg,2019.0,1200000.0,False
Colombia,Arabica,domestic_consumption_kg,1990.0,74100000.0,False
Colombia,Arabica,domestic_consumption_kg,1991.0,76140000.0,False
Colombia,Arabica,domestic_consumption_kg,1992.0,78180000.0,False
Colombia,Arabica,domestic_consumption_kg,1993.0,80340000.0,False
Colombia,Arabica,domestic_consumption_kg,1994.0,82500000.0,False
Colombia,Arabica,domestic_consumption_kg,1995.0,81540000.0,False
Colombia,Arabica,domestic_consumption_kg,1996.0,80580000.0,False
Colombia,Arabica,domestic_consumption_kg,1997.0,79680000.0,False
Colombia,Arabica,domestic_consumption_kg,1998.0,78720000.0,False
Colombia,Arabica,domestic_consumption_kg,1999.0,77820000.0,False
Colombia,Arabica,domestic_consumption_kg,2000.0,76920000.0,False
Colombia,Arabica,domestic_consumption_kg,2001.0,76020000.0,False
Colombia,Arabica,domestic_consumption_kg,2002.0,75120000.0,False
Colombia,Arabica,domestic_consumption_kg,2003.0,74220000.0,False
Colombia,Arabica,domestic_consumption_kg,2004.0,73380000.0,False
Colombia,Arabica,domestic_consumption_kg,2005.0,72540000.0,False
Colombia,Arabica,domestic_consumption_kg,2006.0,71677980.0,False
Colombia,Arabica,domestic_consumption_kg,2007.0,76855380.0,False
Colombia,Arabica,domestic_consumption_kg,2008.0,77430000.0,False
Colombia,Arabica,domestic_consumption_kg,2009.0,76468740.0,False
Colombia,Arabica,domestic_consumption_kg,2010.0,78661440.0,False
Colombia,Arabica,domestic_consumption_kg,2011.0,86103900.0,False
Colombia,Arabica,domestic_consumption_kg,2012.0,90854520.0,False
Colombia,Arabica,domestic_consumption_kg,2013.0,97021200.0,False
Colombia,Arabica,domestic_consumption_kg,2014.0,99927060.0,False
Colombia,Arabica,domestic_consumption_kg,2015.0,103222380.0,False
Colombia,Arabica,domestic_consumption_kg,2016.0,104186484.0,False
Colombia,Arabica,domestic_consumption_kg,2017.0,107596260.0,False
Colombia,Arabica,domestic_consumption_kg,2018.0,107484600.0,False
Colombia,Arabica,domestic_consumption_kg,2019.0,121486440.0,False
Congo,Robusta,domestic_consumption_kg,1990.0,180000.0,False
Congo,Robusta,domestic_consumption_kg,1991.0,160020.0,False
Congo,Robusta,domestic_consumption_kg,1992.0,160020.0,False
Congo,Robusta,domestic_consumption_kg,1993.0,180000.0,False
Congo,Robusta,domestic_consumption_kg,1994.0,180000.0,False
Congo,Robusta,domestic_consumption_kg,1995.0,180000.0,False
Congo,Robusta,domestic_consumption_kg,1996.0,180000.0,False
Congo,Robusta,domestic_consumption_kg,1997.0,180000.0,False
Congo,Robusta,domestic_consumption_kg,1998.0,180000.0,False
Congo,Robusta,domestic_consumption_kg,1999.0,180000.0,False
Congo,Robusta,domestic_consumption_kg,2000.0,180000.0,False
Congo,Robusta,domestic_consumption_kg,2001.0,180000.0,False
Congo,Robusta,domestic_consumption_kg,2002.0,180000.0,False
Congo,Robusta,domestic_consumption_kg,2003.0,180000.0,False
Congo,Robusta,domestic_consumption_kg,2004.0,180000.0,False
Congo,Robusta,domestic_consumption_kg,2005.0,180000.0,False
Congo,Robusta,domestic_consumption_kg,2006.0,180000.0,False
Congo,Robusta,domestic_consumption_kg,2007.0,180000.0,False
Congo,Robusta,domestic_consumption_kg,2008.0,180000.0,False
Congo,Robusta,domestic_consumption_kg,2009.0,180000.0,False
Congo,Robusta,domestic_consumption_kg,2010.0,180000.0,False
Congo,Robusta,domestic_consumption_kg,2011.0,180000.0,False
Congo,Robusta,domestic_consumption_kg,2012.0,180000.0,False
Congo,Robusta,domestic_consumption_kg,2013.0,180000.0,False
Congo,Robusta,domestic_consumption_kg,2014.0,180000.0,False
Congo,Robusta,domestic_consumption_kg,2015.0,180000.0,False
Congo,Robusta,domestic_consumption_kg,2016.0,180000.0,False
Congo,Robusta,domestic_consumption_kg,2017.0,180000.0,False
Congo,Robusta,domestic_consumption_kg,2018.0,180000.0,False
Congo,Robusta,domestic_consumption_kg,2019.0,180000.0,False
Costa Rica,Arabica,domestic_consumption_kg,1990.0,22500000.0,False
Costa Rica,Arabica,domestic_consumption_kg,1991.0,22500000.0,False
Costa Rica,Arabica,domestic_consumption_kg,1992.0,22500000.0,False
Costa Rica,Arabica,domestic_consumption_kg,1993.0,22500000.0,False
Costa Rica,Arabica,domestic_consumption_kg,1994.0,22500000.0,False
Costa Rica,Arabica,domestic_consumption_kg,1995.0,22500000.0,False
Costa Rica,Arabica,domestic_consumption_kg,1996.0,22500000.0,False
Costa Rica,Arabica,domestic_consumption_kg,1997.0,22500000.0,False
Costa Rica,Arabica,domestic_consumption_kg,1998.0,22500000.0,False
Costa Rica,Arabica,domestic_consumption_kg,1999.0,22500000.0,False
Costa Rica,Arabica,domestic_consumption_kg,2000.0,22500000.0,False
Costa Rica,Arabica,domestic_consumption_kg,2001.0,22500000.0,False
Costa Rica,Arabica,domestic_consumption_kg,2002.0,22500000.0,False
Costa Rica,Arabica,domestic_consumption_kg,2003.0,22500000.0,False
Costa Rica,Arabica,domestic_consumption_kg,2004.0,22500000.0,False
Costa Rica,Arabica,domestic_consumption_kg,2005.0,22500000.0,False
Costa Rica,Arabica,domestic_consumption_kg,2006.0,22500000.0,False
Costa Rica,Arabica,domestic_consumption_kg,2007.0,22500000.0,False
Costa Rica,Arabica,domestic_consumption_kg,2008.0,16071540.0,False
Costa Rica,Arabica,domestic_consumption_kg,2009.0,17726460.0,False
Costa Rica,Arabica,domestic_consumption_kg,2010.0,24433260.0,False
Costa Rica,Arabica,domestic_consumption_kg,2011.0,22853280.0,False
Costa Rica,Arabica,domestic_consumption_kg,2012.0,25385820.0,False
Costa Rica,Arabica,domestic_consumption_kg,2013.0,20103600.0,False
Costa Rica,Arabica,domestic_consumption_kg,2014.0,22844520.0,False
Costa Rica,Arabica,domestic_consumption_kg,2015.0,26929260.0,False
Costa Rica,Arabica,domestic_consumption_kg,2016.0,19767420.0,False
Costa Rica,Arabica,domestic_consumption_kg,2017.0,21200040.0,False
Costa Rica,Arabica,domestic_consumption_kg,2018.0,21900000.0,False
Costa Rica,Arabica,domestic_consumption_kg,2019.0,21120000.0,False
Cuba,Arabica,domestic_consumption_kg,1990.0,12780000.0,False
Cuba,Arabica,domestic_consumption_kg,1991.0,12780000.0,False
Cuba,Arabica,domestic_consumption_kg,1992.0,11700000.0,False
Cuba,Arabica,domestic_consumption_kg,1993.0,11646000.0,False
Cuba,Arabica,domestic_consumption_kg,1994.0,11640000.0,False
Cuba,Arabica,domestic_consumption_kg,1995.0,11640000.0,False
Cuba,Arabica,domestic_consumption_kg,1996.0,11340000.0,False
Cuba,Arabica,domestic_consumption_kg,1997.0,11700000.0,False
Cuba,Arabica,domestic_consumption_kg,1998.0,12000000.0,False
Cuba,Arabica,domestic_consumption_kg,1999.0,12000000.0,False
Cuba,Arabica,domestic_consumption_kg,2000.0,12780000.0,False
Cuba,Arabica,domestic_consumption_kg,2001.0,13200000.0,False
Cuba,Arabica,domestic_consumption_kg,2002.0,13440000.0,False
Cuba,Arabica,domestic_consumption_kg,2003.0,13440000.0,False
Cuba,Arabica,domestic_consumption_kg,2004.0,13440000.0,False
Cuba,Arabica,domestic_consumption_kg,2005.0,13440000.0,False
Cuba,Arabica,domestic_consumption_kg,2006.0,13440000.0,False
Cuba,Arabica,domestic_consumption_kg,2007.0,13440000.0,False
Cuba,Arabica,domestic_consumption_kg,2008.0,13200000.0,False
Cuba,Arabica,domestic_consumption_kg,2009.0,13200000.0,False
Cuba,Arabica,domestic_consumption_kg,2010.0,13200000.0,False
Cuba,Arabica,domestic_consumption_kg,2011.0,13200000.0,False
Cuba,Arabica,domestic_consumption_kg,2012.0,13200000.0,False
Cuba,Arabica,domestic_consumption_kg,2013.0,13200000.0,False
Cuba,Arabica,domestic_consumption_kg,2014.0,13200000.0,False
Cuba,Arabica,domestic_consumption_kg,2015.0,13200000.0,False
Cuba,Arabica,domestic_consumption_kg,2016.0,13200000.0,False
Cuba,Arabica,domestic_consumption_kg,2017.0,13200000.0,False
Cuba,Arabica,domestic_consumption_kg,2018.0,13200000.0,False
Cuba,Arabica,domestic_consumption_kg,2019.0,12960000.0,False
Côte d'Ivoire,Robusta,domestic_consumption_kg,1990.0,3000000.0,False
Côte d'Ivoire,Robusta,domestic_consumption_kg,1991.0,3000000.0,False
Côte d'Ivoire,Robusta,domestic_consumption_kg,1992.0,3000000.0,False
Côte d'Ivoire,Robusta,domestic_consumption_kg,1993.0,3000000.0,False
Côte d'Ivoire,Robusta,domestic_consumption_kg,1994.0,3000000.0,False
Côte d'Ivoire,Robusta,domestic_consumption_kg,1995.0,3000000.0,False
Côte d'Ivoire,Robusta,domestic_consumption_kg,1996.0,3000000.0,False
Côte d'Ivoire,Robusta,domestic_consumption_kg,1997.0,3000000.0,False
Côte d'Ivoire,Robusta,domestic_consumption_kg,1998.0,3000000.0,False
Côte d'Ivoire,Robusta,domestic_consumption_kg,1999.0,3000000.0,False
Côte d'Ivoire,Robusta,domestic_consumption_kg,2000.0,19000020.0,False
Côte d'Ivoire,Robusta,domestic_consumption_kg,2001.0,19000020.0,False
Côte d'Ivoire,Robusta,domestic_consumption_kg,2002.0,19000020.0,False
Côte d'Ivoire,Robusta,domestic_consumption_kg,2003.0,19000020.0,False
Côte d'Ivoire,Robusta,domestic_consumption_kg,2004.0,19000020.0,False
Côte d'Ivoire,Robusta,domestic_consumption_kg,2005.0,19000020.0,False
Côte d'Ivoire,Robusta,domestic_consumption_kg,2006.0,19000020.0,False
Côte d'Ivoire,Robusta,domestic_consumption_kg,2007.0,19020000.0,False
Côte d'Ivoire,Robusta,domestic_consumption_kg,2008.0,19020000.0,False
Côte d'Ivoire,Robusta,domestic_consumption_kg,2009.0,19020000.0,False
Côte d'Ivoire,Robusta,domestic_consumption_kg,2010.0,19020000.0,False
Côte d'Ivoire,Robusta,domestic_consumption_kg,2011.0,19020000.0,False
Côte d'Ivoire,Robusta,domestic_consumption_kg,2012.0,19020000.0,False
Côte d'Ivoire,Robusta,domestic_consumption_kg,2013.0,19020000.0,False
Côte d'Ivoire,Robusta,domestic_consumption_kg,2014.0,19020000.0,False
Côte d'Ivoire,Robusta,domestic_consumption_kg,2015.0,19020000.0,False
Côte d'Ivoire,Robusta,domestic_consumption_kg,2016.0,19020000.0,False
Côte d'Ivoire,Robusta,domestic_consumption_kg,2017.0,19020000.0,False
Côte d'Ivoire,Robusta,domestic_consumption_kg,2018.0,19020000.0,False
Côte d'Ivoire,Robusta,domestic_consumption_kg,2019.0,19020000.0,False
Democratic Republic of Congo,Robusta/Arabica,domestic_consumption_kg,1990.0,12000000.0,False
Democratic Republic of Congo,Robusta/Arabica,domestic_consumption_kg,1991.0,12000000.0,False
Democratic Republic of Congo,Robusta/Arabica,domestic_consumption_kg,1992.0,12000000.0,False
Democratic Republic of Congo,Robusta/Arabica,domestic_consumption_kg,1993.0,12000000.0,False
Democratic Republic of Congo,Robusta/Arabica,domestic_consumption_kg,1994.0,12000000.0,False
Democratic Republic of Congo,Robusta/Arabica,domestic_consumption_kg,1995.0,12000000.0,False
Democratic Republic of Congo,Robusta/Arabica,domestic_consumption_kg,1996.0,12000000.0,False
Democratic Republic of Congo,Robusta/Arabica,domestic_consumption_kg,1997.0,12000000.0,False
Democratic Republic of Congo,Robusta/Arabica,domestic_consumption_kg,1998.0,12000000.0,False
Democratic Republic of Congo,Robusta/Arabica,domestic_consumption_kg,1999.0,12000000.0,False
Democratic Republic of Congo,Robusta/Arabica,domestic_consumption_kg,2000.0,12000000.0,False
Democratic Republic of Congo,Robusta/Arabica,domestic_consumption_kg,2001.0,12000000.0,False
Democratic Republic of Congo,Robusta/Arabica,domestic_consumption_kg,2002.0,12000000.0,False
Democratic Republic of Congo,Robusta/Arabica,domestic_consumption_kg,2003.0,12000000.0,False
Democratic Republic of Congo,Robusta/Arabica,domestic_consumption_kg,2004.0,12000000.0,False
Democratic Republic of Congo,Robusta/Arabica,domestic_consumption_kg,2005.0,12000000.0,False
Democratic Republic of Congo,Robusta/Arabica,domestic_consumption_kg,2006.0,12000000.0,False
Democratic Republic of Congo,Robusta/Arabica,domestic_consumption_kg,2007.0,12000000.0,False
Democratic Republic of Congo,Robusta/Arabica,domestic_consumption_kg,2008.0,12000000.0,False
Democratic Republic of Congo,Robusta/Arabica,domestic_consumption_kg,2009.0,12000000.0,False
Democratic Republic of Congo,Robusta/Arabica,domestic_consumption_kg,2010.0,12000000.0,False
Democratic Republic of Congo,Robusta/Arabica,domestic_consumption_kg,2011.0,12000000.0,False
Democratic Republic of Congo,Robusta/Arabica,domestic_consumption_kg,2012.0,12000000.0,False
Democratic Republic of Congo,Robusta/Arabica,domestic_consumption_kg,2013.0,12000000.0,False
Democratic Republic of Congo,Robusta/Arabica,domestic_consumption_kg,2014.0,12000000.0,False
Democratic Republic of Congo,Robusta/Arabica,domestic_consumption_kg,2015.0,12000000.0,False
Democratic Republic of Congo,Robusta/Arabica,domestic_consumption_kg,2016.0,12000000.0,False
Democratic Republic of Congo,Robusta/Arabica,domestic_consumption_kg,2017.0,12000000.0,False
Democratic Republic of Congo,Robusta/Arabica,domestic_consumption_kg,2018.0,12000000.0,False
Democratic Republic of Congo,Robusta/Arabica,domestic_consumption_kg,2019.0,11880000.0,False
Dominican Republic,Arabica/Robusta,domestic_consumption_kg,1990.0,19200000.0,False
Dominican Republic,Arabica/Robusta,domestic_consumption_kg,1991.0,19200000.0,False
Dominican Republic,Arabica/Robusta,domestic_consumption_kg,1992.0,19200000.0,False
Dominican Republic,Arabica/Robusta,domestic_consumption_kg,1993.0,19200000.0,False
Dominican Republic,Arabica/Robusta,domestic_consumption_kg,1994.0,19800000.0,False
Dominican Republic,Arabica/Robusta,domestic_consumption_kg,1995.0,21000000.0,False
Dominican Republic,Arabica/Robusta,domestic_consumption_kg,1996.0,19500000.0,False
Dominican Republic,Arabica/Robusta,domestic_consumption_kg,1997.0,19500000.0,False
Dominican Republic,Arabica/Robusta,domestic_consumption_kg,1998.0,19500000.0,False
Dominican Republic,Arabica/Robusta,domestic_consumption_kg,1999.0,19500000.0,False
Dominican Republic,Arabica/Robusta,domestic_consumption_kg,2000.0,19500000.0,False
Dominican Republic,Arabica/Robusta,domestic_consumption_kg,2001.0,20411880.0,False
Dominican Republic,Arabica/Robusta,domestic_consumption_kg,2002.0,20411880.0,False
Dominican Republic,Arabica/Robusta,domestic_consumption_kg,2003.0,20400000.0,False
Dominican Republic,Arabica/Robusta,domestic_consumption_kg,2004.0,22679880.0,False
Dominican Republic,Arabica/Robusta,domestic_consumption_kg,2005.0,22679880.0,False
Dominican Republic,Arabica/Robusta,domestic_consumption_kg,2006.0,22679880.0,False
Dominican Republic,Arabica/Robusta,domestic_consumption_kg,2007.0,22680000.0,False
Dominican Republic,Arabica/Robusta,domestic_consumption_kg,2008.0,22680000.0,False
Dominican Republic,Arabica/Robusta,domestic_consumption_kg,2009.0,22680000.0,False
Dominican Republic,Arabica/Robusta,domestic_consumption_kg,2010.0,22680000.0,False
Dominican Republic,Arabica/Robusta,domestic_consumption_kg,2011.0,22680000.0,False
Dominican Republic,Arabica/Robusta,domestic_consumption_kg,2012.0,22680000.0,False
Dominican Republic,Arabica/Robusta,domestic_consumption_kg,2013.0,22999980.0,False
Dominican Republic,Arabica/Robusta,domestic_consumption_kg,2014.0,23280000.0,False
Dominican Republic,Arabica/Robusta,domestic_consumption_kg,2015.0,23280000.0,False
Dominican Republic,Arabica/Robusta,domestic_consumption_kg,2016.0,23400000.0,False
Dominican Republic,Arabica/Robusta,domestic_consumption_kg,2017.0,23400000.0,False
Dominican Republic,Arabica/Robusta,domestic_consumption_kg,2018.0,23400000.0,False
Dominican Republic,Arabica/Robusta,domestic_consumption_kg,2019.0,22620000.0,False
Ecuador,Arabica/Robusta,domestic_consumption_kg,1990.0,21000000.0,False
Ecuador,Arabica/Robusta,domestic_consumption_kg,1991.0,21000000.0,False
Ecuador,Arabica/Robusta,domestic_consumption_kg,1992.0,21000000.0,False
Ecuador,Arabica/Robusta,domestic_consumption_kg,1993.0,21000000.0,False
Ecuador,Arabica/Robusta,domestic_consumption_kg,1994.0,21000000.0,False
Ecuador,Arabica/Robusta,domestic_consumption_kg,1995.0,21000000.0,False
Ecuador,Arabica/Robusta,domestic_consumption_kg,1996.0,18000000.0,False
Ecuador,Arabica/Robusta,domestic_consumption_kg,1997.0,18000000.0,False
Ecuador,Arabica/Robusta,domestic_consumption_kg,1998.0,18000000.0,False
Ecuador,Arabica/Robusta,domestic_consumption_kg,1999.0,13800000.0,False
Ecuador,Arabica/Robusta,domestic_consumption_kg,2000.0,12000000.0,False
Ecuador,Arabica/Robusta,domestic_consumption_kg,2001.0,12000000.0,False
Ecuador,Arabica/Robusta,domestic_consumption_kg,2002.0,9000000.0,False
Ecuador,Arabica/Robusta,domestic_consumption_kg,2003.0,9000000.0,False
Ecuador,Arabica/Robusta,domestic_consumption_kg,2004.0,9000000.0,False
Ecuador,Arabica/Robusta,domestic_consumption_kg,2005.0,9000000.0,False
Ecuador,Arabica/Robusta,domestic_consumption_kg,2006.0,9000000.0,False
Ecuador,Arabica/Robusta,domestic_consumption_kg,2007.0,9000000.0,False
Ecuador,Arabica/Robusta,domestic_consumption_kg,2008.0,9000000.0,False
Ecuador,Arabica/Robusta,domestic_consumption_kg,2009.0,9000000.0,False
Ecuador,Arabica/Robusta,domestic_consumption_kg,2010.0,9000000.0,False
Ecuador,Arabica/Robusta,domestic_consumption_kg,2011.0,9000000.0,False
Ecuador,Arabica/Robusta,domestic_consumption_kg,2012.0,9000000.0,False
Ecuador,Arabica/Robusta,domestic_consumption_kg,2013.0,9300000.0,False
Ecuador,Arabica/Robusta,domestic_consumption_kg,2014.0,9300000.0,False
Ecuador,Arabica/Robusta,domestic_consumption_kg,2015.0,9300000.0,False
Ecuador,Arabica/Robusta,domestic_consumption_kg,2016.0,9300000.0,False
Ecuador,Arabica/Robusta,domestic_consumption_kg,2017.0,9300000.0,False
Ecuador,Arabica/Robusta,domestic_consumption_kg,2018.0,9300000.0,False
Ecuador,Arabica/Robusta,domestic_consumption_kg,2019.0,8940000.0,False
El Salvador,Arabica,domestic_consumption_kg,1990.0,10800000.0,False
El Salvador,Arabica,domestic_consumption_kg,1991.0,10800000.0,False
El Salvador,Arabica,domestic_consumption_kg,1992.0,13800000.0,False
El Salvador,Arabica,domestic_consumption_kg,1993.0,13800000.0,False
El Salvador,Arabica,domestic_consumption_kg,1994.0,13800000.0,False
El Salvador,Arabica,domestic_consumption_kg,1995.0,16200000.0,False
El Salvador,Arabica,domestic_consumption_kg,1996.0,13800000.0,False
El Salvador,Arabica,domestic_consumption_kg,1997.0,11500020.0,False
El Salvador,Arabica,domestic_consumption_kg,1998.0,11500020.0,False
El Salvador,Arabica,domestic_consumption_kg,1999.0,9198000.0,False
El Salvador,Arabica,domestic_consumption_kg,2000.0,8640000.0,False
El Salvador,Arabica,domestic_consumption_kg,2001.0,9198000.0,False
El Salvador,Arabica,domestic_consumption_kg,2002.0,9198000.0,False
El Salvador,Arabica,domestic_consumption_kg,2003.0,9198000.0,False
El Salvador,Arabica,domestic_consumption_kg,2004.0,10350000.0,False
El Salvador,Arabica,domestic_consumption_kg,2005.0,13446000.0,False
El Salvador,Arabica,domestic_consumption_kg,2006.0,15228000.0,False
El Salvador,Arabica,domestic_consumption_kg,2007.0,15030000.0,False
El Salvador,Arabica,domestic_consumption_kg,2008.0,14658000.0,False
El Salvador,Arabica,domestic_consumption_kg,2009.0,16098000.0,False
El Salvador,Arabica,domestic_consumption_kg,2010.0,16560000.0,False
El Salvador,Arabica,domestic_consumption_kg,2011.0,16404000.0,False
El Salvador,Arabica,domestic_consumption_kg,2012.0,16596000.0,False
El Salvador,Arabica,domestic_consumption_kg,2013.0,16500000.0,False
El Salvador,Arabica,domestic_consumption_kg,2014.0,16800000.0,False
El Salvador,Arabica,domestic_consumption_kg,2015.0,17100000.0,False
El Salvador,Arabica,domestic_consumption_kg,2016.0,17520000.0,False
El Salvador,Arabica,domestic_consumption_kg,2017.0,18000000.0,False
El Salvador,Arabica,domestic_consumption_kg,2018.0,18000000.0,False
El Salvador,Arabica,domestic_consumption_kg,2019.0,17520000.0,False
Equatorial Guinea,Robusta,domestic_consumption_kg,1990.0,0.0,False
Equatorial Guinea,Robusta,domestic_consumption_kg,1991.0,0.0,False
Equatorial Guinea,Robusta,domestic_consumption_kg,1992.0,0.0,False
Equatorial Guinea,Robusta,domestic_consumption_kg,1993.0,0.0,False
Equatorial Guinea,Robusta,domestic_consumption_kg,1994.0,0.0,False
Equatorial Guinea,Robusta,domestic_consumption_kg,1995.0,0.0,False
Equatorial Guinea,Robusta,domestic_consumption_kg,1996.0,0.0,False
Equatorial Guinea,Robusta,domestic_consumption_kg,1997.0,0.0,False
Equatorial Guinea,Robusta,domestic_consumption_kg,1998.0,0.0,False
Equatorial Guinea,Robusta,domestic_consumption_kg,1999.0,0.0,False
Equatorial Guinea,Robusta,domestic_consumption_kg,2000.0,0.0,False
Equatorial Guinea,Robusta,domestic_consumption_kg,2001.0,0.0,False
Equatorial Guinea,Robusta,domestic_consumption_kg,2002.0,0.0,False
Equatorial Guinea,Robusta,domestic_consumption_kg,2003.0,0.0,False
Equatorial Guinea,Robusta,domestic_consumption_kg,2004.0,0.0,False
Equatorial Guinea,Robusta,domestic_consumption_kg,2005.0,0.0,False
Equatorial Guinea,Robusta,domestic_consumption_kg,2006.0,0.0,False
Equatorial Guinea,Robusta,domestic_consumption_kg,2007.0,0.0,False
Equatorial Guinea,Robusta,domestic_consumption_kg,2008.0,0.0,False
Equatorial Guinea,Robusta,domestic_consumption_kg,2009.0,0.0,False
Equatorial Guinea,Robusta,domestic_consumption_kg,2010.0,0.0,False
Equatorial Guinea,Robusta,domestic_consumption_kg,2011.0,0.0,False
Equatorial Guinea,Robusta,domestic_consumption_kg,2012.0,0.0,False
Equatorial Guinea,Robusta,domestic_consumption_kg,2013.0,0.0,False
Equatorial Guinea,Robusta,domestic_consumption_kg,2014.0,0.0,False
Equatorial Guinea,Robusta,domestic_consumption_kg,2015.0,0.0,False
Equatorial Guinea,Robusta,domestic_consumption_kg,2016.0,0.0,False
Equatorial Guinea,Robusta,domestic_consumption_kg,2017.0,0.0,False
Equatorial Guinea,Robusta,domestic_consumption_kg,2018.0,0.0,False
Equatorial Guinea,Robusta,domestic_consumption_kg,2019.0,0.0,False
Ethiopia,Arabica,domestic_consumption_kg,1990.0,72000000.0,False
Ethiopia,Arabica,domestic_consumption_kg,1991.0,75840000.0,False
Ethiopia,Arabica,domestic_consumption_kg,1992.0,79860000.0,False
Ethiopia,Arabica,domestic_consumption_kg,1993.0,84120000.0,False
Ethiopia,Arabica,domestic_consumption_kg,1994.0,88560000.0,False
Ethiopia,Arabica,domestic_consumption_kg,1995.0,93300000.0,False
Ethiopia,Arabica,domestic_consumption_kg,1996.0,98220000.0,False
Ethiopia,Arabica,domestic_consumption_kg,1997.0,103440000.0,False
Ethiopia,Arabica,domestic_consumption_kg,1998.0,108960000.0,False
Ethiopia,Arabica,domestic_consumption_kg,1999.0,114720000.0,False
Ethiopia,Arabica,domestic_consumption_kg,2000.0,120840000.0,False
Ethiopia,Arabica,domestic_consumption_kg,2001.0,127260000.0,False
Ethiopia,Arabica,domestic_consumption_kg,2002.0,134040000.0,False
Ethiopia,Arabica,domestic_consumption_kg,2003.0,141180000.0,False
Ethiopia,Arabica,domestic_consumption_kg,2004.0,148680000.0,False
Ethiopia,Arabica,domestic_consumption_kg,2005.0,156540000.0,False
Ethiopia,Arabica,domestic_consumption_kg,2006.0,164880000.0,False
Ethiopia,Arabica,domestic_consumption_kg,2007.0,173640000.0,False
Ethiopia,Arabica,domestic_consumption_kg,2008.0,182880000.0,False
Ethiopia,Arabica,domestic_consumption_kg,2009.0,186540000.0,False
Ethiopia,Arabica,domestic_consumption_kg,2010.0,190260000.0,False
Ethiopia,Arabica,domestic_consumption_kg,2011.0,194100000.0,False
Ethiopia,Arabica,domestic_consumption_kg,2012.0,197940000.0,False
Ethiopia,Arabica,domestic_consumption_kg,2013.0,201900000.0,False
Ethiopia,Arabica,domestic_consumption_kg,2014.0,205980000.0,False
Ethiopia,Arabica,domestic_consumption_kg,2015.0,210060000.0,False
Ethiopia,Arabica,domestic_consumption_kg,2016.0,214260000.0,False
Ethiopia,Arabica,domestic_consumption_kg,2017.0,218580000.0,False
Ethiopia,Arabica,domestic_consumption_kg,2018.0,221100000.0,False
Ethiopia,Arabica,domestic_consumption_kg,2019.0,226860000.0,False
Gabon,Robusta,domestic_consumption_kg,1990.0,102000.0,False
Gabon,Robusta,domestic_consumption_kg,1991.0,60000.0,False
Gabon,Robusta,domestic_consumption_kg,1992.0,48000.0,False
Gabon,Robusta,domestic_consumption_kg,1993.0,48000.0,False
Gabon,Robusta,domestic_consumption_kg,1994.0,60000.0,False
Gabon,Robusta,domestic_consumption_kg,1995.0,48000.0,False
Gabon,Robusta,domestic_consumption_kg,1996.0,49980.0,False
Gabon,Robusta,domestic_consumption_kg,1997.0,48000.0,False
Gabon,Robusta,domestic_consumption_kg,1998.0,48000.0,False
Gabon,Robusta,domestic_consumption_kg,1999.0,42900.0,False
Gabon,Robusta,domestic_consumption_kg,2000.0,18000.0,False
Gabon,Robusta,domestic_consumption_kg,2001.0,18000.0,False
Gabon,Robusta,domestic_consumption_kg,2002.0,18000.0,False
Gabon,Robusta,domestic_consumption_kg,2003.0,18000.0,False
Gabon,Robusta,domestic_consumption_kg,2004.0,18000.0,False
Gabon,Robusta,domestic_consumption_kg,2005.0,18000.0,False
Gabon,Robusta,domestic_consumption_kg,2006.0,18000.0,False
Gabon,Robusta,domestic_consumption_kg,2007.0,18000.0,False
Gabon,Robusta,domestic_consumption_kg,2008.0,16500.0,False
Gabon,Robusta,domestic_consumption_kg,2009.0,15000.0,False
Gabon,Robusta,domestic_consumption_kg,2010.0,56820.0,False
Gabon,Robusta,domestic_consumption_kg,2011.0,61920.0,False
Gabon,Robusta,domestic_consumption_kg,2012.0,58020.0,False
Gabon,Robusta,domestic_consumption_kg,2013.0,34980.0,False
Gabon,Robusta,domestic_consumption_kg,2014.0,31020.0,False
Gabon,Robusta,domestic_consumption_kg,2015.0,30000.0,False
Gabon,Robusta,domestic_consumption_kg,2016.0,30000.0,False
Gabon,Robusta,domestic_consumption_kg,2017.0,30000.0,False
Gabon,Robusta,domestic_consumption_kg,2018.0,30000.0,False
Gabon,Robusta,domestic_consumption_kg,2019.0,30000.0,False
Ghana,Robusta,domestic_consumption_kg,1990.0,1020000.0,False
Ghana,Robusta,domestic_consumption_kg,1991.0,1020000.0,False
Ghana,Robusta,domestic_consumption_kg,1992.0,1020000.0,False
Ghana,Robusta,domestic_consumption_kg,1993.0,1020000.0,False
Ghana,Robusta,domestic_consumption_kg,1994.0,1680000.0,False
Ghana,Robusta,domestic_consumption_kg,1995.0,1680000.0,False
Ghana,Robusta,domestic_consumption_kg,1996.0,180000.0,False
Ghana,Robusta,domestic_consumption_kg,1997.0,180000.0,False
Ghana,Robusta,domestic_consumption_kg,1998.0,60000.0,False
Ghana,Robusta,domestic_consumption_kg,1999.0,60000.0,False
Ghana,Robusta,domestic_consumption_kg,2000.0,60000.0,False
Ghana,Robusta,domestic_consumption_kg,2001.0,60000.0,False
Ghana,Robusta,domestic_consumption_kg,2002.0,60000.0,False
Ghana,Robusta,domestic_consumption_kg,2003.0,60000.0,False
Ghana,Robusta,domestic_consumption_kg,2004.0,95400.0,False
Ghana,Robusta,domestic_consumption_kg,2005.0,95400.0,False
Ghana,Robusta,domestic_consumption_kg,2006.0,60000.0,False
Ghana,Robusta,domestic_consumption_kg,2007.0,120000.0,False
Ghana,Robusta,domestic_consumption_kg,2008.0,120000.0,False
Ghana,Robusta,domestic_consumption_kg,2009.0,120000.0,False
Ghana,Robusta,domestic_consumption_kg,2010.0,120000.0,False
Ghana,Robusta,domestic_consumption_kg,2011.0,120000.0,False
Ghana,Robusta,domestic_consumption_kg,2012.0,120000.0,False
Ghana,Robusta,domestic_consumption_kg,2013.0,120000.0,False
Ghana,Robusta,domestic_consumption_kg,2014.0,120000.0,False
Ghana,Robusta,domestic_consumption_kg,2015.0,120000.0,False
Ghana,Robusta,domestic_consumption_kg,2016.0,120000.0,False
Ghana,Robusta,domestic_consumption_kg,2017.0,120000.0,False
Ghana,Robusta,domestic_consumption_kg,2018.0,120000.0,False
Ghana,Robusta,domestic_consumption_kg,2019.0,120000.0,False
Guatemala,Arabica/Robusta,domestic_consumption_kg,1990.0,18000000.0,False
Guatemala,Arabica/Robusta,domestic_consumption_kg,1991.0,18000000.0,False
Guatemala,Arabica/Robusta,domestic_consumption_kg,1992.0,18000000.0,False
Guatemala,Arabica/Robusta,domestic_consumption_kg,1993.0,18600000.0,False
Guatemala,Arabica/Robusta,domestic_consumption_kg,1994.0,18600000.0,False
Guatemala,Arabica/Robusta,domestic_consumption_kg,1995.0,18600000.0,False
Guatemala,Arabica/Robusta,domestic_consumption_kg,1996.0,18000000.0,False
Guatemala,Arabica/Robusta,domestic_consumption_kg,1997.0,18000000.0,False
Guatemala,Arabica/Robusta,domestic_consumption_kg,1998.0,18000000.0,False
Guatemala,Arabica/Robusta,domestic_consumption_kg,1999.0,18000000.0,False
Guatemala,Arabica/Robusta,domestic_consumption_kg,2000.0,18000000.0,False
Guatemala,Arabica/Robusta,domestic_consumption_kg,2001.0,18000000.0,False
Guatemala,Arabica/Robusta,domestic_consumption_kg,2002.0,18000000.0,False
Guatemala,Arabica/Robusta,domestic_consumption_kg,2003.0,18000000.0,False
Guatemala,Arabica/Robusta,domestic_consumption_kg,2004.0,18000000.0,False
Guatemala,Arabica/Robusta,domestic_consumption_kg,2005.0,18000000.0,False
Guatemala,Arabica/Robusta,domestic_consumption_kg,2006.0,18000000.0,False
Guatemala,Arabica/Robusta,domestic_consumption_kg,2007.0,18000000.0,False
Guatemala,Arabica/Robusta,domestic_consumption_kg,2008.0,20100000.0,False
Guatemala,Arabica/Robusta,domestic_consumption_kg,2009.0,19200000.0,False
Guatemala,Arabica/Robusta,domestic_consumption_kg,2010.0,20400000.0,False
Guatemala,Arabica/Robusta,domestic_consumption_kg,2011.0,21000000.0,False
Guatemala,Arabica/Robusta,domestic_consumption_kg,2012.0,21600000.0,False
Guatemala,Arabica/Robusta,domestic_consumption_kg,2013.0,22200000.0,False
Guatemala,Arabica/Robusta,domestic_consumption_kg,2014.0,22800000.0,False
Guatemala,Arabica/Robusta,domestic_consumption_kg,2015.0,23400000.0,False
Guatemala,Arabica/Robusta,domestic_consumption_kg,2016.0,23400000.0,False
Guatemala,Arabica/Robusta,domestic_consumption_kg,2017.0,23700000.0,False
Guatemala,Arabica/Robusta,domestic_consumption_kg,2018.0,23700000.0,False
Guatemala,Arabica/Robusta,domestic_consumption_kg,2019.0,23580000.0,False
Guinea,Robusta,domestic_consumption_kg,1990.0,1500000.0,False
Guinea,Robusta,domestic_consumption_kg,1991.0,1500000.0,False
Guinea,Robusta,domestic_consumption_kg,1992.0,3750000.0,False
Guinea,Robusta,domestic_consumption_kg,1993.0,1980000.0,False
Guinea,Robusta,domestic_consumption_kg,1994.0,3000000.0,False
Guinea,Robusta,domestic_consumption_kg,1995.0,3000000.0,False
Guinea,Robusta,domestic_consumption_kg,1996.0,3000000.0,False
Guinea,Robusta,domestic_consumption_kg,1997.0,3000000.0,False
Guinea,Robusta,domestic_consumption_kg,1998.0,3000000.0,False
Guinea,Robusta,domestic_consumption_kg,1999.0,3000000.0,False
Guinea,Robusta,domestic_consumption_kg,2000.0,3000000.0,False
Guinea,Robusta,domestic_consumption_kg,2001.0,3000000.0,False
Guinea,Robusta,domestic_consumption_kg,2002.0,3000000.0,False
Guinea,Robusta,domestic_consumption_kg,2003.0,3000000.0,False
Guinea,Robusta,domestic_consumption_kg,2004.0,3000000.0,False
Guinea,Robusta,domestic_consumption_kg,2005.0,3000000.0,False
Guinea,Robusta,domestic_consumption_kg,2006.0,3000000.0,False
Guinea,Robusta,domestic_consumption_kg,2007.0,3000000.0,False
Guinea,Robusta,domestic_consumption_kg,2008.0,3000000.0,False
Guinea,Robusta,domestic_consumption_kg,2009.0,3000000.0,False
Guinea,Robusta,domestic_consumption_kg,2010.0,3000000.0,False
Guinea,Robusta,domestic_consumption_kg,2011.0,3000000.0,False
Guinea,Robusta,domestic_consumption_kg,2012.0,3000000.0,False
Guinea,Robusta,domestic_consumption_kg,2013.0,3000000.0,False
Guinea,Robusta,domestic_consumption_kg,2014.0,3000000.0,False
Guinea,Robusta,domestic_consumption_kg,2015.0,3000000.0,False
Guinea,Robusta,domestic_consumption_kg,2016.0,3000000.0,False
Guinea,Robusta,domestic_consumption_kg,2017.0,3000000.0,False
Guinea,Robusta,domestic_consumption_kg,2018.0,3000000.0,False
Guinea,Robusta,domestic_consumption_kg,2019.0,3000000.0,False
Guyana,Robusta,domestic_consumption_kg,1990.0,0.0,False
Guyana,Robusta,domestic_consumption_kg,1991.0,0.0,False
Guyana,Robusta,domestic_consumption_kg,1992.0,0.0,False
Guyana,Robusta,domestic_consumption_kg,1993.0,0.0,False
Guyana,Robusta,domestic_consumption_kg,1994.0,0.0,False
Guyana,Robusta,domestic_consumption_kg,1995.0,0.0,False
Guyana,Robusta,domestic_consumption_kg,1996.0,0.0,False
Guyana,Robusta,domestic_consumption_kg,1997.0,0.0,False
Guyana,Robusta,domestic_consumption_kg,1998.0,292020.0,False
Guyana,Robusta,domestic_consumption_kg,1999.0,261000.0,False
Guyana,Robusta,domestic_consumption_kg,2000.0,112980.0,False
Guyana,Robusta,domestic_consumption_kg,2001.0,250020.0,False
Guyana,Robusta,domestic_consumption_kg,2002.0,261000.0,False
Guyana,Robusta,domestic_consumption_kg,2003.0,285000.0,False
Guyana,Robusta,domestic_consumption_kg,2004.0,330000.0,False
Guyana,Robusta,domestic_consumption_kg,2005.0,336000.0,False
Guyana,Robusta,domestic_consumption_kg,2006.0,343020.0,False
Guyana,Robusta,domestic_consumption_kg,2007.0,420000.0,False
Guyana,Robusta,domestic_consumption_kg,2008.0,508020.0,False
Guyana,Robusta,domestic_consumption_kg,2009.0,493980.0,False
Guyana,Robusta,domestic_consumption_kg,2010.0,510000.0,False
Guyana,Robusta,domestic_consumption_kg,2011.0,516000.0,False
Guyana,Robusta,domestic_consumption_kg,2012.0,522000.0,False
Guyana,Robusta,domestic_consumption_kg,2013.0,528000.0,False
Guyana,Robusta,domestic_consumption_kg,2014.0,534000.0,False
Guyana,Robusta,domestic_consumption_kg,2015.0,540000.0,False
Guyana,Robusta,domestic_consumption_kg,2016.0,540000.0,False
Guyana,Robusta,domestic_consumption_kg,2017.0,540000.0,False
Guyana,Robusta,domestic_consumption_kg,2018.0,540000.0,False
Guyana,Robusta,domestic_consumption_kg,2019.0,540000.0,False
Haiti,Arabica,domestic_consumption_kg,1990.0,13200000.0,False
Haiti,Arabica,domestic_consumption_kg,1991.0,19800000.0,False
Haiti,Arabica,domestic_consumption_kg,1992.0,19800000.0,False
Haiti,Arabica,domestic_consumption_kg,1993.0,19800000.0,False
Haiti,Arabica,domestic_consumption_kg,1994.0,19800000.0,False
Haiti,Arabica,domestic_consumption_kg,1995.0,19800000.0,False
Haiti,Arabica,domestic_consumption_kg,1996.0,19800000.0,False
Haiti,Arabica,domestic_consumption_kg,1997.0,19800000.0,False
Haiti,Arabica,domestic_consumption_kg,1998.0,19800000.0,False
Haiti,Arabica,domestic_consumption_kg,1999.0,20400000.0,False
Haiti,Arabica,domestic_consumption_kg,2000.0,20400000.0,False
Haiti,Arabica,domestic_consumption_kg,2001.0,20400000.0,False
Haiti,Arabica,domestic_consumption_kg,2002.0,20400000.0,False
Haiti,Arabica,domestic_consumption_kg,2003.0,20400000.0,False
Haiti,Arabica,domestic_consumption_kg,2004.0,20400000.0,False
Haiti,Arabica,domestic_consumption_kg,2005.0,20400000.0,False
Haiti,Arabica,domestic_consumption_kg,2006.0,20400000.0,False
Haiti,Arabica,domestic_consumption_kg,2007.0,20400000.0,False
Haiti,Arabica,domestic_consumption_kg,2008.0,20400000.0,False
Haiti,Arabica,domestic_consumption_kg,2009.0,20400000.0,False
Haiti,Arabica,domestic_consumption_kg,2010.0,20400000.0,False
Haiti,Arabica,domestic_consumption_kg,2011.0,20400000.0,False
Haiti,Arabica,domestic_consumption_kg,2012.0,20400000.0,False
Haiti,Arabica,domestic_consumption_kg,2013.0,20400000.0,False
Haiti,Arabica,domestic_consumption_kg,2014.0,20400000.0,False
Haiti,Arabica,domestic_consumption_kg,2015.0,20400000.0,False
Haiti,Arabica,domestic_consumption_kg,2016.0,20400000.0,False
Haiti,Arabica,domestic_consumption_kg,2017.0,20400000.0,False
Haiti,Arabica,domestic_consumption_kg,2018.0,20700000.0,False
Haiti,Arabica,domestic_consumption_kg,2019.0,20700000.0,False
Honduras,Arabica,domestic_consumption_kg,1990.0,11289240.0,False
Honduras,Arabica,domestic_consumption_kg,1991.0,15426000.0,False
Honduras,Arabica,domestic_consumption_kg,1992.0,14400000.0,False
Honduras,Arabica,domestic_consumption_kg,1993.0,13800000.0,False
Honduras,Arabica,domestic_consumption_kg,1994.0,15180000.0,False
Honduras,Arabica,domestic_consumption_kg,1995.0,9660000.0,False
Honduras,Arabica,domestic_consumption_kg,1996.0,10075440.0,False
Honduras,Arabica,domestic_consumption_kg,1997.0,9660000.0,False
Honduras,Arabica,domestic_consumption_kg,1998.0,8280000.0,False
Honduras,Arabica,domestic_consumption_kg,1999.0,10080000.0,False
Honduras,Arabica,domestic_consumption_kg,2000.0,13800000.0,False
Honduras,Arabica,domestic_consumption_kg,2001.0,12000000.0,False
Honduras,Arabica,domestic_consumption_kg,2002.0,12000000.0,False
Honduras,Arabica,domestic_consumption_kg,2003.0,12000000.0,False
Honduras,Arabica,domestic_consumption_kg,2004.0,13800000.0,False
Honduras,Arabica,domestic_consumption_kg,2005.0,13800000.0,False
Honduras,Arabica,domestic_consumption_kg,2006.0,13800000.0,False
Honduras,Arabica,domestic_consumption_kg,2007.0,14700000.0,False
Honduras,Arabica,domestic_consumption_kg,2008.0,16099980.0,False
Honduras,Arabica,domestic_consumption_kg,2009.0,18400020.0,False
Honduras,Arabica,domestic_consumption_kg,2010.0,20100000.0,False
Honduras,Arabica,domestic_consumption_kg,2011.0,20400000.0,False
Honduras,Arabica,domestic_consumption_kg,2012.0,20700000.0,False
Honduras,Arabica,domestic_consumption_kg,2013.0,21000000.0,False
Honduras,Arabica,domestic_consumption_kg,2014.0,21300000.0,False
Honduras,Arabica,domestic_consumption_kg,2015.0,21900000.0,False
Honduras,Arabica,domestic_consumption_kg,2016.0,22200000.0,False
Honduras,Arabica,domestic_consumption_kg,2017.0,22500000.0,False
Honduras,Arabica,domestic_consumption_kg,2018.0,22500000.0,False
Honduras,Arabica,domestic_consumption_kg,2019.0,21000000.0,False
India,Robusta/Arabica,domestic_consumption_kg,1990.0,54180000.0,False
India,Robusta/Arabica,domestic_consumption_kg,1991.0,55000020.0,False
India,Robusta/Arabica,domestic_consumption_kg,1992.0,55020000.0,False
India,Robusta/Arabica,domestic_consumption_kg,1993.0,49999980.0,False
India,Robusta/Arabica,domestic_consumption_kg,1994.0,50100000.0,False
India,Robusta/Arabica,domestic_consumption_kg,1995.0,50220000.0,False
India,Robusta/Arabica,domestic_consumption_kg,1996.0,50280000.0,False
India,Robusta/Arabica,domestic_consumption_kg,1997.0,50340000.0,False
India,Robusta/Arabica,domestic_consumption_kg,1998.0,54000000.0,False
India,Robusta/Arabica,domestic_consumption_kg,1999.0,55500000.0,False
India,Robusta/Arabica,domestic_consumption_kg,2000.0,58500000.0,False
India,Robusta/Arabica,domestic_consumption_kg,2001.0,64020000.0,False
India,Robusta/Arabica,domestic_consumption_kg,2002.0,67980000.0,False
India,Robusta/Arabica,domestic_consumption_kg,2003.0,70020000.0,False
India,Robusta/Arabica,domestic_consumption_kg,2004.0,72120000.0,False
India,Robusta/Arabica,domestic_consumption_kg,2005.0,74280000.0,False
India,Robusta/Arabica,domestic_consumption_kg,2006.0,76500000.0,False
India,Robusta/Arabica,domestic_consumption_kg,2007.0,81000000.0,False
India,Robusta/Arabica,domestic_consumption_kg,2008.0,76500000.0,False
India,Robusta/Arabica,domestic_consumption_kg,2009.0,79500000.0,False
India,Robusta/Arabica,domestic_consumption_kg,2010.0,79500000.0,False
India,Robusta/Arabica,domestic_consumption_kg,2011.0,79500000.0,False
India,Robusta/Arabica,domestic_consumption_kg,2012.0,82500000.0,False
India,Robusta/Arabica,domestic_consumption_kg,2013.0,84000000.0,False
India,Robusta/Arabica,domestic_consumption_kg,2014.0,85800000.0,False
India,Robusta/Arabica,domestic_consumption_kg,2015.0,87000000.0,False
India,Robusta/Arabica,domestic_consumption_kg,2016.0,86400000.0,False
India,Robusta/Arabica,domestic_consumption_kg,2017.0,88200000.0,False
India,Robusta/Arabica,domestic_consumption_kg,2018.0,88500000.0,False
India,Robusta/Arabica,domestic_consumption_kg,2019.0,87000000.0,False
Indonesia,Robusta/Arabica,domestic_consumption_kg,1990.0,74520000.0,False
Indonesia,Robusta/Arabica,domestic_consumption_kg,1991.0,76800000.0,False
Indonesia,Robusta/Arabica,domestic_consumption_kg,1992.0,79140000.0,False
Indonesia,Robusta/Arabica,domestic_consumption_kg,1993.0,81540000.0,False
Indonesia,Robusta/Arabica,domestic_consumption_kg,1994.0,84000000.0,False
Indonesia,Robusta/Arabica,domestic_consumption_kg,1995.0,86580000.0,False
Indonesia,Robusta/Arabica,domestic_consumption_kg,1996.0,89160000.0,False
Indonesia,Robusta/Arabica,domestic_consumption_kg,1997.0,91920000.0,False
Indonesia,Robusta/Arabica,domestic_consumption_kg,1998.0,94680000.0,False
Indonesia,Robusta/Arabica,domestic_consumption_kg,1999.0,97560000.0,False
Indonesia,Robusta/Arabica,domestic_consumption_kg,2000.0,100560000.0,False
Indonesia,Robusta/Arabica,domestic_consumption_kg,2001.0,120000000.0,False
Indonesia,Robusta/Arabica,domestic_consumption_kg,2002.0,106740000.0,False
Indonesia,Robusta/Arabica,domestic_consumption_kg,2003.0,109980000.0,False
Indonesia,Robusta/Arabica,domestic_consumption_kg,2004.0,120000000.0,False
Indonesia,Robusta/Arabica,domestic_consumption_kg,2005.0,150000000.0,False
Indonesia,Robusta/Arabica,domestic_consumption_kg,2006.0,169980000.0,False
Indonesia,Robusta/Arabica,domestic_consumption_kg,2007.0,199980000.0,False
Indonesia,Robusta/Arabica,domestic_consumption_kg,2008.0,199980000.0,False
Indonesia,Robusta/Arabica,domestic_consumption_kg,2009.0,199980000.0,False
Indonesia,Robusta/Arabica,domestic_consumption_kg,2010.0,199980000.0,False
Indonesia,Robusta/Arabica,domestic_consumption_kg,2011.0,220020000.0,False
Indonesia,Robusta/Arabica,domestic_consumption_kg,2012.0,234000000.0,False
Indonesia,Robusta/Arabica,domestic_consumption_kg,2013.0,255000000.0,False
Indonesia,Robusta/Arabica,domestic_consumption_kg,2014.0,265020000.0,False
Indonesia,Robusta/Arabica,domestic_consumption_kg,2015.0,273000000.0,False
Indonesia,Robusta/Arabica,domestic_consumption_kg,2016.0,279000000.0,False
Indonesia,Robusta/Arabica,domestic_consumption_kg,2017.0,285000000.0,False
Indonesia,Robusta/Arabica,domestic_consumption_kg,2018.0,288000000.0,False
Indonesia,Robusta/Arabica,domestic_consumption_kg,2019.0,288360000.0,False
Jamaica,Arabica,domestic_consumption_kg,1990.0,420000.0,False
Jamaica,Arabica,domestic_consumption_kg,1991.0,660000.0,False
Jamaica,Arabica,domestic_consumption_kg,1992.0,360000.0,False
Jamaica,Arabica,domestic_consumption_kg,1993.0,576000.0,False
Jamaica,Arabica,domestic_consumption_kg,1994.0,900000.0,False
Jamaica,Arabica,domestic_consumption_kg,1995.0,900000.0,False
Jamaica,Arabica,domestic_consumption_kg,1996.0,1080000.0,False
Jamaica,Arabica,domestic_consumption_kg,1997.0,1200000.0,False
Jamaica,Arabica,domestic_consumption_kg,1998.0,888000.0,False
Jamaica,Arabica,domestic_consumption_kg,1999.0,660000.0,False
Jamaica,Arabica,domestic_consumption_kg,2000.0,724020.0,False
Jamaica,Arabica,domestic_consumption_kg,2001.0,600000.0,False
Jamaica,Arabica,domestic_consumption_kg,2002.0,540000.0,False
Jamaica,Arabica,domestic_consumption_kg,2003.0,540000.0,False
Jamaica,Arabica,domestic_consumption_kg,2004.0,540000.0,False
Jamaica,Arabica,domestic_consumption_kg,2005.0,540000.0,False
Jamaica,Arabica,domestic_consumption_kg,2006.0,540000.0,False
Jamaica,Arabica,domestic_consumption_kg,2007.0,540000.0,False
Jamaica,Arabica,domestic_consumption_kg,2008.0,540000.0,False
Jamaica,Arabica,domestic_consumption_kg,2009.0,540000.0,False
Jamaica,Arabica,domestic_consumption_kg,2010.0,540000.0,False
Jamaica,Arabica,domestic_consumption_kg,2011.0,540000.0,False
Jamaica,Arabica,domestic_consumption_kg,2012.0,540000.0,False
Jamaica,Arabica,domestic_consumption_kg,2013.0,540000.0,False
Jamaica,Arabica,domestic_consumption_kg,2014.0,540000.0,False
Jamaica,Arabica,domestic_consumption_kg,2015.0,540000.0,False
Jamaica,Arabica,domestic_consumption_kg,2016.0,540000.0,False
Jamaica,Arabica,domestic_consumption_kg,2017.0,540000.0,False
Jamaica,Arabica,domestic_consumption_kg,2018.0,540000.0,False
Jamaica,Arabica,domestic_consumption_kg,2019.0,540000.0,False
Kenya,Arabica,domestic_consumption_kg,1990.0,3000000.0,False
Kenya,Arabica,domestic_consumption_kg,1991.0,3000000.0,False
Kenya,Arabica,domestic_consumption_kg,1992.0,3000000.0,False
Kenya,Arabica,domestic_consumption_kg,1993.0,3000000.0,False
Kenya,Arabica,domestic_consumption_kg,1994.0,3000000.0,False
Kenya,Arabica,domestic_consumption_kg,1995.0,3000000.0,False
Kenya,Arabica,domestic_consumption_kg,1996.0,3000000.0,False
Kenya,Arabica,domestic_consumption_kg,1997.0,3000000.0,False
Kenya,Arabica,domestic_consumption_kg,1998.0,3000000.0,False
Kenya,Arabica,domestic_consumption_kg,1999.0,3000000.0,False
Kenya,Arabica,domestic_consumption_kg,2000.0,3000000.0,False
Kenya,Arabica,domestic_consumption_kg,2001.0,3000000.0,False
Kenya,Arabica,domestic_consumption_kg,2002.0,3000000.0,False
Kenya,Arabica,domestic_consumption_kg,2003.0,3000000.0,False
Kenya,Arabica,domestic_consumption_kg,2004.0,3000000.0,False
Kenya,Arabica,domestic_consumption_kg,2005.0,3000000.0,False
Kenya,Arabica,domestic_consumption_kg,2006.0,3000000.0,False
Kenya,Arabica,domestic_consumption_kg,2007.0,3000000.0,False
Kenya,Arabica,domestic_consumption_kg,2008.0,3000000.0,False
Kenya,Arabica,domestic_consumption_kg,2009.0,3000000.0,False
Kenya,Arabica,domestic_consumption_kg,2010.0,3000000.0,False
Kenya,Arabica,domestic_consumption_kg,2011.0,3000000.0,False
Kenya,Arabica,domestic_consumption_kg,2012.0,3000000.0,False
Kenya,Arabica,domestic_consumption_kg,2013.0,3300000.0,False
Kenya,Arabica,domestic_consumption_kg,2014.0,3300000.0,False
Kenya,Arabica,domestic_consumption_kg,2015.0,3600000.0,False
Kenya,Arabica,domestic_consumption_kg,2016.0,3600000.0,False
Kenya,Arabica,domestic_consumption_kg,2017.0,3900000.0,False
Kenya,Arabica,domestic_consumption_kg,2018.0,4200000.0,False
Kenya,Arabica,domestic_consumption_kg,2019.0,4290000.0,False
Lao People's Democratic Republic,Robusta,domestic_consumption_kg,1990.0,0.0,False
Lao People's Democratic Republic,Robusta,domestic_consumption_kg,1991.0,0.0,False
Lao People's Democratic Republic,Robusta,domestic_consumption_kg,1992.0,0.0,False
Lao People's Democratic Republic,Robusta,domestic_consumption_kg,1993.0,0.0,False
Lao People's Democratic Republic,Robusta,domestic_consumption_kg,1994.0,0.0,False
Lao People's Democratic Republic,Robusta,domestic_consumption_kg,1995.0,0.0,False
Lao People's Democratic Republic,Robusta,domestic_consumption_kg,1996.0,0.0,False
Lao People's Democratic Republic,Robusta,domestic_consumption_kg,1997.0,0.0,False
Lao People's Democratic Republic,Robusta,domestic_consumption_kg,1998.0,0.0,False
Lao People's Democratic Republic,Robusta,domestic_consumption_kg,1999.0,0.0,False
Lao People's Democratic Republic,Robusta,domestic_consumption_kg,2000.0,0.0,False
Lao People's Democratic Republic,Robusta,domestic_consumption_kg,2001.0,0.0,False
Lao People's Democratic Republic,Robusta,domestic_consumption_kg,2002.0,9480000.0,False
Lao People's Democratic Republic,Robusta,domestic_consumption_kg,2003.0,6180000.0,False
Lao People's Democratic Republic,Robusta,domestic_consumption_kg,2004.0,8100000.0,False
Lao People's Democratic Republic,Robusta,domestic_consumption_kg,2005.0,8400000.0,False
Lao People's Democratic Republic,Robusta,domestic_consumption_kg,2006.0,8400000.0,False
Lao People's Democratic Republic,Robusta,domestic_consumption_kg,2007.0,8400000.0,False
Lao People's Democratic Republic,Robusta,domestic_consumption_kg,2008.0,9000000.0,False
Lao People's Democratic Republic,Robusta,domestic_consumption_kg,2009.0,9000000.0,False
Lao People's Democratic Republic,Robusta,domestic_consumption_kg,2010.0,9000000.0,False
Lao People's Democratic Republic,Robusta,domestic_consumption_kg,2011.0,9000000.0,False
Lao People's Democratic Republic,Robusta,domestic_consumption_kg,2012.0,9000000.0,False
Lao People's Democratic Republic,Robusta,domestic_consumption_kg,2013.0,9000000.0,False
Lao People's Democratic Republic,Robusta,domestic_consumption_kg,2014.0,9000000.0,False
Lao People's Democratic Republic,Robusta,domestic_consumption_kg,2015.0,9000000.0,False
Lao People's Democratic Republic,Robusta,domestic_consumption_kg,2016.0,9000000.0,False
Lao People's Democratic Republic,Robusta,domestic_consumption_kg,2017.0,9300000.0,False
Lao People's Democratic Republic,Robusta,domestic_consumption_kg,2018.0,9300000.0,False
Lao People's Democratic Republic,Robusta,domestic_consumption_kg,2019.0,9420000.0,False
Liberia,Robusta,domestic_consumption_kg,1990.0,180000.0,False
Liberia,Robusta,domestic_consumption_kg,1991.0,180000.0,False
Liberia,Robusta,domestic_consumption_kg,1992.0,180000.0,False
Liberia,Robusta,domestic_consumption_kg,1993.0,300000.0,False
Liberia,Robusta,domestic_consumption_kg,1994.0,300000.0,False
Liberia,Robusta,domestic_consumption_kg,1995.0,300000.0,False
Liberia,Robusta,domestic_consumption_kg,1996.0,300000.0,False
Liberia,Robusta,domestic_consumption_kg,1997.0,300000.0,False
Liberia,Robusta,domestic_consumption_kg,1998.0,300000.0,False
Liberia,Robusta,domestic_consumption_kg,1999.0,300000.0,False
Liberia,Robusta,domestic_consumption_kg,2000.0,300000.0,False
Liberia,Robusta,domestic_consumption_kg,2001.0,300000.0,False
Liberia,Robusta,domestic_consumption_kg,2002.0,300000.0,False
Liberia,Robusta,domestic_consumption_kg,2003.0,300000.0,False
Liberia,Robusta,domestic_consumption_kg,2004.0,300000.0,False
Liberia,Robusta,domestic_consumption_kg,2005.0,300000.0,False
Liberia,Robusta,domestic_consumption_kg,2006.0,300000.0,False
Liberia,Robusta,domestic_consumption_kg,2007.0,300000.0,False
Liberia,Robusta,domestic_consumption_kg,2008.0,300000.0,False
Liberia,Robusta,domestic_consumption_kg,2009.0,300000.0,False
Liberia,Robusta,domestic_consumption_kg,2010.0,300000.0,False
Liberia,Robusta,domestic_consumption_kg,2011.0,300000.0,False
Liberia,Robusta,domestic_consumption_kg,2012.0,300000.0,False
Liberia,Robusta,domestic_consumption_kg,2013.0,300000.0,False
Liberia,Robusta,domestic_consumption_kg,2014.0,300000.0,False
Liberia,Robusta,domestic_consumption_kg,2015.0,300000.0,False
Liberia,Robusta,domestic_consumption_kg,2016.0,300000.0,False
Liberia,Robusta,domestic_consumption_kg,2017.0,300000.0,False
Liberia,Robusta,domestic_consumption_kg,2018.0,300000.0,False
Liberia,Robusta,domestic_consumption_kg,2019.0,300000.0,False
Madagascar,Robusta,domestic_consumption_kg,1990.0,21000000.0,False
Madagascar,Robusta,domestic_consumption_kg,1991.0,18000000.0,False
Madagascar,Robusta,domestic_consumption_kg,1992.0,21000000.0,False
Madagascar,Robusta,domestic_consumption_kg,1993.0,21600000.0,False
Madagascar,Robusta,domestic_consumption_kg,1994.0,9999960.0,False
Madagascar,Robusta,domestic_consumption_kg,1995.0,10020000.0,False
Madagascar,Robusta,domestic_consumption_kg,1996.0,10020000.0,False
Madagascar,Robusta,domestic_consumption_kg,1997.0,10020000.0,False
Madagascar,Robusta,domestic_consumption_kg,1998.0,10020000.0,False
Madagascar,Robusta,domestic_consumption_kg,1999.0,3360000.0,False
Madagascar,Robusta,domestic_consumption_kg,2000.0,5346000.0,False
Madagascar,Robusta,domestic_consumption_kg,2001.0,7680000.0,False
Madagascar,Robusta,domestic_consumption_kg,2002.0,13020000.0,False
Madagascar,Robusta,domestic_consumption_kg,2003.0,19980000.0,False
Madagascar,Robusta,domestic_consumption_kg,2004.0,28020000.0,False
Madagascar,Robusta,domestic_consumption_kg,2005.0,28020000.0,False
Madagascar,Robusta,domestic_consumption_kg,2006.0,28020000.0,False
Madagascar,Robusta,domestic_consumption_kg,2007.0,28020000.0,False
Madagascar,Robusta,domestic_consumption_kg,2008.0,28020000.0,False
Madagascar,Robusta,domestic_consumption_kg,2009.0,28020000.0,False
Madagascar,Robusta,domestic_consumption_kg,2010.0,28020000.0,False
Madagascar,Robusta,domestic_consumption_kg,2011.0,27000000.0,False
Madagascar,Robusta,domestic_consumption_kg,2012.0,25800000.0,False
Madagascar,Robusta,domestic_consumption_kg,2013.0,24600000.0,False
Madagascar,Robusta,domestic_consumption_kg,2014.0,23400000.0,False
Madagascar,Robusta,domestic_consumption_kg,2015.0,22200000.0,False
Madagascar,Robusta,domestic_consumption_kg,2016.0,21600000.0,False
Madagascar,Robusta,domestic_consumption_kg,2017.0,21900000.0,False
Madagascar,Robusta,domestic_consumption_kg,2018.0,22500000.0,False
Madagascar,Robusta,domestic_consumption_kg,2019.0,22500000.0,False
Malawi,Arabica,domestic_consumption_kg,1990.0,120000.0,False
Malawi,Arabica,domestic_consumption_kg,1991.0,120000.0,False
Malawi,Arabica,domestic_consumption_kg,1992.0,120000.0,False
Malawi,Arabica,domestic_consumption_kg,1993.0,120000.0,False
Malawi,Arabica,domestic_consumption_kg,1994.0,120000.0,False
Malawi,Arabica,domestic_consumption_kg,1995.0,120000.0,False
Malawi,Arabica,domestic_consumption_kg,1996.0,120000.0,False
Malawi,Arabica,domestic_consumption_kg,1997.0,120000.0,False
Malawi,Arabica,domestic_consumption_kg,1998.0,120000.0,False
Malawi,Arabica,domestic_consumption_kg,1999.0,60000.0,False
Malawi,Arabica,domestic_consumption_kg,2000.0,60000.0,False
Malawi,Arabica,domestic_consumption_kg,2001.0,60000.0,False
Malawi,Arabica,domestic_consumption_kg,2002.0,60000.0,False
Malawi,Arabica,domestic_consumption_kg,2003.0,60000.0,False
Malawi,Arabica,domestic_consumption_kg,2004.0,60000.0,False
Malawi,Arabica,domestic_consumption_kg,2005.0,60000.0,False
Malawi,Arabica,domestic_consumption_kg,2006.0,60000.0,False
Malawi,Arabica,domestic_consumption_kg,2007.0,60000.0,False
Malawi,Arabica,domestic_consumption_kg,2008.0,60000.0,False
Malawi,Arabica,domestic_consumption_kg,2009.0,60000.0,False
Malawi,Arabica,domestic_consumption_kg,2010.0,60000.0,False
Malawi,Arabica,domestic_consumption_kg,2011.0,60000.0,False
Malawi,Arabica,domestic_consumption_kg,2012.0,60000.0,False
Malawi,Arabica,domestic_consumption_kg,2013.0,60000.0,False
Malawi,Arabica,domestic_consumption_kg,2014.0,60000.0,False
Malawi,Arabica,domestic_consumption_kg,2015.0,60000.0,False
Malawi,Arabica,domestic_consumption_kg,2016.0,60000.0,False
Malawi,Arabica,domestic_consumption_kg,2017.0,60000.0,False
Malawi,Arabica,domestic_consumption_kg,2018.0,60000.0,False
Malawi,Arabica,domestic_consumption_kg,2019.0,60000.0,False
Mexico,Arabica/Robusta,domestic_consumption_kg,1990.0,82440000.0,False
Mexico,Arabica/Robusta,domestic_consumption_kg,1991.0,72000000.0,False
Mexico,Arabica/Robusta,domestic_consumption_kg,1992.0,78000000.0,False
Mexico,Arabica/Robusta,domestic_consumption_kg,1993.0,64200000.0,False
Mexico,Arabica/Robusta,domestic_consumption_kg,1994.0,61200000.0,False
Mexico,Arabica/Robusta,domestic_consumption_kg,1995.0,70740000.0,False
Mexico,Arabica/Robusta,domestic_consumption_kg,1996.0,74100000.0,False
Mexico,Arabica/Robusta,domestic_consumption_kg,1997.0,72060000.0,False
Mexico,Arabica/Robusta,domestic_consumption_kg,1998.0,66480000.0,False
Mexico,Arabica/Robusta,domestic_consumption_kg,1999.0,69000000.0,False
Mexico,Arabica/Robusta,domestic_consumption_kg,2000.0,78300000.0,False
Mexico,Arabica/Robusta,domestic_consumption_kg,2001.0,90000000.0,False
Mexico,Arabica/Robusta,domestic_consumption_kg,2002.0,90000000.0,False
Mexico,Arabica/Robusta,domestic_consumption_kg,2003.0,90000000.0,False
Mexico,Arabica/Robusta,domestic_consumption_kg,2004.0,90000000.0,False
Mexico,Arabica/Robusta,domestic_consumption_kg,2005.0,103500000.0,False
Mexico,Arabica/Robusta,domestic_consumption_kg,2006.0,120000000.0,False
Mexico,Arabica/Robusta,domestic_consumption_kg,2007.0,132000000.0,False
Mexico,Arabica/Robusta,domestic_consumption_kg,2008.0,132000000.0,False
Mexico,Arabica/Robusta,domestic_consumption_kg,2009.0,132000000.0,False
Mexico,Arabica/Robusta,domestic_consumption_kg,2010.0,141240000.0,False
Mexico,Arabica/Robusta,domestic_consumption_kg,2011.0,141240000.0,False
Mexico,Arabica/Robusta,domestic_consumption_kg,2012.0,141240000.0,False
Mexico,Arabica/Robusta,domestic_consumption_kg,2013.0,139260000.0,False
Mexico,Arabica/Robusta,domestic_consumption_kg,2014.0,140820000.0,False
Mexico,Arabica/Robusta,domestic_consumption_kg,2015.0,139740000.0,False
Mexico,Arabica/Robusta,domestic_consumption_kg,2016.0,141600000.0,False
Mexico,Arabica/Robusta,domestic_consumption_kg,2017.0,144000000.0,False
Mexico,Arabica/Robusta,domestic_consumption_kg,2018.0,147000000.0,False
Mexico,Arabica/Robusta,domestic_consumption_kg,2019.0,145500000.0,False
Nepal,Arabica,domestic_consumption_kg,1990.0,0.0,False
Nepal,Arabica,domestic_consumption_kg,1991.0,0.0,False
Nepal,Arabica,domestic_consumption_kg,1992.0,0.0,False
Nepal,Arabica,domestic_consumption_kg,1993.0,0.0,False
Nepal,Arabica,domestic_consumption_kg,1994.0,0.0,False
Nepal,Arabica,domestic_consumption_kg,1995.0,0.0,False
Nepal,Arabica,domestic_consumption_kg,1996.0,0.0,False
Nepal,Arabica,domestic_consumption_kg,1997.0,0.0,False
Nepal,Arabica,domestic_consumption_kg,1998.0,0.0,False
Nepal,Arabica,domestic_consumption_kg,1999.0,0.0,False
Nepal,Arabica,domestic_consumption_kg,2000.0,0.0,False
Nepal,Arabica,domestic_consumption_kg,2001.0,0.0,False
Nepal,Arabica,domestic_consumption_kg,2002.0,0.0,False
Nepal,Arabica,domestic_consumption_kg,2003.0,0.0,False
Nepal,Arabica,domestic_consumption_kg,2004.0,0.0,False
Nepal,Arabica,domestic_consumption_kg,2005.0,0.0,False
Nepal,Arabica,domestic_consumption_kg,2006.0,0.0,False
Nepal,Arabica,domestic_consumption_kg,2007.0,0.0,False
Nepal,Arabica,domestic_consumption_kg,2008.0,0.0,False
Nepal,Arabica,domestic_consumption_kg,2009.0,0.0,False
Nepal,Arabica,domestic_consumption_kg,2010.0,0.0,False
Nepal,Arabica,domestic_consumption_kg,2011.0,0.0,False
Nepal,Arabica,domestic_consumption_kg,2012.0,0.0,False
Nepal,Arabica,domestic_consumption_kg,2013.0,0.0,False
Nepal,Arabica,domestic_consumption_kg,2014.0,0.0,False
Nepal,Arabica,domestic_consumption_kg,2015.0,0.0,False
Nepal,Arabica,domestic_consumption_kg,2016.0,0.0,False
Nepal,Arabica,domestic_consumption_kg,2017.0,0.0,False
Nepal,Arabica,domestic_consumption_kg,2018.0,0.0,False
Nepal,Arabica,domestic_consumption_kg,2019.0,0.0,False
Nicaragua,Arabica,domestic_consumption_kg,1990.0,2040000.0,False
Nicaragua,Arabica,domestic_consumption_kg,1991.0,8280000.0,False
Nicaragua,Arabica,domestic_consumption_kg,1992.0,3936000.0,False
Nicaragua,Arabica,domestic_consumption_kg,1993.0,6534000.0,False
Nicaragua,Arabica,domestic_consumption_kg,1994.0,5376000.0,False
Nicaragua,Arabica,domestic_consumption_kg,1995.0,6690000.0,False
Nicaragua,Arabica,domestic_consumption_kg,1996.0,5722200.0,False
Nicaragua,Arabica,domestic_consumption_kg,1997.0,7380000.0,False
Nicaragua,Arabica,domestic_consumption_kg,1998.0,7590000.0,False
Nicaragua,Arabica,domestic_consumption_kg,1999.0,7818000.0,False
Nicaragua,Arabica,domestic_consumption_kg,2000.0,10495800.0,False
Nicaragua,Arabica,domestic_consumption_kg,2001.0,10639380.0,False
Nicaragua,Arabica,domestic_consumption_kg,2002.0,10777440.0,False
Nicaragua,Arabica,domestic_consumption_kg,2003.0,10914900.0,False
Nicaragua,Arabica,domestic_consumption_kg,2004.0,11056680.0,False
Nicaragua,Arabica,domestic_consumption_kg,2005.0,11203140.0,False
Nicaragua,Arabica,domestic_consumption_kg,2006.0,11351100.0,False
Nicaragua,Arabica,domestic_consumption_kg,2007.0,11498700.0,False
Nicaragua,Arabica,domestic_consumption_kg,2008.0,11648820.0,False
Nicaragua,Arabica,domestic_consumption_kg,2009.0,11797320.0,False
Nicaragua,Arabica,domestic_consumption_kg,2010.0,12164700.0,False
Nicaragua,Arabica,domestic_consumption_kg,2011.0,12315660.0,False
Nicaragua,Arabica,domestic_consumption_kg,2012.0,12471840.0,False
Nicaragua,Arabica,domestic_consumption_kg,2013.0,12573660.0,False
Nicaragua,Arabica,domestic_consumption_kg,2014.0,12704520.0,False
Nicaragua,Arabica,domestic_consumption_kg,2015.0,12836760.0,False
Nicaragua,Arabica,domestic_consumption_kg,2016.0,13003680.0,False
Nicaragua,Arabica,domestic_consumption_kg,2017.0,13080000.0,False
Nicaragua,Arabica,domestic_consumption_kg,2018.0,13200000.0,False
Nicaragua,Arabica,domestic_consumption_kg,2019.0,12600000.0,False
Nigeria,Robusta,domestic_consumption_kg,1990.0,1650000.0,False
Nigeria,Robusta,domestic_consumption_kg,1991.0,2145000.0,False
Nigeria,Robusta,domestic_consumption_kg,1992.0,2145000.0,False
Nigeria,Robusta,domestic_consumption_kg,1993.0,2400000.0,False
Nigeria,Robusta,domestic_consumption_kg,1994.0,2400000.0,False
Nigeria,Robusta,domestic_consumption_kg,1995.0,2400000.0,False
Nigeria,Robusta,domestic_consumption_kg,1996.0,2400000.0,False
Nigeria,Robusta,domestic_consumption_kg,1997.0,2400000.0,False
Nigeria,Robusta,domestic_consumption_kg,1998.0,2400000.0,False
Nigeria,Robusta,domestic_consumption_kg,1999.0,2400000.0,False
Nigeria,Robusta,domestic_consumption_kg,2000.0,2400000.0,False
Nigeria,Robusta,domestic_consumption_kg,2001.0,2400000.0,False
Nigeria,Robusta,domestic_consumption_kg,2002.0,2400000.0,False
Nigeria,Robusta,domestic_consumption_kg,2003.0,2400000.0,False
Nigeria,Robusta,domestic_consumption_kg,2004.0,2400000.0,False
Nigeria,Robusta,domestic_consumption_kg,2005.0,2400000.0,False
Nigeria,Robusta,domestic_consumption_kg,2006.0,2400000.0,False
Nigeria,Robusta,domestic_consumption_kg,2007.0,2400000.0,False
Nigeria,Robusta,domestic_consumption_kg,2008.0,2400000.0,False
Nigeria,Robusta,domestic_consumption_kg,2009.0,2400000.0,False
Nigeria,Robusta,domestic_consumption_kg,2010.0,2400000.0,False
Nigeria,Robusta,domestic_consumption_kg,2011.0,2400000.0,False
Nigeria,Robusta,domestic_consumption_kg,2012.0,2400000.0,False
Nigeria,Robusta,domestic_consumption_kg,2013.0,2400000.0,False
Nigeria,Robusta,domestic_consumption_kg,2014.0,2400000.0,False
Nigeria,Robusta,domestic_consumption_kg,2015.0,2400000.0,False
Nigeria,Robusta,domestic_consumption_kg,2016.0,2400000.0,False
Nigeria,Robusta,domestic_consumption_kg,2017.0,2400000.0,False
Nigeria,Robusta,domestic_consumption_kg,2018.0,2400000.0,False
Nigeria,Robusta,domestic_consumption_kg,2019.0,2400000.0,False
Panama,Arabica,domestic_consumption_kg,1990.0,3780000.0,False
Panama,Arabica,domestic_consumption_kg,1991.0,4020000.0,False
Panama,Arabica,domestic_consumption_kg,1992.0,4020000.0,False
Panama,Arabica,domestic_consumption_kg,1993.0,4020000.0,False
Panama,Arabica,domestic_consumption_kg,1994.0,4600020.0,False
Panama,Arabica,domestic_consumption_kg,1995.0,4600020.0,False
Panama,Arabica,domestic_consumption_kg,1996.0,4600020.0,False
Panama,Arabica,domestic_consumption_kg,1997.0,4836900.0,False
Panama,Arabica,domestic_consumption_kg,1998.0,4020000.0,False
Panama,Arabica,domestic_consumption_kg,1999.0,4020000.0,False
Panama,Arabica,domestic_consumption_kg,2000.0,4020000.0,False
Panama,Arabica,domestic_consumption_kg,2001.0,4020000.0,False
Panama,Arabica,domestic_consumption_kg,2002.0,4020000.0,False
Panama,Arabica,domestic_consumption_kg,2003.0,4020000.0,False
Panama,Arabica,domestic_consumption_kg,2004.0,4020000.0,False
Panama,Arabica,domestic_consumption_kg,2005.0,4020000.0,False
Panama,Arabica,domestic_consumption_kg,2006.0,4020000.0,False
Panama,Arabica,domestic_consumption_kg,2007.0,4020000.0,False
Panama,Arabica,domestic_consumption_kg,2008.0,4020000.0,False
Panama,Arabica,domestic_consumption_kg,2009.0,4020000.0,False
Panama,Arabica,domestic_consumption_kg,2010.0,4020000.0,False
Panama,Arabica,domestic_consumption_kg,2011.0,4020000.0,False
Panama,Arabica,domestic_consumption_kg,2012.0,4020000.0,False
Panama,Arabica,domestic_consumption_kg,2013.0,4020000.0,False
Panama,Arabica,domestic_consumption_kg,2014.0,4020000.0,False
Panama,Arabica,domestic_consumption_kg,2015.0,4020000.0,False
Panama,Arabica,domestic_consumption_kg,2016.0,4020000.0,False
Panama,Arabica,domestic_consumption_kg,2017.0,4020000.0,False
Panama,Arabica,domestic_consumption_kg,2018.0,4020000.0,False
Panama,Arabica,domestic_consumption_kg,2019.0,4020000.0,False
Papua New Guinea,Arabica/Robusta,domestic_consumption_kg,1990.0,180000.0,False
Papua New Guinea,Arabica/Robusta,domestic_consumption_kg,1991.0,180000.0,False
Papua New Guinea,Arabica/Robusta,domestic_consumption_kg,1992.0,180000.0,False
Papua New Guinea,Arabica/Robusta,domestic_consumption_kg,1993.0,120000.0,False
Papua New Guinea,Arabica/Robusta,domestic_consumption_kg,1994.0,120000.0,False
Papua New Guinea,Arabica/Robusta,domestic_consumption_kg,1995.0,120000.0,False
Papua New Guinea,Arabica/Robusta,domestic_consumption_kg,1996.0,120000.0,False
Papua New Guinea,Arabica/Robusta,domestic_consumption_kg,1997.0,120000.0,False
Papua New Guinea,Arabica/Robusta,domestic_consumption_kg,1998.0,60000.0,False
Papua New Guinea,Arabica/Robusta,domestic_consumption_kg,1999.0,120000.0,False
Papua New Guinea,Arabica/Robusta,domestic_consumption_kg,2000.0,120000.0,False
Papua New Guinea,Arabica/Robusta,domestic_consumption_kg,2001.0,120000.0,False
Papua New Guinea,Arabica/Robusta,domestic_consumption_kg,2002.0,120000.0,False
Papua New Guinea,Arabica/Robusta,domestic_consumption_kg,2003.0,120000.0,False
Papua New Guinea,Arabica/Robusta,domestic_consumption_kg,2004.0,120000.0,False
Papua New Guinea,Arabica/Robusta,domestic_consumption_kg,2005.0,120000.0,False
Papua New Guinea,Arabica/Robusta,domestic_consumption_kg,2006.0,120000.0,False
Papua New Guinea,Arabica/Robusta,domestic_consumption_kg,2007.0,120000.0,False
Papua New Guinea,Arabica/Robusta,domestic_consumption_kg,2008.0,120000.0,False
Papua New Guinea,Arabica/Robusta,domestic_consumption_kg,2009.0,120000.0,False
Papua New Guinea,Arabica/Robusta,domestic_consumption_kg,2010.0,85800.0,False
Papua New Guinea,Arabica/Robusta,domestic_consumption_kg,2011.0,74160.0,False
Papua New Guinea,Arabica/Robusta,domestic_consumption_kg,2012.0,102660.0,False
Papua New Guinea,Arabica/Robusta,domestic_consumption_kg,2013.0,122340.0,False
Papua New Guinea,Arabica/Robusta,domestic_consumption_kg,2014.0,115440.0,False
Papua New Guinea,Arabica/Robusta,domestic_consumption_kg,2015.0,108000.0,False
Papua New Guinea,Arabica/Robusta,domestic_consumption_kg,2016.0,120000.0,False
Papua New Guinea,Arabica/Robusta,domestic_consumption_kg,2017.0,120000.0,False
Papua New Guinea,Arabica/Robusta,domestic_consumption_kg,2018.0,120000.0,False
Papua New Guinea,Arabica/Robusta,domestic_consumption_kg,2019.0,120000.0,False
Paraguay,Arabica,domestic_consumption_kg,1990.0,900000.0,False
Paraguay,Arabica,domestic_consumption_kg,1991.0,900000.0,False
Paraguay,Arabica,domestic_consumption_kg,1992.0,900000.0,False
Paraguay,Arabica,domestic_consumption_kg,1993.0,1200000.0,False
Paraguay,Arabica,domestic_consumption_kg,1994.0,1200000.0,False
Paraguay,Arabica,domestic_consumption_kg,1995.0,1200000.0,False
Paraguay,Arabica,domestic_consumption_kg,1996.0,1200000.0,False
Paraguay,Arabica,domestic_consumption_kg,1997.0,1200000.0,False
Paraguay,Arabica,domestic_consumption_kg,1998.0,1200000.0,False
Paraguay,Arabica,domestic_consumption_kg,1999.0,1200000.0,False
Paraguay,Arabica,domestic_consumption_kg,2000.0,1200000.0,False
Paraguay,Arabica,domestic_consumption_kg,2001.0,1200000.0,False
Paraguay,Arabica,domestic_consumption_kg,2002.0,1200000.0,False
Paraguay,Arabica,domestic_consumption_kg,2003.0,1200000.0,False
Paraguay,Arabica,domestic_consumption_kg,2004.0,1200000.0,False
Paraguay,Arabica,domestic_consumption_kg,2005.0,1200000.0,False
Paraguay,Arabica,domestic_consumption_kg,2006.0,1200000.0,False
Paraguay,Arabica,domestic_consumption_kg,2007.0,1200000.0,False
Paraguay,Arabica,domestic_consumption_kg,2008.0,1200000.0,False
Paraguay,Arabica,domestic_consumption_kg,2009.0,1200000.0,False
Paraguay,Arabica,domestic_consumption_kg,2010.0,1200000.0,False
Paraguay,Arabica,domestic_consumption_kg,2011.0,1200000.0,False
Paraguay,Arabica,domestic_consumption_kg,2012.0,1200000.0,False
Paraguay,Arabica,domestic_consumption_kg,2013.0,1200000.0,False
Paraguay,Arabica,domestic_consumption_kg,2014.0,1200000.0,False
Paraguay,Arabica,domestic_consumption_kg,2015.0,1200000.0,False
Paraguay,Arabica,domestic_consumption_kg,2016.0,1200000.0,False
Paraguay,Arabica,domestic_consumption_kg,2017.0,1200000.0,False
Paraguay,Arabica,domestic_consumption_kg,2018.0,1200000.0,False
Paraguay,Arabica,domestic_consumption_kg,2019.0,1200000.0,False
Peru,Arabica,domestic_consumption_kg,1990.0,11400000.0,False
Peru,Arabica,domestic_consumption_kg,1991.0,11400000.0,False
Peru,Arabica,domestic_consumption_kg,1992.0,12000000.0,False
Peru,Arabica,domestic_consumption_kg,1993.0,12000000.0,False
Peru,Arabica,domestic_consumption_kg,1994.0,12000000.0,False
Peru,Arabica,domestic_consumption_kg,1995.0,12000000.0,False
Peru,Arabica,domestic_consumption_kg,1996.0,12000000.0,False
Peru,Arabica,domestic_consumption_kg,1997.0,12000000.0,False
Peru,Arabica,domestic_consumption_kg,1998.0,12000000.0,False
Peru,Arabica,domestic_consumption_kg,1999.0,12000000.0,False
Peru,Arabica,domestic_consumption_kg,2000.0,12000000.0,False
Peru,Arabica,domestic_consumption_kg,2001.0,12000000.0,False
Peru,Arabica,domestic_consumption_kg,2002.0,13200000.0,False
Peru,Arabica,domestic_consumption_kg,2003.0,13200000.0,False
Peru,Arabica,domestic_consumption_kg,2004.0,13200000.0,False
Peru,Arabica,domestic_consumption_kg,2005.0,13200000.0,False
Peru,Arabica,domestic_consumption_kg,2006.0,13200000.0,False
Peru,Arabica,domestic_consumption_kg,2007.0,13200000.0,False
Peru,Arabica,domestic_consumption_kg,2008.0,15000000.0,False
Peru,Arabica,domestic_consumption_kg,2009.0,15000000.0,False
Peru,Arabica,domestic_consumption_kg,2010.0,15000000.0,False
Peru,Arabica,domestic_consumption_kg,2011.0,15000000.0,False
Peru,Arabica,domestic_consumption_kg,2012.0,15000000.0,False
Peru,Arabica,domestic_consumption_kg,2013.0,15000000.0,False
Peru,Arabica,domestic_consumption_kg,2014.0,15000000.0,False
Peru,Arabica,domestic_consumption_kg,2015.0,15000000.0,False
Peru,Arabica,domestic_consumption_kg,2016.0,15000000.0,False
Peru,Arabica,domestic_consumption_kg,2017.0,15000000.0,False
Peru,Arabica,domestic_consumption_kg,2018.0,15000000.0,False
Peru,Arabica,domestic_consumption_kg,2019.0,15000000.0,False
Philippines,Robusta/Arabica,domestic_consumption_kg,1990.0,43200000.0,False
Philippines,Robusta/Arabica,domestic_consumption_kg,1991.0,45000000.0,False
Philippines,Robusta/Arabica,domestic_consumption_kg,1992.0,45000000.0,False
Philippines,Robusta/Arabica,domestic_consumption_kg,1993.0,46200000.0,False
Philippines,Robusta/Arabica,domestic_consumption_kg,1994.0,47400000.0,False
Philippines,Robusta/Arabica,domestic_consumption_kg,1995.0,48600000.0,False
Philippines,Robusta/Arabica,domestic_consumption_kg,1996.0,49860000.0,False
Philippines,Robusta/Arabica,domestic_consumption_kg,1997.0,51180000.0,False
Philippines,Robusta/Arabica,domestic_consumption_kg,1998.0,48600000.0,False
Philippines,Robusta/Arabica,domestic_consumption_kg,1999.0,51720000.0,False
Philippines,Robusta/Arabica,domestic_consumption_kg,2000.0,49200000.0,False
Philippines,Robusta/Arabica,domestic_consumption_kg,2001.0,49260000.0,False
Philippines,Robusta/Arabica,domestic_consumption_kg,2002.0,49740000.0,False
Philippines,Robusta/Arabica,domestic_consumption_kg,2003.0,55020000.0,False
Philippines,Robusta/Arabica,domestic_consumption_kg,2004.0,61200000.0,False
Philippines,Robusta/Arabica,domestic_consumption_kg,2005.0,62400000.0,False
Philippines,Robusta/Arabica,domestic_consumption_kg,2006.0,63600000.0,False
Philippines,Robusta/Arabica,domestic_consumption_kg,2007.0,63600000.0,False
Philippines,Robusta/Arabica,domestic_consumption_kg,2008.0,103200000.0,False
Philippines,Robusta/Arabica,domestic_consumption_kg,2009.0,109200000.0,False
Philippines,Robusta/Arabica,domestic_consumption_kg,2010.0,127500000.0,False
Philippines,Robusta/Arabica,domestic_consumption_kg,2011.0,130500000.0,False
Philippines,Robusta/Arabica,domestic_consumption_kg,2012.0,139500000.0,False
Philippines,Robusta/Arabica,domestic_consumption_kg,2013.0,153000000.0,False
Philippines,Robusta/Arabica,domestic_consumption_kg,2014.0,168000000.0,False
Philippines,Robusta/Arabica,domestic_consumption_kg,2015.0,180000000.0,False
Philippines,Robusta/Arabica,domestic_consumption_kg,2016.0,181800000.0,False
Philippines,Robusta/Arabica,domestic_consumption_kg,2017.0,190800000.0,False
Philippines,Robusta/Arabica,domestic_consumption_kg,2018.0,198000000.0,False
Philippines,Robusta/Arabica,domestic_consumption_kg,2019.0,195000000.0,False
Rwanda,Arabica,domestic_consumption_kg,1990.0,60000.0,False
Rwanda,Arabica,domestic_consumption_kg,1991.0,60000.0,False
Rwanda,Arabica,domestic_consumption_kg,1992.0,60000.0,False
Rwanda,Arabica,domestic_consumption_kg,1993.0,60000.0,False
Rwanda,Arabica,domestic_consumption_kg,1994.0,60000.0,False
Rwanda,Arabica,domestic_consumption_kg,1995.0,60000.0,False
Rwanda,Arabica,domestic_consumption_kg,1996.0,60000.0,False
Rwanda,Arabica,domestic_consumption_kg,1997.0,180000.0,False
Rwanda,Arabica,domestic_consumption_kg,1998.0,180000.0,False
Rwanda,Arabica,domestic_consumption_kg,1999.0,120000.0,False
Rwanda,Arabica,domestic_consumption_kg,2000.0,120000.0,False
Rwanda,Arabica,domestic_consumption_kg,2001.0,120000.0,False
Rwanda,Arabica,domestic_consumption_kg,2002.0,19980.0,False
Rwanda,Arabica,domestic_consumption_kg,2003.0,19980.0,False
Rwanda,Arabica,domestic_consumption_kg,2004.0,60000.0,False
Rwanda,Arabica,domestic_consumption_kg,2005.0,60000.0,False
Rwanda,Arabica,domestic_consumption_kg,2006.0,60000.0,False
Rwanda,Arabica,domestic_consumption_kg,2007.0,60000.0,False
Rwanda,Arabica,domestic_consumption_kg,2008.0,60000.0,False
Rwanda,Arabica,domestic_consumption_kg,2009.0,60000.0,False
Rwanda,Arabica,domestic_consumption_kg,2010.0,60000.0,False
Rwanda,Arabica,domestic_consumption_kg,2011.0,60000.0,False
Rwanda,Arabica,domestic_consumption_kg,2012.0,60000.0,False
Rwanda,Arabica,domestic_consumption_kg,2013.0,60000.0,False
Rwanda,Arabica,domestic_consumption_kg,2014.0,60000.0,False
Rwanda,Arabica,domestic_consumption_kg,2015.0,60000.0,False
Rwanda,Arabica,domestic_consumption_kg,2016.0,60000.0,False
Rwanda,Arabica,domestic_consumption_kg,2017.0,60000.0,False
Rwanda,Arabica,domestic_consumption_kg,2018.0,60000.0,False
Rwanda,Arabica,domestic_consumption_kg,2019.0,60000.0,False
Sierra Leone,Robusta,domestic_consumption_kg,1990.0,540000.0,False
Sierra Leone,Robusta,domestic_consumption_kg,1991.0,540000.0,False
Sierra Leone,Robusta,domestic_consumption_kg,1992.0,540000.0,False
Sierra Leone,Robusta,domestic_consumption_kg,1993.0,300000.0,False
Sierra Leone,Robusta,domestic_consumption_kg,1994.0,300000.0,False
Sierra Leone,Robusta,domestic_consumption_kg,1995.0,480000.0,False
Sierra Leone,Robusta,domestic_consumption_kg,1996.0,480000.0,False
Sierra Leone,Robusta,domestic_consumption_kg,1997.0,300000.0,False
Sierra Leone,Robusta,domestic_consumption_kg,1998.0,300000.0,False
Sierra Leone,Robusta,domestic_consumption_kg,1999.0,300000.0,False
Sierra Leone,Robusta,domestic_consumption_kg,2000.0,300000.0,False
Sierra Leone,Robusta,domestic_consumption_kg,2001.0,300000.0,False
Sierra Leone,Robusta,domestic_consumption_kg,2002.0,300000.0,False
Sierra Leone,Robusta,domestic_consumption_kg,2003.0,300000.0,False
Sierra Leone,Robusta,domestic_consumption_kg,2004.0,300000.0,False
Sierra Leone,Robusta,domestic_consumption_kg,2005.0,300000.0,False
Sierra Leone,Robusta,domestic_consumption_kg,2006.0,300000.0,False
Sierra Leone,Robusta,domestic_consumption_kg,2007.0,300000.0,False
Sierra Leone,Robusta,domestic_consumption_kg,2008.0,300000.0,False
Sierra Leone,Robusta,domestic_consumption_kg,2009.0,300000.0,False
Sierra Leone,Robusta,domestic_consumption_kg,2010.0,300000.0,False
Sierra Leone,Robusta,domestic_consumption_kg,2011.0,300000.0,False
Sierra Leone,Robusta,domestic_consumption_kg,2012.0,300000.0,False
Sierra Leone,Robusta,domestic_consumption_kg,2013.0,300000.0,False
Sierra Leone,Robusta,domestic_consumption_kg,2014.0,300000.0,False
Sierra Leone,Robusta,domestic_consumption_kg,2015.0,300000.0,False
Sierra Leone,Robusta,domestic_consumption_kg,2016.0,300000.0,False
Sierra Leone,Robusta,domestic_consumption_kg,2017.0,300000.0,False
Sierra Leone,Robusta,domestic_consumption_kg,2018.0,300000.0,False
Sierra Leone,Robusta,domestic_consumption_kg,2019.0,300000.0,False
Sri Lanka,Robusta/Arabica,domestic_consumption_kg,1990.0,4000020.0,False
Sri Lanka,Robusta/Arabica,domestic_consumption_kg,1991.0,4020000.0,False
Sri Lanka,Robusta/Arabica,domestic_consumption_kg,1992.0,1680000.0,False
Sri Lanka,Robusta/Arabica,domestic_consumption_kg,1993.0,1200000.0,False
Sri Lanka,Robusta/Arabica,domestic_consumption_kg,1994.0,1200000.0,False
Sri Lanka,Robusta/Arabica,domestic_consumption_kg,1995.0,1200000.0,False
Sri Lanka,Robusta/Arabica,domestic_consumption_kg,1996.0,1200000.0,False
Sri Lanka,Robusta/Arabica,domestic_consumption_kg,1997.0,1200000.0,False
Sri Lanka,Robusta/Arabica,domestic_consumption_kg,1998.0,1800000.0,False
Sri Lanka,Robusta/Arabica,domestic_consumption_kg,1999.0,1800000.0,False
Sri Lanka,Robusta/Arabica,domestic_consumption_kg,2000.0,1800000.0,False
Sri Lanka,Robusta/Arabica,domestic_consumption_kg,2001.0,1800000.0,False
Sri Lanka,Robusta/Arabica,domestic_consumption_kg,2002.0,1800000.0,False
Sri Lanka,Robusta/Arabica,domestic_consumption_kg,2003.0,1800000.0,False
Sri Lanka,Robusta/Arabica,domestic_consumption_kg,2004.0,1800000.0,False
Sri Lanka,Robusta/Arabica,domestic_consumption_kg,2005.0,1800000.0,False
Sri Lanka,Robusta/Arabica,domestic_consumption_kg,2006.0,1800000.0,False
Sri Lanka,Robusta/Arabica,domestic_consumption_kg,2007.0,1800000.0,False
Sri Lanka,Robusta/Arabica,domestic_consumption_kg,2008.0,1800000.0,False
Sri Lanka,Robusta/Arabica,domestic_consumption_kg,2009.0,1800000.0,False
Sri Lanka,Robusta/Arabica,domestic_consumption_kg,2010.0,2100000.0,False
Sri Lanka,Robusta/Arabica,domestic_consumption_kg,2011.0,2100000.0,False
Sri Lanka,Robusta/Arabica,domestic_consumption_kg,2012.0,2100000.0,False
Sri Lanka,Robusta/Arabica,domestic_consumption_kg,2013.0,2100000.0,False
Sri Lanka,Robusta/Arabica,domestic_consumption_kg,2014.0,2100000.0,False
Sri Lanka,Robusta/Arabica,domestic_consumption_kg,2015.0,2100000.0,False
Sri Lanka,Robusta/Arabica,domestic_consumption_kg,2016.0,2100000.0,False
Sri Lanka,Robusta/Arabica,domestic_consumption_kg,2017.0,2100000.0,False
Sri Lanka,Robusta/Arabica,domestic_consumption_kg,2018.0,2100000.0,False
Sri Lanka,Robusta/Arabica,domestic_consumption_kg,2019.0,2100000.0,False
Tanzania,Arabica/Robusta,domestic_consumption_kg,1990.0,240000.0,False
Tanzania,Arabica/Robusta,domestic_consumption_kg,1991.0,210000.0,False
Tanzania,Arabica/Robusta,domestic_consumption_kg,1992.0,1152000.0,False
Tanzania,Arabica/Robusta,domestic_consumption_kg,1993.0,1050000.0,False
Tanzania,Arabica/Robusta,domestic_consumption_kg,1994.0,1050000.0,False
Tanzania,Arabica/Robusta,domestic_consumption_kg,1995.0,816000.0,False
Tanzania,Arabica/Robusta,domestic_consumption_kg,1996.0,996000.0,False
Tanzania,Arabica/Robusta,domestic_consumption_kg,1997.0,1020000.0,False
Tanzania,Arabica/Robusta,domestic_consumption_kg,1998.0,1020000.0,False
Tanzania,Arabica/Robusta,domestic_consumption_kg,1999.0,840000.0,False
Tanzania,Arabica/Robusta,domestic_consumption_kg,2000.0,900000.0,False
Tanzania,Arabica/Robusta,domestic_consumption_kg,2001.0,900000.0,False
Tanzania,Arabica/Robusta,domestic_consumption_kg,2002.0,900000.0,False
Tanzania,Arabica/Robusta,domestic_consumption_kg,2003.0,1620000.0,False
Tanzania,Arabica/Robusta,domestic_consumption_kg,2004.0,2220000.0,False
Tanzania,Arabica/Robusta,domestic_consumption_kg,2005.0,2820000.0,False
Tanzania,Arabica/Robusta,domestic_consumption_kg,2006.0,2820000.0,False
Tanzania,Arabica/Robusta,domestic_consumption_kg,2007.0,2820000.0,False
Tanzania,Arabica/Robusta,domestic_consumption_kg,2008.0,2820000.0,False
Tanzania,Arabica/Robusta,domestic_consumption_kg,2009.0,2820000.0,False
Tanzania,Arabica/Robusta,domestic_consumption_kg,2010.0,2820000.0,False
Tanzania,Arabica/Robusta,domestic_consumption_kg,2011.0,3537000.0,False
Tanzania,Arabica/Robusta,domestic_consumption_kg,2012.0,4302000.0,False
Tanzania,Arabica/Robusta,domestic_consumption_kg,2013.0,4408020.0,False
Tanzania,Arabica/Robusta,domestic_consumption_kg,2014.0,4603020.0,False
Tanzania,Arabica/Robusta,domestic_consumption_kg,2015.0,5523000.0,False
Tanzania,Arabica/Robusta,domestic_consumption_kg,2016.0,5478000.0,False
Tanzania,Arabica/Robusta,domestic_consumption_kg,2017.0,5500020.0,False
Tanzania,Arabica/Robusta,domestic_consumption_kg,2018.0,5520000.0,False
Tanzania,Arabica/Robusta,domestic_consumption_kg,2019.0,5700000.0,False
Thailand,Robusta/Arabica,domestic_consumption_kg,1990.0,11280000.0,False
Thailand,Robusta/Arabica,domestic_consumption_kg,1991.0,13200000.0,False
Thailand,Robusta/Arabica,domestic_consumption_kg,1992.0,13980000.0,False
Thailand,Robusta/Arabica,domestic_consumption_kg,1993.0,15000000.0,False
Thailand,Robusta/Arabica,domestic_consumption_kg,1994.0,16980000.0,False
Thailand,Robusta/Arabica,domestic_consumption_kg,1995.0,25020000.0,False
Thailand,Robusta/Arabica,domestic_consumption_kg,1996.0,19980000.0,False
Thailand,Robusta/Arabica,domestic_consumption_kg,1997.0,23400000.0,False
Thailand,Robusta/Arabica,domestic_consumption_kg,1998.0,25980000.0,False
Thailand,Robusta/Arabica,domestic_consumption_kg,1999.0,25980000.0,False
Thailand,Robusta/Arabica,domestic_consumption_kg,2000.0,30000000.0,False
Thailand,Robusta/Arabica,domestic_consumption_kg,2001.0,30000000.0,False
Thailand,Robusta/Arabica,domestic_consumption_kg,2002.0,30000000.0,False
Thailand,Robusta/Arabica,domestic_consumption_kg,2003.0,30000000.0,False
Thailand,Robusta/Arabica,domestic_consumption_kg,2004.0,30000000.0,False
Thailand,Robusta/Arabica,domestic_consumption_kg,2005.0,30000000.0,False
Thailand,Robusta/Arabica,domestic_consumption_kg,2006.0,30000000.0,False
Thailand,Robusta/Arabica,domestic_consumption_kg,2007.0,33000000.0,False
Thailand,Robusta/Arabica,domestic_consumption_kg,2008.0,36000000.0,False
Thailand,Robusta/Arabica,domestic_consumption_kg,2009.0,42000000.0,False
Thailand,Robusta/Arabica,domestic_consumption_kg,2010.0,46500000.0,False
Thailand,Robusta/Arabica,domestic_consumption_kg,2011.0,66000000.0,False
Thailand,Robusta/Arabica,domestic_consumption_kg,2012.0,67800000.0,False
Thailand,Robusta/Arabica,domestic_consumption_kg,2013.0,72000000.0,False
Thailand,Robusta/Arabica,domestic_consumption_kg,2014.0,75000000.0,False
Thailand,Robusta/Arabica,domestic_consumption_kg,2015.0,78000000.0,False
Thailand,Robusta/Arabica,domestic_consumption_kg,2016.0,81000000.0,False
Thailand,Robusta/Arabica,domestic_consumption_kg,2017.0,82500000.0,False
Thailand,Robusta/Arabica,domestic_consumption_kg,2018.0,84000000.0,False
Thailand,Robusta/Arabica,domestic_consumption_kg,2019.0,84000000.0,False
Timor-Leste,Arabica,domestic_consumption_kg,1990.0,0.0,False
Timor-Leste,Arabica,domestic_consumption_kg,1991.0,0.0,False
Timor-Leste,Arabica,domestic_consumption_kg,1992.0,0.0,False
Timor-Leste,Arabica,domestic_consumption_kg,1993.0,0.0,False
Timor-Leste,Arabica,domestic_consumption_kg,1994.0,0.0,False
Timor-Leste,Arabica,domestic_consumption_kg,1995.0,0.0,False
Timor-Leste,Arabica,domestic_consumption_kg,1996.0,0.0,False
Timor-Leste,Arabica,domestic_consumption_kg,1997.0,0.0,False
Timor-Leste,Arabica,domestic_consumption_kg,1998.0,0.0,False
Timor-Leste,Arabica,domestic_consumption_kg,1999.0,0.0,False
Timor-Leste,Arabica,domestic_consumption_kg,2000.0,0.0,False
Timor-Leste,Arabica,domestic_consumption_kg,2001.0,0.0,False
Timor-Leste,Arabica,domestic_consumption_kg,2002.0,0.0,False
Timor-Leste,Arabica,domestic_consumption_kg,2003.0,0.0,False
Timor-Leste,Arabica,domestic_consumption_kg,2004.0,0.0,False
Timor-Leste,Arabica,domestic_consumption_kg,2005.0,0.0,False
Timor-Leste,Arabica,domestic_consumption_kg,2006.0,0.0,False
Timor-Leste,Arabica,domestic_consumption_kg,2007.0,0.0,False
Timor-Leste,Arabica,domestic_consumption_kg,2008.0,0.0,False
Timor-Leste,Arabica,domestic_consumption_kg,2009.0,0.0,False
Timor-Leste,Arabica,domestic_consumption_kg,2010.0,29400.0,False
Timor-Leste,Arabica,domestic_consumption_kg,2011.0,29400.0,False
Timor-Leste,Arabica,domestic_consumption_kg,2012.0,29400.0,False
Timor-Leste,Arabica,domestic_consumption_kg,2013.0,29400.0,False
Timor-Leste,Arabica,domestic_consumption_kg,2014.0,29400.0,False
Timor-Leste,Arabica,domestic_consumption_kg,2015.0,29400.0,False
Timor-Leste,Arabica,domestic_consumption_kg,2016.0,29400.0,False
Timor-Leste,Arabica,domestic_consumption_kg,2017.0,29400.0,False
Timor-Leste,Arabica,domestic_consumption_kg,2018.0,29400.0,False
Timor-Leste,Arabica,domestic_consumption_kg,2019.0,29400.0,False
Togo,Robusta,domestic_consumption_kg,1990.0,60000.0,False
Togo,Robusta,domestic_consumption_kg,1991.0,60000.0,False
Togo,Robusta,domestic_consumption_kg,1992.0,60000.0,False
Togo,Robusta,domestic_consumption_kg,1993.0,60000.0,False
Togo,Robusta,domestic_consumption_kg,1994.0,60000.0,False
Togo,Robusta,domestic_consumption_kg,1995.0,60000.0,False
Togo,Robusta,domestic_consumption_kg,1996.0,60000.0,False
Togo,Robusta,domestic_consumption_kg,1997.0,60000.0,False
Togo,Robusta,domestic_consumption_kg,1998.0,120000.0,False
Togo,Robusta,domestic_consumption_kg,1999.0,120000.0,False
Togo,Robusta,domestic_consumption_kg,2000.0,120000.0,False
Togo,Robusta,domestic_consumption_kg,2001.0,120000.0,False
Togo,Robusta,domestic_consumption_kg,2002.0,120000.0,False
Togo,Robusta,domestic_consumption_kg,2003.0,120000.0,False
Togo,Robusta,domestic_consumption_kg,2004.0,120000.0,False
Togo,Robusta,domestic_consumption_kg,2005.0,120000.0,False
Togo,Robusta,domestic_consumption_kg,2006.0,120000.0,False
Togo,Robusta,domestic_consumption_kg,2007.0,120000.0,False
Togo,Robusta,domestic_consumption_kg,2008.0,120000.0,False
Togo,Robusta,domestic_consumption_kg,2009.0,120000.0,False
Togo,Robusta,domestic_consumption_kg,2010.0,120000.0,False
Togo,Robusta,domestic_consumption_kg,2011.0,12600.0,False
Togo,Robusta,domestic_consumption_kg,2012.0,14520.0,False
Togo,Robusta,domestic_consumption_kg,2013.0,14280.0,False
Togo,Robusta,domestic_consumption_kg,2014.0,11700.0,False
Togo,Robusta,domestic_consumption_kg,2015.0,13200.0,False
Togo,Robusta,domestic_consumption_kg,2016.0,15240.0,False
Togo,Robusta,domestic_consumption_kg,2017.0,15240.0,False
Togo,Robusta,domestic_consumption_kg,2018.0,15240.0,False
Togo,Robusta,domestic_consumption_kg,2019.0,15600.0,False
Trinidad & Tobago,Robusta,domestic_consumption_kg,1990.0,480000.0,False
Trinidad & Tobago,Robusta,domestic_consumption_kg,1991.0,690000.0,False
Trinidad & Tobago,Robusta,domestic_consumption_kg,1992.0,600000.0,False
Trinidad & Tobago,Robusta,domestic_consumption_kg,1993.0,600000.0,False
Trinidad & Tobago,Robusta,domestic_consumption_kg,1994.0,840000.0,False
Trinidad & Tobago,Robusta,domestic_consumption_kg,1995.0,840000.0,False
Trinidad & Tobago,Robusta,domestic_consumption_kg,1996.0,840000.0,False
Trinidad & Tobago,Robusta,domestic_consumption_kg,1997.0,840000.0,False
Trinidad & Tobago,Robusta,domestic_consumption_kg,1998.0,840000.0,False
Trinidad & Tobago,Robusta,domestic_consumption_kg,1999.0,840000.0,False
Trinidad & Tobago,Robusta,domestic_consumption_kg,2000.0,840000.0,False
Trinidad & Tobago,Robusta,domestic_consumption_kg,2001.0,840000.0,False
Trinidad & Tobago,Robusta,domestic_consumption_kg,2002.0,840000.0,False
Trinidad & Tobago,Robusta,domestic_consumption_kg,2003.0,840000.0,False
Trinidad & Tobago,Robusta,domestic_consumption_kg,2004.0,840000.0,False
Trinidad & Tobago,Robusta,domestic_consumption_kg,2005.0,840000.0,False
Trinidad & Tobago,Robusta,domestic_consumption_kg,2006.0,660000.0,False
Trinidad & Tobago,Robusta,domestic_consumption_kg,2007.0,660000.0,False
Trinidad & Tobago,Robusta,domestic_consumption_kg,2008.0,660000.0,False
Trinidad & Tobago,Robusta,domestic_consumption_kg,2009.0,660000.0,False
Trinidad & Tobago,Robusta,domestic_consumption_kg,2010.0,600000.0,False
Trinidad & Tobago,Robusta,domestic_consumption_kg,2011.0,600000.0,False
Trinidad & Tobago,Robusta,domestic_consumption_kg,2012.0,600000.0,False
Trinidad & Tobago,Robusta,domestic_consumption_kg,2013.0,600000.0,False
Trinidad & Tobago,Robusta,domestic_consumption_kg,2014.0,600000.0,False
Trinidad & Tobago,Robusta,domestic_consumption_kg,2015.0,600000.0,False
Trinidad & Tobago,Robusta,domestic_consumption_kg,2016.0,600000.0,False
Trinidad & Tobago,Robusta,domestic_consumption_kg,2017.0,600000.0,False
Trinidad & Tobago,Robusta,domestic_consumption_kg,2018.0,600000.0,False
Trinidad & Tobago,Robusta,domestic_consumption_kg,2019.0,600000.0,False
Uganda,Robusta/Arabica,domestic_consumption_kg,1990.0,4200000.0,False
Uganda,Robusta/Arabica,domestic_consumption_kg,1991.0,4500000.0,False
Uganda,Robusta/Arabica,domestic_consumption_kg,1992.0,4500000.0,False
Uganda,Robusta/Arabica,domestic_consumption_kg,1993.0,4500000.0,False
Uganda,Robusta/Arabica,domestic_consumption_kg,1994.0,4800000.0,False
Uganda,Robusta/Arabica,domestic_consumption_kg,1995.0,4800000.0,False
Uganda,Robusta/Arabica,domestic_consumption_kg,1996.0,4800000.0,False
Uganda,Robusta/Arabica,domestic_consumption_kg,1997.0,6071400.0,False
Uganda,Robusta/Arabica,domestic_consumption_kg,1998.0,6960000.0,False
Uganda,Robusta/Arabica,domestic_consumption_kg,1999.0,7140000.0,False
Uganda,Robusta/Arabica,domestic_consumption_kg,2000.0,8520000.0,False
Uganda,Robusta/Arabica,domestic_consumption_kg,2001.0,8460000.0,False
Uganda,Robusta/Arabica,domestic_consumption_kg,2002.0,8400000.0,False
Uganda,Robusta/Arabica,domestic_consumption_kg,2003.0,7860000.0,False
Uganda,Robusta/Arabica,domestic_consumption_kg,2004.0,8400000.0,False
Uganda,Robusta/Arabica,domestic_consumption_kg,2005.0,9000000.0,False
Uganda,Robusta/Arabica,domestic_consumption_kg,2006.0,10500000.0,False
Uganda,Robusta/Arabica,domestic_consumption_kg,2007.0,10815000.0,False
Uganda,Robusta/Arabica,domestic_consumption_kg,2008.0,11100000.0,False
Uganda,Robusta/Arabica,domestic_consumption_kg,2009.0,11322000.0,False
Uganda,Robusta/Arabica,domestic_consumption_kg,2010.0,12240000.0,False
Uganda,Robusta/Arabica,domestic_consumption_kg,2011.0,12600000.0,False
Uganda,Robusta/Arabica,domestic_consumption_kg,2012.0,12960000.0,False
Uganda,Robusta/Arabica,domestic_consumption_kg,2013.0,13248000.0,False
Uganda,Robusta/Arabica,domestic_consumption_kg,2014.0,13752000.0,False
Uganda,Robusta/Arabica,domestic_consumption_kg,2015.0,14040000.0,False
Uganda,Robusta/Arabica,domestic_consumption_kg,2016.0,14400000.0,False
Uganda,Robusta/Arabica,domestic_consumption_kg,2017.0,14688000.0,False
Uganda,Robusta/Arabica,domestic_consumption_kg,2018.0,15000000.0,False
Uganda,Robusta/Arabica,domestic_consumption_kg,2019.0,15240000.0,False
Venezuela,Arabica,domestic_consumption_kg,1990.0,46943400.0,False
Venezuela,Arabica,domestic_consumption_kg,1991.0,48928800.0,False
Venezuela,Arabica,domestic_consumption_kg,1992.0,50998200.0,False
Venezuela,Arabica,domestic_consumption_kg,1993.0,53155800.0,False
Venezuela,Arabica,domestic_consumption_kg,1994.0,55404000.0,False
Venezuela,Arabica,domestic_consumption_kg,1995.0,57747600.0,False
Venezuela,Arabica,domestic_consumption_kg,1996.0,60190800.0,False
Venezuela,Arabica,domestic_consumption_kg,1997.0,62736599.0,False
Venezuela,Arabica,domestic_consumption_kg,1998.0,65390400.0,False
Venezuela,Arabica,domestic_consumption_kg,1999.0,68156400.0,False
Venezuela,Arabica,domestic_consumption_kg,2000.0,71039400.0,False
Venezuela,Arabica,domestic_consumption_kg,2001.0,74044200.0,False
Venezuela,Arabica,domestic_consumption_kg,2002.0,77176200.0,False
Venezuela,Arabica,domestic_consumption_kg,2003.0,80440800.0,False
Venezuela,Arabica,domestic_consumption_kg,2004.0,83843400.0,False
Venezuela,Arabica,domestic_consumption_kg,2005.0,87390000.0,False
Venezuela,Arabica,domestic_consumption_kg,2006.0,91086600.0,False
Venezuela,Arabica,domestic_consumption_kg,2007.0,94939800.0,False
Venezuela,Arabica,domestic_consumption_kg,2008.0,98955600.0,False
Venezuela,Arabica,domestic_consumption_kg,2009.0,99000000.0,False
Venezuela,Arabica,domestic_consumption_kg,2010.0,99000000.0,False
Venezuela,Arabica,domestic_consumption_kg,2011.0,99000000.0,False
Venezuela,Arabica,domestic_consumption_kg,2012.0,99000000.0,False
Venezuela,Arabica,domestic_consumption_kg,2013.0,99000000.0,False
Venezuela,Arabica,domestic_consumption_kg,2014.0,99000000.0,False
Venezuela,Arabica,domestic_consumption_kg,2015.0,99000000.0,False
Venezuela,Arabica,domestic_consumption_kg,2016.0,99000000.0,False
Venezuela,Arabica,domestic_consumption_kg,2017.0,96000000.0,False
Venezuela,Arabica,domestic_consumption_kg,2018.0,93000000.0,False
Venezuela,Arabica,domestic_consumption_kg,2019.0,76500000.0,False
Viet Nam,Robusta/Arabica,domestic_consumption_kg,1990.0,9000000.0,False
Viet Nam,Robusta/Arabica,domestic_consumption_kg,1991.0,13800000.0,False
Viet Nam,Robusta/Arabica,domestic_consumption_kg,1992.0,15000000.0,False
Viet Nam,Robusta/Arabica,domestic_consumption_kg,1993.0,16020000.0,False
Viet Nam,Robusta/Arabica,domestic_consumption_kg,1994.0,16020000.0,False
Viet Nam,Robusta/Arabica,domestic_consumption_kg,1995.0,16910700.0,False
Viet Nam,Robusta/Arabica,domestic_consumption_kg,1996.0,17850960.0,False
Viet Nam,Robusta/Arabica,domestic_consumption_kg,1997.0,18843480.0,False
Viet Nam,Robusta/Arabica,domestic_consumption_kg,1998.0,19891140.0,False
Viet Nam,Robusta/Arabica,domestic_consumption_kg,1999.0,21000000.0,False
Viet Nam,Robusta/Arabica,domestic_consumption_kg,2000.0,24097500.0,False
Viet Nam,Robusta/Arabica,domestic_consumption_kg,2001.0,27651900.0,False
Viet Nam,Robusta/Arabica,domestic_consumption_kg,2002.0,31130520.0,False
Viet Nam,Robusta/Arabica,domestic_consumption_kg,2003.0,36410760.0,False
Viet Nam,Robusta/Arabica,domestic_consumption_kg,2004.0,41781360.0,False
Viet Nam,Robusta/Arabica,domestic_consumption_kg,2005.0,48000000.0,False
Viet Nam,Robusta/Arabica,domestic_consumption_kg,2006.0,55020000.0,False
Viet Nam,Robusta/Arabica,domestic_consumption_kg,2007.0,56280000.0,False
Viet Nam,Robusta/Arabica,domestic_consumption_kg,2008.0,61260000.0,False
Viet Nam,Robusta/Arabica,domestic_consumption_kg,2009.0,72480000.0,False
Viet Nam,Robusta/Arabica,domestic_consumption_kg,2010.0,94980000.0,False
Viet Nam,Robusta/Arabica,domestic_consumption_kg,2011.0,99000000.0,False
Viet Nam,Robusta/Arabica,domestic_consumption_kg,2012.0,109500000.0,False
Viet Nam,Robusta/Arabica,domestic_consumption_kg,2013.0,120000000.0,False
Viet Nam,Robusta/Arabica,domestic_consumption_kg,2014.0,132000000.0,False
Viet Nam,Robusta/Arabica,domestic_consumption_kg,2015.0,138000000.0,False
Viet Nam,Robusta/Arabica,domestic_consumption_kg,2016.0,144000000.0,False
Viet Nam,Robusta/Arabica,domestic_consumption_kg,2017.0,150000000.0,False
Viet Nam,Robusta/Arabica,domestic_consumption_kg,2018.0,156000000.0,False
Viet Nam,Robusta/Arabica,domestic_consumption_kg,2019.0,159000000.0,False
Yemen,Arabica,domestic_consumption_kg,1990.0,0.0,False
Yemen,Arabica,domestic_consumption_kg,1991.0,0.0,False
Yemen,Arabica,domestic_consumption_kg,1992.0,0.0,False
Yemen,Arabica,domestic_consumption_kg,1993.0,0.0,False
Yemen,Arabica,domestic_consumption_kg,1994.0,0.0,False
Yemen,Arabica,domestic_consumption_kg,1995.0,0.0,False
Yemen,Arabica,domestic_consumption_kg,1996.0,0.0,False
Yemen,Arabica,domestic_consumption_kg,1997.0,0.0,False
Yemen,Arabica,domestic_consumption_kg,1998.0,0.0,False
Yemen,Arabica,domestic_consumption_kg,1999.0,0.0,False
Yemen,Arabica,domestic_consumption_kg,2000.0,0.0,False
Yemen,Arabica,domestic_consumption_kg,2001.0,0.0,False
Yemen,Arabica,domestic_consumption_kg,2002.0,0.0,False
Yemen,Arabica,domestic_consumption_kg,2003.0,8760000.0,False
Yemen,Arabica,domestic_consumption_kg,2004.0,8160000.0,False
Yemen,Arabica,domestic_consumption_kg,2005.0,8280000.0,False
Yemen,Arabica,domestic_consumption_kg,2006.0,8280000.0,False
Yemen,Arabica,domestic_consumption_kg,2007.0,7800000.0,False
Yemen,Arabica,domestic_consumption_kg,2008.0,7800000.0,False
Yemen,Arabica,domestic_consumption_kg,2009.0,7800000.0,False
Yemen,Arabica,domestic_consumption_kg,2010.0,7800000.0,False
Yemen,Arabica,domestic_consumption_kg,2011.0,7800000.0,False
Yemen,Arabica,domestic_consumption_kg,2012.0,7800000.0,False
Yemen,Arabica,domestic_consumption_kg,2013.0,7800000.0,False
Yemen,Arabica,domestic_consumption_kg,2014.0,7500000.0,False
Yemen,Arabica,domestic_consumption_kg,2015.0,6900000.0,False
Yemen,Arabica,domestic_consumption_kg,2016.0,6000000.0,False
Yemen,Arabica,domestic_consumption_kg,2017.0,5400000.0,False
Yemen,Arabica,domestic_consumption_kg,2018.0,3900000.0,False
Yemen,Arabica,domestic_consumption_kg,2019.0,3840000.0,False
Zambia,Arabica,domestic_consumption_kg,1990.0,90000.0,False
Zambia,Arabica,domestic_consumption_kg,1991.0,90000.0,False
Zambia,Arabica,domestic_consumption_kg,1992.0,85920.0,False
Zambia,Arabica,domestic_consumption_kg,1993.0,60000.0,False
Zambia,Arabica,domestic_consumption_kg,1994.0,90000.0,False
Zambia,Arabica,domestic_consumption_kg,1995.0,36000.0,False
Zambia,Arabica,domestic_consumption_kg,1996.0,60000.0,False
Zambia,Arabica,domestic_consumption_kg,1997.0,36000.0,False
Zambia,Arabica,domestic_consumption_kg,1998.0,36000.0,False
Zambia,Arabica,domestic_consumption_kg,1999.0,36000.0,False
Zambia,Arabica,domestic_consumption_kg,2000.0,36000.0,False
Zambia,Arabica,domestic_consumption_kg,2001.0,36000.0,False
Zambia,Arabica,domestic_consumption_kg,2002.0,36000.0,False
Zambia,Arabica,domestic_consumption_kg,2003.0,36000.0,False
Zambia,Arabica,domestic_consumption_kg,2004.0,36000.0,False
Zambia,Arabica,domestic_consumption_kg,2005.0,36000.0,False
Zambia,Arabica,domestic_consumption_kg,2006.0,36000.0,False
Zambia,Arabica,domestic_consumption_kg,2007.0,60000.0,False
Zambia,Arabica,domestic_consumption_kg,2008.0,60000.0,False
Zambia,Arabica,domestic_consumption_kg,2009.0,0.0,False
Zambia,Arabica,domestic_consumption_kg,2010.0,0.0,False
Zambia,Arabica,domestic_consumption_kg,2011.0,0.0,False
Zambia,Arabica,domestic_consumption_kg,2012.0,0.0,False
Zambia,Arabica,domestic_consumption_kg,2013.0,0.0,False
Zambia,Arabica,domestic_consumption_kg,2014.0,0.0,False
Zambia,Arabica,domestic_consumption_kg,2015.0,0.0,False
Zambia,Arabica,domestic_consumption_kg,2016.0,0.0,False
Zambia,Arabica,domestic_consumption_kg,2017.0,0.0,False
Zambia,Arabica,domestic_consumption_kg,2018.0,0.0,False
Zambia,Arabica,domestic_consumption_kg,2019.0,0.0,False
Zimbabwe,Arabica,domestic_consumption_kg,1990.0,480000.0,False
Zimbabwe,Arabica,domestic_consumption_kg,1991.0,480000.0,False
Zimbabwe,Arabica,domestic_consumption_kg,1992.0,480000.0,False
Zimbabwe,Arabica,domestic_consumption_kg,1993.0,499980.0,False
Zimbabwe,Arabica,domestic_consumption_kg,1994.0,499980.0,False
Zimbabwe,Arabica,domestic_consumption_kg,1995.0,396000.0,False
Zimbabwe,Arabica,domestic_consumption_kg,1996.0,240000.0,False
Zimbabwe,Arabica,domestic_consumption_kg,1997.0,240000.0,False
Zimbabwe,Arabica,domestic_consumption_kg,1998.0,240000.0,False
Zimbabwe,Arabica,domestic_consumption_kg,1999.0,240000.0,False
Zimbabwe,Arabica,domestic_consumption_kg,2000.0,240000.0,False
Zimbabwe,Arabica,domestic_consumption_kg,2001.0,240000.0,False
Zimbabwe,Arabica,domestic_consumption_kg,2002.0,240000.0,False
Zimbabwe,Arabica,domestic_consumption_kg,2003.0,240000.0,False
Zimbabwe,Arabica,domestic_consumption_kg,2004.0,240000.0,False
Zimbabwe,Arabica,domestic_consumption_kg,2005.0,240000.0,False
Zimbabwe,Arabica,domestic_consumption_kg,2006.0,240000.0,False
Zimbabwe,Arabica,domestic_consumption_kg,2007.0,240000.0,False
Zimbabwe,Arabica,domestic_consumption_kg,2008.0,240000.0,False
Zimbabwe,Arabica,domestic_consumption_kg,2009.0,240000.0,False
Zimbabwe,Arabica,domestic_consumption_kg,2010.0,240000.0,False
Zimbabwe,Arabica,domestic_consumption_kg,2011.0,240000.0,False
Zimbabwe,Arabica,domestic_consumption_kg,2012.0,240000.0,False
Zimbabwe,Arabica,domestic_consumption_kg,2013.0,240000.0,False
Zimbabwe,Arabica,domestic_consumption_kg,2014.0,240000.0,False
Zimbabwe,Arabica,domestic_consumption_kg,2015.0,240000.0,False
Zimbabwe,Arabica,domestic_consumption_kg,2016.0,240000.0,False
Zimbabwe,Arabica,domestic_consumption_kg,2017.0,240000.0,False
Zimbabwe,Arabica,domestic_consumption_kg,2018.0,240000.0,False
Zimbabwe,Arabica,domestic_consumption_kg,2019.0,240000.0,False
Angola,,export_kg,1990.0,5040000.0,False
Angola,,export_kg,1991.0,4260000.0,False
Angola,,export_kg,1992.0,4800000.0,False
Angola,,export_kg,1993.0,2340000.0,False
Angola,,export_kg,1994.0,480000.0,False
Angola,,export_kg,1995.0,2460000.0,False
Angola,,export_kg,1996.0,3120000.0,False
Angola,,export_kg,1997.0,3000000.0,False
Angola,,export_kg,1998.0,3240000.0,False
Angola,,export_kg,1999.0,3000000.0,False
Angola,,export_kg,2000.0,1320000.0,False
Angola,,export_kg,2001.0,840000.0,False
Angola,,export_kg,2002.0,540000.0,False
Angola,,export_kg,2003.0,1020000.0,False
Angola,,export_kg,2004.0,360000.0,False
Angola,,export_kg,2005.0,300000.0,False
Angola,,export_kg,2006.0,300000.0,False
Angola,,export_kg,2007.0,240000.0,False
Angola,,export_kg,2008.0,360000.0,False
Angola,,export_kg,2009.0,420000.0,False
Angola,,export_kg,2010.0,240000.0,False
Angola,,export_kg,2011.0,480000.0,False
Angola,,export_kg,2012.0,480000.0,False
Angola,,export_kg,2013.0,360000.0,False
Angola,,export_kg,2014.0,540000.0,False
Angola,,export_kg,2015.0,660000.0,False
Angola,,export_kg,2016.0,660000.0,False
Angola,,export_kg,2017.0,540000.0,False
Angola,,export_kg,2018.0,540000.0,False
Angola,,export_kg,2019.0,1380000.0,False
Bolivia (Plurinational State of),,export_kg,1990.0,9360000.0,False
Bolivia (Plurinational State of),,export_kg,1991.0,4440000.0,False
Bolivia (Plurinational State of),,export_kg,1992.0,5760000.0,False
Bolivia (Plurinational State of),,export_kg,1993.0,2820000.0,False
Bolivia (Plurinational State of),,export_kg,1994.0,5040000.0,False
Bolivia (Plurinational State of),,export_kg,1995.0,5640000.0,False
Bolivia (Plurinational State of),,export_kg,1996.0,7380000.0,False
Bolivia (Plurinational State of),,export_kg,1997.0,6660000.0,False
Bolivia (Plurinational State of),,export_kg,1998.0,5820000.0,False
Bolivia (Plurinational State of),,export_kg,1999.0,7440000.0,False
Bolivia (Plurinational State of),,export_kg,2000.0,6360000.0,False
Bolivia (Plurinational State of),,export_kg,2001.0,4200000.0,False
Bolivia (Plurinational State of),,export_kg,2002.0,4740000.0,False
Bolivia (Plurinational State of),,export_kg,2003.0,4380000.0,False
Bolivia (Plurinational State of),,export_kg,2004.0,5580000.0,False
Bolivia (Plurinational State of),,export_kg,2005.0,5040000.0,False
Bolivia (Plurinational State of),,export_kg,2006.0,5580000.0,False
Bolivia (Plurinational State of),,export_kg,2007.0,5040000.0,False
Bolivia (Plurinational State of),,export_kg,2008.0,4080000.0,False
Bolivia (Plurinational State of),,export_kg,2009.0,4980000.0,False
Bolivia (Plurinational State of),,export_kg,2010.0,4680000.0,False
Bolivia (Plurinational State of),,export_kg,2011.0,4440000.0,False
Bolivia (Plurinational State of),,export_kg,2012.0,3780000.0,False
Bolivia (Plurinational State of),,export_kg,2013.0,3300000.0,False
Bolivia (Plurinational State of),,export_kg,2014.0,3720000.0,False
Bolivia (Plurinational State of),,export_kg,2015.0,1800000.0,False
Bolivia (Plurinational State of),,export_kg,2016.0,1320000.0,False
Bolivia (Plurinational State of),,export_kg,2017.0,1560000.0,False
Bolivia (Plurinational State of),,export_kg,2018.0,1320000.0,False
Bolivia (Plurinational State of),,export_kg,2019.0,1200000.0,False
Brazil,,export_kg,1990.0,1016160000.0,False
Brazil,,export_kg,1991.0,1270980000.0,False
Brazil,,export_kg,1992.0,1127460000.0,False
Brazil,,export_kg,1993.0,1070280000.0,False
Brazil,,export_kg,1994.0,1036380000.0,False
Brazil,,export_kg,1995.0,868080000.0,False
Brazil,,export_kg,1996.0,915060000.0,False
Brazil,,export_kg,1997.0,1008060000.0,False
Brazil,,export_kg,1998.0,1088640000.0,False
Brazil,,export_kg,1999.0,1388940000.0,False
Brazil,,export_kg,2000.0,1080960000.0,False
Brazil,,export_kg,2001.0,1390320000.0,False
Brazil,,export_kg,2002.0,1678920000.0,False
Brazil,,export_kg,2003.0,1542660000.0,False
Brazil,,export_kg,2004.0,1588680000.0,False
Brazil,,export_kg,2005.0,1571880000.0,False
Brazil,,export_kg,2006.0,1642140000.0,False
Brazil,,export_kg,2007.0,1691040000.0,False
Brazil,,export_kg,2008.0,1770600000.0,False
Brazil,,export_kg,2009.0,1822680000.0,False
Brazil,,export_kg,2010.0,1990020000.0,False
Brazil,,export_kg,2011.0,2028360000.0,False
Brazil,,export_kg,2012.0,1712940000.0,False
Brazil,,export_kg,2013.0,1899060000.0,False
Brazil,,export_kg,2016.0,2056140000.0,False
Brazil,,export_kg,2017.0,1855500000.0,False
Brazil,,export_kg,2018.0,2138220000.0,False
Burundi,,export_kg,1990.0,35100000.0,False
Burundi,,export_kg,1991.0,41280000.0,False
Burundi,,export_kg,1992.0,38760000.0,False
Burundi,,export_kg,1993.0,25080000.0,False
Burundi,,export_kg,1994.0,30480000.0,False
Burundi,,export_kg,1995.0,31680000.0,False
Burundi,,export_kg,1996.0,13440000.0,False
Burundi,,export_kg,1997.0,31740000.0,False
Burundi,,export_kg,1998.0,22440000.0,False
Burundi,,export_kg,1999.0,24540000.0,False
Burundi,,export_kg,2000.0,26640000.0,False
Burundi,,export_kg,2001.0,18180000.0,False
Burundi,,export_kg,2002.0,17340000.0,False
Burundi,,export_kg,2003.0,28560000.0,False
Burundi,,export_kg,2004.0,20340000.0,False
Burundi,,export_kg,2005.0,22260000.0,False
Burundi,,export_kg,2006.0,16860000.0,False
Burundi,,export_kg,2007.0,21360000.0,False
Burundi,,export_kg,2008.0,15060000.0,False
Burundi,,export_kg,2009.0,17340000.0,False
Burundi,,export_kg,2010.0,18420000.0,False
Burundi,,export_kg,2011.0,13080000.0,False
Burundi,,export_kg,2012.0,23520000.0,False
Burundi,,export_kg,2013.0,11700000.0,False
Burundi,,export_kg,2014.0,15120000.0,False
Burundi,,export_kg,2015.0,13800000.0,False
Burundi,,export_kg,2016.0,12240000.0,False
Burundi,,export_kg,2017.0,10140000.0,False
Burundi,,export_kg,2018.0,12120000.0,False
Burundi,,export_kg,2019.0,17580000.0,False
Cameroon,,export_kg,1990.0,156660000.0,False
Cameroon,,export_kg,1991.0,105120000.0,False
Cameroon,,export_kg,1992.0,98760000.0,False
Cameroon,,export_kg,1993.0,42300000.0,False
Cameroon,,export_kg,1994.0,32760000.0,False
Cameroon,,export_kg,1995.0,24420000.0,False
Cameroon,,export_kg,1996.0,33840000.0,False
Cameroon,,export_kg,1997.0,82080000.0,False
Cameroon,,export_kg,1998.0,44760000.0,False
Cameroon,,export_kg,1999.0,69240000.0,False
Cameroon,,export_kg,2000.0,72300000.0,False
Cameroon,,export_kg,2001.0,67500000.0,False
Cameroon,,export_kg,2002.0,38400000.0,False
Cameroon,,export_kg,2003.0,48840000.0,False
Cameroon,,export_kg,2004.0,44040000.0,False
Cameroon,,export_kg,2005.0,42240000.0,False
Cameroon,,export_kg,2006.0,44340000.0,False
Cameroon,,export_kg,2007.0,43260000.0,False
Cameroon,,export_kg,2008.0,31620000.0,False
Cameroon,,export_kg,2009.0,37080000.0,False
Cameroon,,export_kg,2010.0,47640000.0,False
Cameroon,,export_kg,2011.0,29400000.0,False
Cameroon,,export_kg,2012.0,37320000.0,False
Cameroon,,export_kg,2013.0,16320000.0,False
Cameroon,,export_kg,2014.0,22500000.0,False
Cameroon,,export_kg,2015.0,23400000.0,False
Cameroon,,export_kg,2016.0,16860000.0,False
Cameroon,,export_kg,2017.0,14700000.0,False
Cameroon,,export_kg,2018.0,17220000.0,False
Cameroon,,export_kg,2019.0,15000000.0,False
Central African Republic,,export_kg,1990.0,11820000.0,False
Central African Republic,,export_kg,1991.0,8460000.0,False
Central African Republic,,export_kg,1992.0,6000000.0,False
Central African Republic,,export_kg,1993.0,8220000.0,False
Central African Republic,,export_kg,1994.0,8220000.0,False
Central African Republic,,export_kg,1995.0,13920000.0,False
Central African Republic,,export_kg,1996.0,5880000.0,False
Central African Republic,,export_kg,1997.0,12180000.0,False
Central African Republic,,export_kg,1998.0,6120000.0,False
Central African Republic,,export_kg,1999.0,11700000.0,False
Central African Republic,,export_kg,2000.0,12180000.0,False
Central African Republic,,export_kg,2001.0,5640000.0,False
Central African Republic,,export_kg,2002.0,5700000.0,False
Central African Republic,,export_kg,2003.0,2400000.0,False
Central African Republic,,export_kg,2004.0,3840000.0,False
Central African Republic,,export_kg,2005.0,2820000.0,False
Central African Republic,,export_kg,2006.0,1020000.0,False
Central African Republic,,export_kg,2007.0,7320000.0,False
Central African Republic,,export_kg,2008.0,1980000.0,False
Central African Republic,,export_kg,2009.0,3720000.0,False
Central African Republic,,export_kg,2010.0,5700000.0,False
Central African Republic,,export_kg,2011.0,4680000.0,False
Central African Republic,,export_kg,2012.0,4680000.0,False
Central African Republic,,export_kg,2013.0,60000.0,False
Central African Republic,,export_kg,2014.0,4500000.0,False
Central African Republic,,export_kg,2015.0,2580000.0,False
Central African Republic,,export_kg,2016.0,4800000.0,False
Central African Republic,,export_kg,2017.0,1080000.0,False
Central African Republic,,export_kg,2018.0,2340000.0,False
Central African Republic,,export_kg,2019.0,1140000.0,False
Colombia,,export_kg,1990.0,836640000.0,False
Colombia,,export_kg,1991.0,755940000.0,False
Colombia,,export_kg,1992.0,993840000.0,False
Colombia,,export_kg,1993.0,814080000.0,False
Colombia,,export_kg,1994.0,706080000.0,False
Colombia,,export_kg,1995.0,588840000.0,False
Colombia,,export_kg,1996.0,635280000.0,False
Colombia,,export_kg,1997.0,655140000.0,False
Colombia,,export_kg,1998.0,675600000.0,False
Colombia,,export_kg,1999.0,599700000.0,False
Colombia,,export_kg,2000.0,550620000.0,False
Colombia,,export_kg,2001.0,596640000.0,False
Colombia,,export_kg,2002.0,616380000.0,False
Colombia,,export_kg,2003.0,614640000.0,False
Colombia,,export_kg,2004.0,611640000.0,False
Colombia,,export_kg,2005.0,652260000.0,False
Colombia,,export_kg,2006.0,656700000.0,False
Colombia,,export_kg,2007.0,678000000.0,False
Colombia,,export_kg,2008.0,665100000.0,False
Colombia,,export_kg,2009.0,473640000.0,False
Colombia,,export_kg,2010.0,469320000.0,False
Colombia,,export_kg,2011.0,464040000.0,False
Colombia,,export_kg,2012.0,430200000.0,False
Colombia,,export_kg,2013.0,580200000.0,False
Colombia,,export_kg,2014.0,657240000.0,False
Colombia,,export_kg,2015.0,762960000.0,False
Colombia,,export_kg,2016.0,769860000.0,False
Colombia,,export_kg,2017.0,779100000.0,False
Colombia,,export_kg,2018.0,768480000.0,False
Colombia,,export_kg,2019.0,820320000.0,False
Congo,,export_kg,1990.0,120000.0,False
Congo,,export_kg,1991.0,60000.0,False
Congo,,export_kg,1992.0,0.0,False
Congo,,export_kg,1993.0,60000.0,False
Congo,,export_kg,1994.0,60000.0,False
Congo,,export_kg,1995.0,1140000.0,False
Congo,,export_kg,1996.0,780000.0,False
Congo,,export_kg,1997.0,180000.0,False
Congo,,export_kg,1998.0,0.0,False
Congo,,export_kg,1999.0,0.0,False
Congo,,export_kg,2000.0,0.0,False
Congo,,export_kg,2001.0,0.0,False
Congo,,export_kg,2002.0,0.0,False
Congo,,export_kg,2003.0,0.0,False
Congo,,export_kg,2004.0,0.0,False
Congo,,export_kg,2005.0,0.0,False
Congo,,export_kg,2006.0,0.0,False
Congo,,export_kg,2007.0,0.0,False
Congo,,export_kg,2008.0,0.0,False
Congo,,export_kg,2009.0,0.0,False
Congo,,export_kg,2010.0,0.0,False
Congo,,export_kg,2011.0,0.0,False
Congo,,export_kg,2012.0,0.0,False
Congo,,export_kg,2013.0,0.0,False
Congo,,export_kg,2014.0,0.0,False
Congo,,export_kg,2015.0,0.0,False
Congo,,export_kg,2016.0,0.0,False
Congo,,export_kg,2017.0,0.0,False
Congo,,export_kg,2018.0,0.0,False
Congo,,export_kg,2019.0,0.0,False
Costa Rica,,export_kg,1990.0,135960000.0,False
Costa Rica,,export_kg,1991.0,144000000.0,False
Costa Rica,,export_kg,1992.0,145860000.0,False
Costa Rica,,export_kg,1993.0,141840000.0,False
Costa Rica,,export_kg,1994.0,126300000.0,False
Costa Rica,,export_kg,1995.0,124020000.0,False
Costa Rica,,export_kg,1996.0,145800000.0,False
Costa Rica,,export_kg,1997.0,125940000.0,False
Costa Rica,,export_kg,1998.0,122700000.0,False
Costa Rica,,export_kg,1999.0,131700000.0,False
Costa Rica,,export_kg,2000.0,117900000.0,False
Costa Rica,,export_kg,2001.0,121080000.0,False
Costa Rica,,export_kg,2002.0,107040000.0,False
Costa Rica,,export_kg,2003.0,102120000.0,False
Costa Rica,,export_kg,2004.0,85440000.0,False
Costa Rica,,export_kg,2005.0,88800000.0,False
Costa Rica,,export_kg,2006.0,78600000.0,False
Costa Rica,,export_kg,2007.0,81840000.0,False
Costa Rica,,export_kg,2008.0,86400000.0,False
Costa Rica,,export_kg,2009.0,74160000.0,False
Costa Rica,,export_kg,2010.0,72000000.0,False
Costa Rica,,export_kg,2011.0,74580000.0,False
Costa Rica,,export_kg,2012.0,82440000.0,False
Costa Rica,,export_kg,2013.0,80640000.0,False
Costa Rica,,export_kg,2014.0,72540000.0,False
Costa Rica,,export_kg,2015.0,67680000.0,False
Costa Rica,,export_kg,2016.0,60420000.0,False
Costa Rica,,export_kg,2017.0,59220000.0,False
Costa Rica,,export_kg,2018.0,72480000.0,False
Costa Rica,,export_kg,2019.0,62340000.0,False
Cuba,,export_kg,1990.0,10920000.0,False
Cuba,,export_kg,1991.0,7260000.0,False
Cuba,,export_kg,1992.0,9780000.0,False
Cuba,,export_kg,1993.0,6960000.0,False
Cuba,,export_kg,1994.0,8160000.0,False
Cuba,,export_kg,1995.0,7320000.0,False
Cuba,,export_kg,1996.0,6720000.0,False
Cuba,,export_kg,1997.0,6420000.0,False
Cuba,,export_kg,1998.0,9120000.0,False
Cuba,,export_kg,1999.0,4620000.0,False
Cuba,,export_kg,2000.0,6780000.0,False
Cuba,,export_kg,2001.0,6540000.0,False
Cuba,,export_kg,2002.0,3420000.0,False
Cuba,,export_kg,2003.0,3000000.0,False
Cuba,,export_kg,2004.0,1500000.0,False
Cuba,,export_kg,2005.0,1440000.0,False
Cuba,,export_kg,2006.0,960000.0,False
Cuba,,export_kg,2007.0,960000.0,False
Cuba,,export_kg,2008.0,240000.0,False
Cuba,,export_kg,2009.0,420000.0,False
Cuba,,export_kg,2010.0,300000.0,False
Cuba,,export_kg,2011.0,600000.0,False
Cuba,,export_kg,2012.0,900000.0,False
Cuba,,export_kg,2013.0,720000.0,False
Cuba,,export_kg,2014.0,780000.0,False
Cuba,,export_kg,2015.0,780000.0,False
Cuba,,export_kg,2016.0,900000.0,False
Cuba,,export_kg,2017.0,900000.0,False
Cuba,,export_kg,2018.0,1980000.0,False
Cuba,,export_kg,2019.0,1320000.0,False
Côte d'Ivoire,,export_kg,1990.0,256980000.0,False
Côte d'Ivoire,,export_kg,1991.0,228300000.0,False
Côte d'Ivoire,,export_kg,1992.0,272760000.0,False
Côte d'Ivoire,,export_kg,1993.0,241980000.0,False
Côte d'Ivoire,,export_kg,1994.0,146640000.0,False
Côte d'Ivoire,,export_kg,1995.0,149640000.0,False
Côte d'Ivoire,,export_kg,1996.0,165060000.0,False
Côte d'Ivoire,,export_kg,1997.0,282780000.0,False
Côte d'Ivoire,,export_kg,1998.0,261900000.0,False
Côte d'Ivoire,,export_kg,1999.0,144360000.0,False
Côte d'Ivoire,,export_kg,2000.0,366600000.0,False
Côte d'Ivoire,,export_kg,2001.0,245700000.0,False
Côte d'Ivoire,,export_kg,2002.0,195180000.0,False
Côte d'Ivoire,,export_kg,2003.0,158820000.0,False
Côte d'Ivoire,,export_kg,2004.0,154380000.0,False
Côte d'Ivoire,,export_kg,2005.0,105240000.0,False
Côte d'Ivoire,,export_kg,2006.0,105060000.0,False
Côte d'Ivoire,,export_kg,2007.0,131760000.0,False
Côte d'Ivoire,,export_kg,2008.0,89400000.0,False
Côte d'Ivoire,,export_kg,2009.0,108420000.0,False
Côte d'Ivoire,,export_kg,2010.0,114720000.0,False
Côte d'Ivoire,,export_kg,2011.0,46320000.0,False
Côte d'Ivoire,,export_kg,2012.0,102720000.0,False
Côte d'Ivoire,,export_kg,2013.0,117720000.0,False
Côte d'Ivoire,,export_kg,2014.0,89340000.0,False
Côte d'Ivoire,,export_kg,2015.0,85080000.0,False
Côte d'Ivoire,,export_kg,2016.0,85920000.0,False
Côte d'Ivoire,,export_kg,2017.0,51300000.0,False
Côte d'Ivoire,,export_kg,2018.0,91320000.0,False
Côte d'Ivoire,,export_kg,2019.0,126240000.0,False
Democratic Republic of Congo,,export_kg,1990.0,110340000.0,False
Democratic Republic of Congo,,export_kg,1991.0,85080000.0,False
Democratic Republic of Congo,,export_kg,1992.0,57240000.0,False
Democratic Republic of Congo,,export_kg,1993.0,55200000.0,False
Democratic Republic of Congo,,export_kg,1994.0,45660000.0,False
Democratic Republic of Congo,,export_kg,1995.0,63060000.0,False
Democratic Republic of Congo,,export_kg,1996.0,52920000.0,False
Democratic Republic of Congo,,export_kg,1997.0,32640000.0,False
Democratic Republic of Congo,,export_kg,1998.0,38400000.0,False
Democratic Republic of Congo,,export_kg,1999.0,29220000.0,False
Democratic Republic of Congo,,export_kg,2000.0,16860000.0,False
Democratic Republic of Congo,,export_kg,2001.0,7980000.0,False
Democratic Republic of Congo,,export_kg,2002.0,10740000.0,False
Democratic Republic of Congo,,export_kg,2003.0,12720000.0,False
Democratic Republic of Congo,,export_kg,2004.0,15180000.0,False
Democratic Republic of Congo,,export_kg,2005.0,9480000.0,False
Democratic Republic of Congo,,export_kg,2006.0,8280000.0,False
Democratic Republic of Congo,,export_kg,2007.0,12000000.0,False
Democratic Republic of Congo,,export_kg,2008.0,12180000.0,False
Democratic Republic of Congo,,export_kg,2009.0,9660000.0,False
Democratic Republic of Congo,,export_kg,2010.0,9720000.0,False
Democratic Republic of Congo,,export_kg,2011.0,7920000.0,False
Democratic Republic of Congo,,export_kg,2012.0,8760000.0,False
Democratic Republic of Congo,,export_kg,2013.0,8400000.0,False
Democratic Republic of Congo,,export_kg,2014.0,9060000.0,False
Democratic Republic of Congo,,export_kg,2015.0,7680000.0,False
Democratic Republic of Congo,,export_kg,2016.0,10260000.0,False
Democratic Republic of Congo,,export_kg,2017.0,5340000.0,False
Democratic Republic of Congo,,export_kg,2018.0,11280000.0,False
Democratic Republic of Congo,,export_kg,2019.0,12300000.0,False
Dominican Republic,,export_kg,1990.0,32100000.0,False
Dominican Republic,,export_kg,1991.0,28560000.0,False
Dominican Republic,,export_kg,1992.0,22140000.0,False
Dominican Republic,,export_kg,1993.0,19860000.0,False
Dominican Republic,,export_kg,1994.0,19920000.0,False
Dominican Republic,,export_kg,1995.0,27060000.0,False
Dominican Republic,,export_kg,1996.0,27180000.0,False
Dominican Republic,,export_kg,1997.0,18420000.0,False
Dominican Republic,,export_kg,1998.0,21600000.0,False
Dominican Republic,,export_kg,1999.0,9660000.0,False
Dominican Republic,,export_kg,2000.0,9300000.0,False
Dominican Republic,,export_kg,2001.0,5820000.0,False
Dominican Republic,,export_kg,2002.0,7020000.0,False
Dominican Republic,,export_kg,2003.0,9060000.0,False
Dominican Republic,,export_kg,2004.0,2760000.0,False
Dominican Republic,,export_kg,2005.0,2520000.0,False
Dominican Republic,,export_kg,2006.0,7500000.0,False
Dominican Republic,,export_kg,2007.0,4680000.0,False
Dominican Republic,,export_kg,2008.0,4920000.0,False
Dominican Republic,,export_kg,2009.0,6120000.0,False
Dominican Republic,,export_kg,2010.0,2460000.0,False
Dominican Republic,,export_kg,2011.0,5340000.0,False
Dominican Republic,,export_kg,2012.0,8220000.0,False
Dominican Republic,,export_kg,2013.0,3900000.0,False
Dominican Republic,,export_kg,2014.0,2700000.0,False
Dominican Republic,,export_kg,2015.0,1140000.0,False
Dominican Republic,,export_kg,2016.0,1140000.0,False
Dominican Republic,,export_kg,2017.0,1440000.0,False
Dominican Republic,,export_kg,2018.0,1920000.0,False
Dominican Republic,,export_kg,2019.0,1620000.0,False
Ecuador,,export_kg,1990.0,107040000.0,False
Ecuador,,export_kg,1991.0,84960000.0,False
Ecuador,,export_kg,1992.0,76380000.0,False
Ecuador,,export_kg,1993.0,95940000.0,False
Ecuador,,export_kg,1994.0,128700000.0,False
Ecuador,,export_kg,1995.0,92400000.0,False
Ecuador,,export_kg,1996.0,92340000.0,False
Ecuador,,export_kg,1997.0,62700000.0,False
Ecuador,,export_kg,1998.0,63360000.0,False
Ecuador,,export_kg,1999.0,59280000.0,False
Ecuador,,export_kg,2000.0,41820000.0,False
Ecuador,,export_kg,2001.0,45360000.0,False
Ecuador,,export_kg,2002.0,33900000.0,False
Ecuador,,export_kg,2003.0,37260000.0,False
Ecuador,,export_kg,2004.0,42240000.0,False
Ecuador,,export_kg,2005.0,59580000.0,False
Ecuador,,export_kg,2006.0,60900000.0,False
Ecuador,,export_kg,2007.0,59460000.0,False
Ecuador,,export_kg,2008.0,52080000.0,False
Ecuador,,export_kg,2009.0,65160000.0,False
Ecuador,,export_kg,2010.0,72120000.0,False
Ecuador,,export_kg,2011.0,91920000.0,False
Ecuador,,export_kg,2012.0,94800000.0,False
Ecuador,,export_kg,2013.0,75720000.0,False
Ecuador,,export_kg,2014.0,67740000.0,False
Ecuador,,export_kg,2015.0,52140000.0,False
Ecuador,,export_kg,2016.0,55380000.0,False
Ecuador,,export_kg,2017.0,41700000.0,False
Ecuador,,export_kg,2018.0,28980000.0,False
Ecuador,,export_kg,2019.0,30360000.0,False
El Salvador,,export_kg,1990.0,150600000.0,False
El Salvador,,export_kg,1991.0,128880000.0,False
El Salvador,,export_kg,1992.0,127200000.0,False
El Salvador,,export_kg,1993.0,176820000.0,False
El Salvador,,export_kg,1994.0,125580000.0,False
El Salvador,,export_kg,1995.0,108420000.0,False
El Salvador,,export_kg,1996.0,138840000.0,False
El Salvador,,export_kg,1997.0,166320000.0,False
El Salvador,,export_kg,1998.0,101040000.0,False
El Salvador,,export_kg,1999.0,113400000.0,False
El Salvador,,export_kg,2000.0,152220000.0,False
El Salvador,,export_kg,2001.0,91980000.0,False
El Salvador,,export_kg,2002.0,91980000.0,False
El Salvador,,export_kg,2003.0,78240000.0,False
El Salvador,,export_kg,2004.0,79680000.0,False
El Salvador,,export_kg,2005.0,76800000.0,False
El Salvador,,export_kg,2006.0,77580000.0,False
El Salvador,,export_kg,2007.0,72600000.0,False
El Salvador,,export_kg,2008.0,86280000.0,False
El Salvador,,export_kg,2009.0,78540000.0,False
El Salvador,,export_kg,2010.0,64920000.0,False
El Salvador,,export_kg,2011.0,109560000.0,False
El Salvador,,export_kg,2012.0,62640000.0,False
El Salvador,,export_kg,2013.0,66180000.0,False
El Salvador,,export_kg,2014.0,27720000.0,False
El Salvador,,export_kg,2015.0,34560000.0,False
El Salvador,,export_kg,2016.0,29760000.0,False
El Salvador,,export_kg,2017.0,31620000.0,False
El Salvador,,export_kg,2018.0,34260000.0,False
El Salvador,,export_kg,2019.0,32760000.0,False
Equatorial Guinea,,export_kg,1990.0,420000.0,False
Equatorial Guinea,,export_kg,1991.0,180000.0,False
Equatorial Guinea,,export_kg,1992.0,180000.0,False
Equatorial Guinea,,export_kg,1993.0,120000.0,False
Equatorial Guinea,,export_kg,1994.0,60000.0,False
Equatorial Guinea,,export_kg,1995.0,180000.0,False
Equatorial Guinea,,export_kg,1996.0,120000.0,False
Equatorial Guinea,,export_kg,1997.0,60000.0,False
Equatorial Guinea,,export_kg,1998.0,120000.0,False
Equatorial Guinea,,export_kg,1999.0,60000.0,False
Equatorial Guinea,,export_kg,2000.0,0.0,False
Equatorial Guinea,,export_kg,2001.0,0.0,False
Equatorial Guinea,,export_kg,2002.0,0.0,False
Equatorial Guinea,,export_kg,2003.0,0.0,False
Equatorial Guinea,,export_kg,2004.0,0.0,False
Equatorial Guinea,,export_kg,2005.0,0.0,False
Equatorial Guinea,,export_kg,2006.0,0.0,False
Equatorial Guinea,,export_kg,2007.0,0.0,False
Equatorial Guinea,,export_kg,2008.0,0.0,False
Equatorial Guinea,,export_kg,2009.0,0.0,False
Equatorial Guinea,,export_kg,2010.0,0.0,False
Equatorial Guinea,,export_kg,2011.0,0.0,False
Equatorial Guinea,,export_kg,2012.0,0.0,False
Equatorial Guinea,,export_kg,2013.0,0.0,False
Equatorial Guinea,,export_kg,2014.0,0.0,False
Equatorial Guinea,,export_kg,2015.0,0.0,False
Equatorial Guinea,,export_kg,2016.0,0.0,False
Equatorial Guinea,,export_kg,2017.0,0.0,False
Equatorial Guinea,,export_kg,2018.0,0.0,False
Equatorial Guinea,,export_kg,2019.0,0.0,False
Ethiopia,,export_kg,1990.0,64440000.0,False
Ethiopia,,export_kg,1991.0,50460000.0,False
Ethiopia,,export_kg,1992.0,44040000.0,False
Ethiopia,,export_kg,1993.0,70020000.0,False
Ethiopia,,export_kg,1994.0,88500000.0,False
Ethiopia,,export_kg,1995.0,76560000.0,False
Ethiopia,,export_kg,1996.0,110280000.0,False
Ethiopia,,export_kg,1997.0,118800000.0,False
Ethiopia,,export_kg,1998.0,115020000.0,False
Ethiopia,,export_kg,1999.0,109080000.0,False
Ethiopia,,export_kg,2000.0,118920000.0,False
Ethiopia,,export_kg,2001.0,82560000.0,False
Ethiopia,,export_kg,2002.0,123300000.0,False
Ethiopia,,export_kg,2003.0,133740000.0,False
Ethiopia,,export_kg,2004.0,149460000.0,False
Ethiopia,,export_kg,2005.0,146100000.0,False
Ethiopia,,export_kg,2006.0,176160000.0,False
Ethiopia,,export_kg,2007.0,156240000.0,False
Ethiopia,,export_kg,2008.0,171120000.0,False
Ethiopia,,export_kg,2009.0,111060000.0,False
Ethiopia,,export_kg,2010.0,199440000.0,False
Ethiopia,,export_kg,2011.0,160500000.0,False
Ethiopia,,export_kg,2012.0,192180000.0,False
Ethiopia,,export_kg,2013.0,172200000.0,False
Ethiopia,,export_kg,2014.0,187020000.0,False
Ethiopia,,export_kg,2015.0,179100000.0,False
Ethiopia,,export_kg,2016.0,180060000.0,False
Ethiopia,,export_kg,2017.0,226380000.0,False
Ethiopia,,export_kg,2018.0,215340000.0,False
Ethiopia,,export_kg,2019.0,235260000.0,False
Gabon,,export_kg,1990.0,120000.0,False
Gabon,,export_kg,1991.0,180000.0,False
Gabon,,export_kg,1992.0,60000.0,False
Gabon,,export_kg,1993.0,120000.0,False
Gabon,,export_kg,1994.0,300000.0,False
Gabon,,export_kg,1995.0,180000.0,False
Gabon,,export_kg,1996.0,120000.0,False
Gabon,,export_kg,1997.0,0.0,False
Gabon,,export_kg,1998.0,120000.0,False
Gabon,,export_kg,1999.0,120000.0,False
Gabon,,export_kg,2000.0,60000.0,False
Gabon,,export_kg,2001.0,120000.0,False
Gabon,,export_kg,2002.0,0.0,False
Gabon,,export_kg,2003.0,60000.0,False
Gabon,,export_kg,2004.0,0.0,False
Gabon,,export_kg,2005.0,0.0,False
Gabon,,export_kg,2006.0,60000.0,False
Gabon,,export_kg,2007.0,0.0,False
Gabon,,export_kg,2008.0,0.0,False
Gabon,,export_kg,2009.0,60000.0,False
Gabon,,export_kg,2010.0,60000.0,False
Gabon,,export_kg,2011.0,60000.0,False
Gabon,,export_kg,2012.0,0.0,False
Gabon,,export_kg,2013.0,0.0,False
Gabon,,export_kg,2014.0,0.0,False
Gabon,,export_kg,2015.0,0.0,False
Gabon,,export_kg,2016.0,0.0,False
Gabon,,export_kg,2017.0,0.0,False
Gabon,,export_kg,2018.0,0.0,False
Gabon,,export_kg,2019.0,0.0,False
Ghana,,export_kg,1990.0,660000.0,False
Ghana,,export_kg,1991.0,960000.0,False
Ghana,,export_kg,1992.0,1920000.0,False
Ghana,,export_kg,1993.0,2820000.0,False
Ghana,,export_kg,1994.0,660000.0,False
Ghana,,export_kg,1995.0,2280000.0,False
Ghana,,export_kg,1996.0,240000.0,False
Ghana,,export_kg,1997.0,1800000.0,False
Ghana,,export_kg,1998.0,1080000.0,False
Ghana,,export_kg,1999.0,5640000.0,False
Ghana,,export_kg,2000.0,5460000.0,False
Ghana,,export_kg,2001.0,3420000.0,False
Ghana,,export_kg,2002.0,1500000.0,False
Ghana,,export_kg,2003.0,1500000.0,False
Ghana,,export_kg,2004.0,1320000.0,False
Ghana,,export_kg,2005.0,1080000.0,False
Ghana,,export_kg,2006.0,540000.0,False
Ghana,,export_kg,2007.0,1320000.0,False
Ghana,,export_kg,2008.0,2160000.0,False
Ghana,,export_kg,2009.0,1440000.0,False
Ghana,,export_kg,2010.0,420000.0,False
Ghana,,export_kg,2011.0,4320000.0,False
Ghana,,export_kg,2012.0,1800000.0,False
Ghana,,export_kg,2013.0,1380000.0,False
Ghana,,export_kg,2014.0,1560000.0,False
Ghana,,export_kg,2015.0,2400000.0,False
Ghana,,export_kg,2016.0,1620000.0,False
Ghana,,export_kg,2017.0,1020000.0,False
Ghana,,export_kg,2018.0,720000.0,False
Ghana,,export_kg,2019.0,600000.0,False
Guatemala,,export_kg,1990.0,194400000.0,False
Guatemala,,export_kg,1991.0,169920000.0,False
Guatemala,,export_kg,1992.0,199680000.0,False
Guatemala,,export_kg,1993.0,225060000.0,False
Guatemala,,export_kg,1994.0,196440000.0,False
Guatemala,,export_kg,1995.0,222060000.0,False
Guatemala,,export_kg,1996.0,238740000.0,False
Guatemala,,export_kg,1997.0,254640000.0,False
Guatemala,,export_kg,1998.0,212520000.0,False
Guatemala,,export_kg,1999.0,280860000.0,False
Guatemala,,export_kg,2000.0,291120000.0,False
Guatemala,,export_kg,2001.0,246600000.0,False
Guatemala,,export_kg,2002.0,209460000.0,False
Guatemala,,export_kg,2003.0,229260000.0,False
Guatemala,,export_kg,2004.0,198600000.0,False
Guatemala,,export_kg,2005.0,207960000.0,False
Guatemala,,export_kg,2006.0,198720000.0,False
Guatemala,,export_kg,2007.0,223560000.0,False
Guatemala,,export_kg,2008.0,226680000.0,False
Guatemala,,export_kg,2009.0,209580000.0,False
Guatemala,,export_kg,2010.0,208080000.0,False
Guatemala,,export_kg,2011.0,221820000.0,False
Guatemala,,export_kg,2012.0,225000000.0,False
Guatemala,,export_kg,2013.0,214500000.0,False
Guatemala,,export_kg,2014.0,182580000.0,False
Guatemala,,export_kg,2015.0,177660000.0,False
Guatemala,,export_kg,2016.0,179460000.0,False
Guatemala,,export_kg,2017.0,202980000.0,False
Guatemala,,export_kg,2018.0,199620000.0,False
Guatemala,,export_kg,2019.0,216780000.0,False
Guinea,,export_kg,1990.0,7320000.0,False
Guinea,,export_kg,1991.0,3660000.0,False
Guinea,,export_kg,1992.0,3480000.0,False
Guinea,,export_kg,1993.0,900000.0,False
Guinea,,export_kg,1994.0,3000000.0,False
Guinea,,export_kg,1995.0,9120000.0,False
Guinea,,export_kg,1996.0,1920000.0,False
Guinea,,export_kg,1997.0,6840000.0,False
Guinea,,export_kg,1998.0,13680000.0,False
Guinea,,export_kg,1999.0,18060000.0,False
Guinea,,export_kg,2000.0,17520000.0,False
Guinea,,export_kg,2001.0,21360000.0,False
Guinea,,export_kg,2002.0,8160000.0,False
Guinea,,export_kg,2003.0,21300000.0,False
Guinea,,export_kg,2004.0,17760000.0,False
Guinea,,export_kg,2005.0,16740000.0,False
Guinea,,export_kg,2006.0,31140000.0,False
Guinea,,export_kg,2007.0,26160000.0,False
Guinea,,export_kg,2008.0,12480000.0,False
Guinea,,export_kg,2009.0,26340000.0,False
Guinea,,export_kg,2010.0,24360000.0,False
Guinea,,export_kg,2011.0,23100000.0,False
Guinea,,export_kg,2012.0,22620000.0,False
Guinea,,export_kg,2013.0,8040000.0,False
Guinea,,export_kg,2014.0,1440000.0,False
Guinea,,export_kg,2015.0,9120000.0,False
Guinea,,export_kg,2016.0,15000000.0,False
Guinea,,export_kg,2017.0,12960000.0,False
Guinea,,export_kg,2018.0,9420000.0,False
Guinea,,export_kg,2019.0,4140000.0,False
Guyana,,export_kg,1990.0,0.0,False
Guyana,,export_kg,1991.0,0.0,False
Guyana,,export_kg,1992.0,60000.0,False
Guyana,,export_kg,1993.0,0.0,False
Guyana,,export_kg,1994.0,0.0,False
Guyana,,export_kg,1995.0,0.0,False
Guyana,,export_kg,1996.0,0.0,False
Guyana,,export_kg,1997.0,0.0,False
Guyana,,export_kg,1998.0,0.0,False
Guyana,,export_kg,1999.0,60000.0,False
Guyana,,export_kg,2000.0,60000.0,False
Guyana,,export_kg,2001.0,60000.0,False
Guyana,,export_kg,2002.0,60000.0,False
Guyana,,export_kg,2003.0,60000.0,False
Guyana,,export_kg,2004.0,60000.0,False
Guyana,,export_kg,2005.0,60000.0,False
Guyana,,export_kg,2006.0,120000.0,False
Guyana,,export_kg,2007.0,120000.0,False
Guyana,,export_kg,2008.0,120000.0,False
Guyana,,export_kg,2009.0,60000.0,False
Guyana,,export_kg,2010.0,60000.0,False
Guyana,,export_kg,2011.0,60000.0,False
Guyana,,export_kg,2012.0,120000.0,False
Guyana,,export_kg,2013.0,60000.0,False
Guyana,,export_kg,2014.0,780000.0,False
Guyana,,export_kg,2015.0,120000.0,False
Guyana,,export_kg,2016.0,120000.0,False
Guyana,,export_kg,2017.0,60000.0,False
Guyana,,export_kg,2018.0,60000.0,False
Guyana,,export_kg,2019.0,60000.0,False
Haiti,,export_kg,1990.0,11460000.0,False
Haiti,,export_kg,1991.0,9060000.0,False
Haiti,,export_kg,1992.0,9960000.0,False
Haiti,,export_kg,1993.0,9540000.0,False
Haiti,,export_kg,1994.0,6180000.0,False
Haiti,,export_kg,1995.0,9120000.0,False
Haiti,,export_kg,1996.0,9360000.0,False
Haiti,,export_kg,1997.0,6060000.0,False
Haiti,,export_kg,1998.0,7620000.0,False
Haiti,,export_kg,1999.0,4320000.0,False
Haiti,,export_kg,2000.0,4380000.0,False
Haiti,,export_kg,2001.0,5220000.0,False
Haiti,,export_kg,2002.0,2460000.0,False
Haiti,,export_kg,2003.0,2220000.0,False
Haiti,,export_kg,2004.0,1920000.0,False
Haiti,,export_kg,2005.0,1500000.0,False
Haiti,,export_kg,2006.0,1440000.0,False
Haiti,,export_kg,2007.0,1260000.0,False
Haiti,,export_kg,2008.0,1020000.0,False
Haiti,,export_kg,2009.0,960000.0,False
Haiti,,export_kg,2010.0,540000.0,False
Haiti,,export_kg,2011.0,540000.0,False
Haiti,,export_kg,2012.0,660000.0,False
Haiti,,export_kg,2013.0,480000.0,False
Haiti,,export_kg,2014.0,180000.0,False
Haiti,,export_kg,2015.0,180000.0,False
Haiti,,export_kg,2016.0,60000.0,False
Haiti,,export_kg,2017.0,120000.0,False
Haiti,,export_kg,2018.0,120000.0,False
Haiti,,export_kg,2019.0,120000.0,False
Honduras,,export_kg,1990.0,104100000.0,False
Honduras,,export_kg,1991.0,86640000.0,False
Honduras,,export_kg,1992.0,117600000.0,False
Honduras,,export_kg,1993.0,102300000.0,False
Honduras,,export_kg,1994.0,103080000.0,False
Honduras,,export_kg,1995.0,107760000.0,False
Honduras,,export_kg,1996.0,123600000.0,False
Honduras,,export_kg,1997.0,103320000.0,False
Honduras,,export_kg,1998.0,139740000.0,False
Honduras,,export_kg,1999.0,119220000.0,False
Honduras,,export_kg,2000.0,172740000.0,False
Honduras,,export_kg,2001.0,143520000.0,False
Honduras,,export_kg,2002.0,162660000.0,False
Honduras,,export_kg,2003.0,145500000.0,False
Honduras,,export_kg,2004.0,166740000.0,False
Honduras,,export_kg,2005.0,143520000.0,False
Honduras,,export_kg,2006.0,173880000.0,False
Honduras,,export_kg,2007.0,198720000.0,False
Honduras,,export_kg,2008.0,195540000.0,False
Honduras,,export_kg,2009.0,185040000.0,False
Honduras,,export_kg,2010.0,200940000.0,False
Honduras,,export_kg,2011.0,236820000.0,False
Honduras,,export_kg,2012.0,330480000.0,False
Honduras,,export_kg,2013.0,251100000.0,False
Honduras,,export_kg,2014.0,255120000.0,False
Honduras,,export_kg,2015.0,301800000.0,False
Honduras,,export_kg,2016.0,318360000.0,False
Honduras,,export_kg,2017.0,440460000.0,False
Honduras,,export_kg,2018.0,428640000.0,False
Honduras,,export_kg,2019.0,405900000.0,False
India,,export_kg,1990.0,118740000.0,False
India,,export_kg,1991.0,103620000.0,False
India,,export_kg,1992.0,108960000.0,False
India,,export_kg,1993.0,126120000.0,False
India,,export_kg,1994.0,149760000.0,False
India,,export_kg,1995.0,148020000.0,False
India,,export_kg,1996.0,186180000.0,False
India,,export_kg,1997.0,158400000.0,False
India,,export_kg,1998.0,209220000.0,False
India,,export_kg,1999.0,217320000.0,False
India,,export_kg,2000.0,253740000.0,False
India,,export_kg,2001.0,223800000.0,False
India,,export_kg,2002.0,213000000.0,False
India,,export_kg,2003.0,222420000.0,False
India,,export_kg,2004.0,218820000.0,False
India,,export_kg,2005.0,169740000.0,False
India,,export_kg,2006.0,214680000.0,False
India,,export_kg,2007.0,199140000.0,False
India,,export_kg,2008.0,202620000.0,False
India,,export_kg,2009.0,180420000.0,False
India,,export_kg,2010.0,278820000.0,False
India,,export_kg,2011.0,324840000.0,False
India,,export_kg,2012.0,302640000.0,False
India,,export_kg,2013.0,301980000.0,False
India,,export_kg,2014.0,307860000.0,False
India,,export_kg,2015.0,315720000.0,False
India,,export_kg,2016.0,365160000.0,False
India,,export_kg,2017.0,392520000.0,False
India,,export_kg,2018.0,358020000.0,False
India,,export_kg,2019.0,361680000.0,False
Indonesia,,export_kg,1990.0,414180000.0,False
Indonesia,,export_kg,1991.0,370260000.0,False
Indonesia,,export_kg,1992.0,276240000.0,False
Indonesia,,export_kg,1993.0,339720000.0,False
Indonesia,,export_kg,1994.0,276300000.0,False
Indonesia,,export_kg,1995.0,236820000.0,False
Indonesia,,export_kg,1996.0,386400000.0,False
Indonesia,,export_kg,1997.0,345300000.0,False
Indonesia,,export_kg,1998.0,335880000.0,False
Indonesia,,export_kg,1999.0,306900000.0,False
Indonesia,,export_kg,2000.0,321480000.0,False
Indonesia,,export_kg,2001.0,314580000.0,False
Indonesia,,export_kg,2002.0,257160000.0,False
Indonesia,,export_kg,2003.0,287700000.0,False
Indonesia,,export_kg,2004.0,327360000.0,False
Indonesia,,export_kg,2005.0,404640000.0,False
Indonesia,,export_kg,2006.0,316800000.0,False
Indonesia,,export_kg,2007.0,248940000.0,False
Indonesia,,export_kg,2008.0,344460000.0,False
Indonesia,,export_kg,2009.0,474420000.0,False
Indonesia,,export_kg,2010.0,329340000.0,False
Indonesia,,export_kg,2011.0,235200000.0,False
Indonesia,,export_kg,2012.0,492360000.0,False
Indonesia,,export_kg,2013.0,555300000.0,False
Indonesia,,export_kg,2014.0,370500000.0,False
Indonesia,,export_kg,2015.0,502740000.0,False
Indonesia,,export_kg,2016.0,392700000.0,False
Indonesia,,export_kg,2017.0,491880000.0,False
Indonesia,,export_kg,2018.0,272340000.0,False
Indonesia,,export_kg,2019.0,380040000.0,False
Jamaica,,export_kg,1990.0,900000.0,False
Jamaica,,export_kg,1991.0,1020000.0,False
Jamaica,,export_kg,1992.0,1320000.0,False
Jamaica,,export_kg,1993.0,1440000.0,False
Jamaica,,export_kg,1994.0,960000.0,False
Jamaica,,export_kg,1995.0,1560000.0,False
Jamaica,,export_kg,1996.0,1620000.0,False
Jamaica,,export_kg,1997.0,1800000.0,False
Jamaica,,export_kg,1998.0,1020000.0,False
Jamaica,,export_kg,1999.0,1440000.0,False
Jamaica,,export_kg,2000.0,1740000.0,False
Jamaica,,export_kg,2001.0,1680000.0,False
Jamaica,,export_kg,2002.0,1560000.0,False
Jamaica,,export_kg,2003.0,1500000.0,False
Jamaica,,export_kg,2004.0,1740000.0,False
Jamaica,,export_kg,2005.0,900000.0,False
Jamaica,,export_kg,2006.0,1500000.0,False
Jamaica,,export_kg,2007.0,1380000.0,False
Jamaica,,export_kg,2008.0,1260000.0,False
Jamaica,,export_kg,2009.0,1500000.0,False
Jamaica,,export_kg,2010.0,900000.0,False
Jamaica,,export_kg,2011.0,960000.0,False
Jamaica,,export_kg,2012.0,900000.0,False
Jamaica,,export_kg,2013.0,900000.0,False
Jamaica,,export_kg,2014.0,600000.0,False
Jamaica,,export_kg,2015.0,720000.0,False
Jamaica,,export_kg,2016.0,660000.0,False
Jamaica,,export_kg,2017.0,600000.0,False
Jamaica,,export_kg,2018.0,600000.0,False
Jamaica,,export_kg,2019.0,540000.0,False
Kenya,,export_kg,1990.0,118140000.0,False
Kenya,,export_kg,1991.0,93480000.0,False
Kenya,,export_kg,1992.0,83040000.0,False
Kenya,,export_kg,1993.0,86340000.0,False
Kenya,,export_kg,1994.0,81480000.0,False
Kenya,,export_kg,1995.0,87000000.0,False
Kenya,,export_kg,1996.0,114120000.0,False
Kenya,,export_kg,1997.0,69540000.0,False
Kenya,,export_kg,1998.0,50460000.0,False
Kenya,,export_kg,1999.0,66840000.0,False
Kenya,,export_kg,2000.0,79680000.0,False
Kenya,,export_kg,2001.0,65760000.0,False
Kenya,,export_kg,2002.0,44160000.0,False
Kenya,,export_kg,2003.0,55200000.0,False
Kenya,,export_kg,2004.0,45240000.0,False
Kenya,,export_kg,2005.0,40380000.0,False
Kenya,,export_kg,2006.0,35820000.0,False
Kenya,,export_kg,2007.0,49020000.0,False
Kenya,,export_kg,2008.0,36480000.0,False
Kenya,,export_kg,2009.0,31500000.0,False
Kenya,,export_kg,2010.0,31860000.0,False
Kenya,,export_kg,2011.0,36540000.0,False
Kenya,,export_kg,2012.0,48180000.0,False
Kenya,,export_kg,2013.0,48900000.0,False
Kenya,,export_kg,2014.0,47940000.0,False
Kenya,,export_kg,2015.0,42720000.0,False
Kenya,,export_kg,2016.0,43620000.0,False
Kenya,,export_kg,2017.0,42600000.0,False
Kenya,,export_kg,2018.0,45180000.0,False
Kenya,,export_kg,2019.0,50160000.0,False
Lao People's Democratic Republic,,export_kg,1990.0,5880000.0,False
Lao People's Democratic Republic,,export_kg,1991.0,5880000.0,False
Lao People's Democratic Republic,,export_kg,1992.0,6120000.0,False
Lao People's Democratic Republic,,export_kg,1993.0,8520000.0,False
Lao People's Democratic Republic,,export_kg,1994.0,9180000.0,False
Lao People's Democratic Republic,,export_kg,1995.0,9900000.0,False
Lao People's Democratic Republic,,export_kg,1996.0,8640000.0,False
Lao People's Democratic Republic,,export_kg,1997.0,6600000.0,False
Lao People's Democratic Republic,,export_kg,1998.0,6720000.0,False
Lao People's Democratic Republic,,export_kg,1999.0,11460000.0,False
Lao People's Democratic Republic,,export_kg,2000.0,15300000.0,False
Lao People's Democratic Republic,,export_kg,2001.0,11880000.0,False
Lao People's Democratic Republic,,export_kg,2002.0,16680000.0,False
Lao People's Democratic Republic,,export_kg,2003.0,13980000.0,False
Lao People's Democratic Republic,,export_kg,2004.0,16020000.0,False
Lao People's Democratic Republic,,export_kg,2005.0,14220000.0,False
Lao People's Democratic Republic,,export_kg,2006.0,7200000.0,False
Lao People's Democratic Republic,,export_kg,2007.0,15120000.0,False
Lao People's Democratic Republic,,export_kg,2008.0,15480000.0,False
Lao People's Democratic Republic,,export_kg,2009.0,15840000.0,False
Lao People's Democratic Republic,,export_kg,2010.0,17280000.0,False
Lao People's Democratic Republic,,export_kg,2011.0,25260000.0,False
Lao People's Democratic Republic,,export_kg,2012.0,21600000.0,False
Lao People's Democratic Republic,,export_kg,2013.0,24000000.0,False
Lao People's Democratic Republic,,export_kg,2014.0,22200000.0,False
Lao People's Democratic Republic,,export_kg,2015.0,24180000.0,False
Lao People's Democratic Republic,,export_kg,2016.0,23160000.0,False
Lao People's Democratic Republic,,export_kg,2017.0,23160000.0,False
Lao People's Democratic Republic,,export_kg,2018.0,21660000.0,False
Lao People's Democratic Republic,,export_kg,2019.0,34500000.0,False
Liberia,,export_kg,1990.0,1320000.0,False
Liberia,,export_kg,1991.0,0.0,False
Liberia,,export_kg,1992.0,0.0,False
Liberia,,export_kg,1993.0,0.0,False
Liberia,,export_kg,1994.0,0.0,False
Liberia,,export_kg,1995.0,0.0,False
Liberia,,export_kg,1996.0,0.0,False
Liberia,,export_kg,1997.0,0.0,False
Liberia,,export_kg,1998.0,180000.0,False
Liberia,,export_kg,1999.0,900000.0,False
Liberia,,export_kg,2000.0,240000.0,False
Liberia,,export_kg,2001.0,420000.0,False
Liberia,,export_kg,2002.0,360000.0,False
Liberia,,export_kg,2003.0,420000.0,False
Liberia,,export_kg,2004.0,0.0,False
Liberia,,export_kg,2005.0,60000.0,False
Liberia,,export_kg,2006.0,0.0,False
Liberia,,export_kg,2007.0,120000.0,False
Liberia,,export_kg,2008.0,120000.0,False
Liberia,,export_kg,2009.0,540000.0,False
Liberia,,export_kg,2010.0,420000.0,False
Liberia,,export_kg,2011.0,480000.0,False
Liberia,,export_kg,2012.0,180000.0,False
Liberia,,export_kg,2013.0,240000.0,False
Liberia,,export_kg,2014.0,60000.0,False
Liberia,,export_kg,2015.0,240000.0,False
Liberia,,export_kg,2016.0,180000.0,False
Liberia,,export_kg,2017.0,660000.0,False
Liberia,,export_kg,2018.0,480000.0,False
Liberia,,export_kg,2019.0,60000.0,False
Madagascar,,export_kg,1990.0,51780000.0,False
Madagascar,,export_kg,1991.0,35280000.0,False
Madagascar,,export_kg,1992.0,44160000.0,False
Madagascar,,export_kg,1993.0,37680000.0,False
Madagascar,,export_kg,1994.0,26160000.0,False
Madagascar,,export_kg,1995.0,35100000.0,False
Madagascar,,export_kg,1996.0,43080000.0,False
Madagascar,,export_kg,1997.0,28800000.0,False
Madagascar,,export_kg,1998.0,47760000.0,False
Madagascar,,export_kg,1999.0,27840000.0,False
Madagascar,,export_kg,2000.0,12960000.0,False
Madagascar,,export_kg,2001.0,5220000.0,False
Madagascar,,export_kg,2002.0,8700000.0,False
Madagascar,,export_kg,2003.0,7140000.0,False
Madagascar,,export_kg,2004.0,7620000.0,False
Madagascar,,export_kg,2005.0,5760000.0,False
Madagascar,,export_kg,2006.0,10740000.0,False
Madagascar,,export_kg,2007.0,5940000.0,False
Madagascar,,export_kg,2008.0,11760000.0,False
Madagascar,,export_kg,2009.0,2400000.0,False
Madagascar,,export_kg,2010.0,4440000.0,False
Madagascar,,export_kg,2011.0,8640000.0,False
Madagascar,,export_kg,2012.0,4740000.0,False
Madagascar,,export_kg,2013.0,9960000.0,False
Madagascar,,export_kg,2014.0,8280000.0,False
Madagascar,,export_kg,2015.0,3540000.0,False
Madagascar,,export_kg,2016.0,4560000.0,False
Madagascar,,export_kg,2017.0,3480000.0,False
Madagascar,,export_kg,2018.0,360000.0,False
Madagascar,,export_kg,2019.0,240000.0,False
Malawi,,export_kg,1990.0,7440000.0,False
Malawi,,export_kg,1991.0,6000000.0,False
Malawi,,export_kg,1992.0,7680000.0,False
Malawi,,export_kg,1993.0,6240000.0,False
Malawi,,export_kg,1994.0,4680000.0,False
Malawi,,export_kg,1995.0,5520000.0,False
Malawi,,export_kg,1996.0,3600000.0,False
Malawi,,export_kg,1997.0,3600000.0,False
Malawi,,export_kg,1998.0,3540000.0,False
Malawi,,export_kg,1999.0,3240000.0,False
Malawi,,export_kg,2000.0,3660000.0,False
Malawi,,export_kg,2001.0,3840000.0,False
Malawi,,export_kg,2002.0,2640000.0,False
Malawi,,export_kg,2003.0,2940000.0,False
Malawi,,export_kg,2004.0,1560000.0,False
Malawi,,export_kg,2005.0,1260000.0,False
Malawi,,export_kg,2006.0,1020000.0,False
Malawi,,export_kg,2007.0,1140000.0,False
Malawi,,export_kg,2008.0,1260000.0,False
Malawi,,export_kg,2009.0,1080000.0,False
Malawi,,export_kg,2010.0,480000.0,False
Malawi,,export_kg,2011.0,1560000.0,False
Malawi,,export_kg,2012.0,1200000.0,False
Malawi,,export_kg,2013.0,1740000.0,False
Malawi,,export_kg,2014.0,1560000.0,False
Malawi,,export_kg,2015.0,1080000.0,False
Malawi,,export_kg,2016.0,1320000.0,False
Malawi,,export_kg,2017.0,780000.0,False
Malawi,,export_kg,2018.0,720000.0,False
Malawi,,export_kg,2019.0,960000.0,False
Mexico,,export_kg,1990.0,220980000.0,False
Mexico,,export_kg,1991.0,211860000.0,False
Mexico,,export_kg,1992.0,199920000.0,False
Mexico,,export_kg,1993.0,195840000.0,False
Mexico,,export_kg,1994.0,167340000.0,False
Mexico,,export_kg,1995.0,217560000.0,False
Mexico,,export_kg,1996.0,277980000.0,False
Mexico,,export_kg,1997.0,270120000.0,False
Mexico,,export_kg,1998.0,203940000.0,False
Mexico,,export_kg,1999.0,261480000.0,False
Mexico,,export_kg,2000.0,318240000.0,False
Mexico,,export_kg,2001.0,199980000.0,False
Mexico,,export_kg,2002.0,158700000.0,False
Mexico,,export_kg,2003.0,155760000.0,False
Mexico,,export_kg,2004.0,141720000.0,False
Mexico,,export_kg,2005.0,119100000.0,False
Mexico,,export_kg,2006.0,154200000.0,False
Mexico,,export_kg,2007.0,174720000.0,False
Mexico,,export_kg,2008.0,146880000.0,False
Mexico,,export_kg,2009.0,170280000.0,False
Mexico,,export_kg,2010.0,149880000.0,False
Mexico,,export_kg,2011.0,174420000.0,False
Mexico,,export_kg,2012.0,213360000.0,False
Mexico,,export_kg,2013.0,187920000.0,False
Mexico,,export_kg,2014.0,148800000.0,False
Mexico,,export_kg,2015.0,147480000.0,False
Mexico,,export_kg,2016.0,133980000.0,False
Mexico,,export_kg,2017.0,174660000.0,False
Mexico,,export_kg,2018.0,173280000.0,False
Mexico,,export_kg,2019.0,157620000.0,False
Nepal,,export_kg,1990.0,0.0,False
Nepal,,export_kg,1991.0,0.0,False
Nepal,,export_kg,1992.0,0.0,False
Nepal,,export_kg,1993.0,0.0,False
Nepal,,export_kg,1994.0,0.0,False
Nepal,,export_kg,1995.0,0.0,False
Nepal,,export_kg,1996.0,0.0,False
Nepal,,export_kg,1997.0,0.0,False
Nepal,,export_kg,1998.0,0.0,False
Nepal,,export_kg,1999.0,0.0,False
Nepal,,export_kg,2000.0,0.0,False
Nepal,,export_kg,2001.0,0.0,False
Nepal,,export_kg,2002.0,0.0,False
Nepal,,export_kg,2003.0,120000.0,False
Nepal,,export_kg,2004.0,60000.0,False
Nepal,,export_kg,2005.0,60000.0,False
Nepal,,export_kg,2006.0,60000.0,False
Nepal,,export_kg,2007.0,120000.0,False
Nepal,,export_kg,2008.0,60000.0,False
Nepal,,export_kg,2009.0,120000.0,False
Nepal,,export_kg,2010.0,60000.0,False
Nepal,,export_kg,2011.0,240000.0,False
Nepal,,export_kg,2012.0,60000.0,False
Nepal,,export_kg,2013.0,60000.0,False
Nepal,,export_kg,2014.0,60000.0,False
Nepal,,export_kg,2015.0,120000.0,False
Nepal,,export_kg,2016.0,120000.0,False
Nepal,,export_kg,2017.0,60000.0,False
Nepal,,export_kg,2018.0,120000.0,False
Nepal,,export_kg,2019.0,60000.0,False
Nicaragua,,export_kg,1990.0,40260000.0,False
Nicaragua,,export_kg,1991.0,23520000.0,False
Nicaragua,,export_kg,1992.0,38160000.0,False
Nicaragua,,export_kg,1993.0,28560000.0,False
Nicaragua,,export_kg,1994.0,37440000.0,False
Nicaragua,,export_kg,1995.0,40860000.0,False
Nicaragua,,export_kg,1996.0,49320000.0,False
Nicaragua,,export_kg,1997.0,42840000.0,False
Nicaragua,,export_kg,1998.0,56460000.0,False
Nicaragua,,export_kg,1999.0,59040000.0,False
Nicaragua,,export_kg,2000.0,82020000.0,False
Nicaragua,,export_kg,2001.0,81900000.0,False
Nicaragua,,export_kg,2002.0,57300000.0,False
Nicaragua,,export_kg,2003.0,60780000.0,False
Nicaragua,,export_kg,2004.0,78660000.0,False
Nicaragua,,export_kg,2005.0,60180000.0,False
Nicaragua,,export_kg,2006.0,86700000.0,False
Nicaragua,,export_kg,2007.0,75540000.0,False
Nicaragua,,export_kg,2008.0,97500000.0,False
Nicaragua,,export_kg,2009.0,82440000.0,False
Nicaragua,,export_kg,2010.0,102720000.0,False
Nicaragua,,export_kg,2011.0,88080000.0,False
Nicaragua,,export_kg,2012.0,119220000.0,False
Nicaragua,,export_kg,2013.0,99660000.0,False
Nicaragua,,export_kg,2014.0,114060000.0,False
Nicaragua,,export_kg,2015.0,105180000.0,False
Nicaragua,,export_kg,2016.0,117780000.0,False
Nicaragua,,export_kg,2017.0,146940000.0,False
Nicaragua,,export_kg,2018.0,138000000.0,False
Nicaragua,,export_kg,2019.0,177240000.0,False
Nigeria,,export_kg,1990.0,240000.0,False
Nigeria,,export_kg,1991.0,60000.0,False
Nigeria,,export_kg,1992.0,660000.0,False
Nigeria,,export_kg,1993.0,600000.0,False
Nigeria,,export_kg,1994.0,480000.0,False
Nigeria,,export_kg,1995.0,900000.0,False
Nigeria,,export_kg,1996.0,420000.0,False
Nigeria,,export_kg,1997.0,420000.0,False
Nigeria,,export_kg,1998.0,600000.0,False
Nigeria,,export_kg,1999.0,540000.0,False
Nigeria,,export_kg,2000.0,420000.0,False
Nigeria,,export_kg,2001.0,420000.0,False
Nigeria,,export_kg,2002.0,300000.0,False
Nigeria,,export_kg,2003.0,540000.0,False
Nigeria,,export_kg,2004.0,360000.0,False
Nigeria,,export_kg,2005.0,480000.0,False
Nigeria,,export_kg,2006.0,1680000.0,False
Nigeria,,export_kg,2007.0,540000.0,False
Nigeria,,export_kg,2008.0,120000.0,False
Nigeria,,export_kg,2009.0,60000.0,False
Nigeria,,export_kg,2010.0,180000.0,False
Nigeria,,export_kg,2011.0,420000.0,False
Nigeria,,export_kg,2012.0,120000.0,False
Nigeria,,export_kg,2013.0,60000.0,False
Nigeria,,export_kg,2014.0,60000.0,False
Nigeria,,export_kg,2015.0,180000.0,False
Nigeria,,export_kg,2016.0,60000.0,False
Nigeria,,export_kg,2017.0,180000.0,False
Nigeria,,export_kg,2018.0,180000.0,False
Nigeria,,export_kg,2019.0,120000.0,False
Panama,,export_kg,1990.0,7920000.0,False
Panama,,export_kg,1991.0,7440000.0,False
Panama,,export_kg,1992.0,7500000.0,False
Panama,,export_kg,1993.0,7740000.0,False
Panama,,export_kg,1994.0,4560000.0,False
Panama,,export_kg,1995.0,10860000.0,False
Panama,,export_kg,1996.0,8340000.0,False
Panama,,export_kg,1997.0,7440000.0,False
Panama,,export_kg,1998.0,8700000.0,False
Panama,,export_kg,1999.0,7080000.0,False
Panama,,export_kg,2000.0,4320000.0,False
Panama,,export_kg,2001.0,3420000.0,False
Panama,,export_kg,2002.0,4980000.0,False
Panama,,export_kg,2003.0,5160000.0,False
Panama,,export_kg,2004.0,5940000.0,False
Panama,,export_kg,2005.0,5400000.0,False
Panama,,export_kg,2006.0,6420000.0,False
Panama,,export_kg,2007.0,6540000.0,False
Panama,,export_kg,2008.0,6840000.0,False
Panama,,export_kg,2009.0,3540000.0,False
Panama,,export_kg,2010.0,3900000.0,False
Panama,,export_kg,2011.0,3180000.0,False
Panama,,export_kg,2012.0,3060000.0,False
Panama,,export_kg,2013.0,2940000.0,False
Panama,,export_kg,2014.0,3060000.0,False
Panama,,export_kg,2015.0,3000000.0,False
Panama,,export_kg,2016.0,3360000.0,False
Panama,,export_kg,2017.0,3000000.0,False
Panama,,export_kg,2018.0,2820000.0,False
Panama,,export_kg,2019.0,3060000.0,False
Papua New Guinea,,export_kg,1990.0,63060000.0,False
Papua New Guinea,,export_kg,1991.0,47280000.0,False
Papua New Guinea,,export_kg,1992.0,55020000.0,False
Papua New Guinea,,export_kg,1993.0,63300000.0,False
Papua New Guinea,,export_kg,1994.0,69420000.0,False
Papua New Guinea,,export_kg,1995.0,60120000.0,False
Papua New Guinea,,export_kg,1996.0,65400000.0,False
Papua New Guinea,,export_kg,1997.0,62580000.0,False
Papua New Guinea,,export_kg,1998.0,80940000.0,False
Papua New Guinea,,export_kg,1999.0,79200000.0,False
Papua New Guinea,,export_kg,2000.0,62580000.0,False
Papua New Guinea,,export_kg,2001.0,65700000.0,False
Papua New Guinea,,export_kg,2002.0,63420000.0,False
Papua New Guinea,,export_kg,2003.0,68820000.0,False
Papua New Guinea,,export_kg,2004.0,62880000.0,False
Papua New Guinea,,export_kg,2005.0,72000000.0,False
Papua New Guinea,,export_kg,2006.0,50940000.0,False
Papua New Guinea,,export_kg,2007.0,54540000.0,False
Papua New Guinea,,export_kg,2008.0,65760000.0,False
Papua New Guinea,,export_kg,2009.0,61620000.0,False
Papua New Guinea,,export_kg,2010.0,55740000.0,False
Papua New Guinea,,export_kg,2011.0,73500000.0,False
Papua New Guinea,,export_kg,2012.0,55500000.0,False
Papua New Guinea,,export_kg,2013.0,48660000.0,False
Papua New Guinea,,export_kg,2014.0,48420000.0,False
Papua New Guinea,,export_kg,2015.0,42660000.0,False
Papua New Guinea,,export_kg,2016.0,67980000.0,False
Papua New Guinea,,export_kg,2017.0,47640000.0,False
Papua New Guinea,,export_kg,2018.0,52200000.0,False
Papua New Guinea,,export_kg,2019.0,47220000.0,False
Paraguay,,export_kg,1990.0,15780000.0,False
Paraguay,,export_kg,1991.0,7200000.0,False
Paraguay,,export_kg,1992.0,2400000.0,False
Paraguay,,export_kg,1993.0,3480000.0,False
Paraguay,,export_kg,1994.0,2880000.0,False
Paraguay,,export_kg,1995.0,1260000.0,False
Paraguay,,export_kg,1996.0,960000.0,False
Paraguay,,export_kg,1997.0,2100000.0,False
Paraguay,,export_kg,1998.0,1140000.0,False
Paraguay,,export_kg,1999.0,180000.0,False
Paraguay,,export_kg,2000.0,300000.0,False
Paraguay,,export_kg,2001.0,60000.0,False
Paraguay,,export_kg,2002.0,1260000.0,False
Paraguay,,export_kg,2003.0,1860000.0,False
Paraguay,,export_kg,2004.0,1020000.0,False
Paraguay,,export_kg,2005.0,1440000.0,False
Paraguay,,export_kg,2006.0,1500000.0,False
Paraguay,,export_kg,2007.0,1860000.0,False
Paraguay,,export_kg,2008.0,60000.0,False
Paraguay,,export_kg,2009.0,0.0,False
Paraguay,,export_kg,2010.0,0.0,False
Paraguay,,export_kg,2011.0,0.0,False
Paraguay,,export_kg,2012.0,0.0,False
Paraguay,,export_kg,2013.0,0.0,False
Paraguay,,export_kg,2014.0,0.0,False
Paraguay,,export_kg,2015.0,0.0,False
Paraguay,,export_kg,2016.0,0.0,False
Paraguay,,export_kg,2017.0,0.0,False
Paraguay,,export_kg,2018.0,0.0,False
Paraguay,,export_kg,2019.0,0.0,False
Peru,,export_kg,1990.0,66300000.0,False
Peru,,export_kg,1991.0,62520000.0,False
Peru,,export_kg,1992.0,63660000.0,False
Peru,,export_kg,1993.0,46500000.0,False
Peru,,export_kg,1994.0,63420000.0,False
Peru,,export_kg,1995.0,105600000.0,False
Peru,,export_kg,1996.0,100740000.0,False
Peru,,export_kg,1997.0,98880000.0,False
Peru,,export_kg,1998.0,116940000.0,False
Peru,,export_kg,1999.0,144420000.0,False
Peru,,export_kg,2000.0,141720000.0,False
Peru,,export_kg,2001.0,159780000.0,False
Peru,,export_kg,2002.0,167340000.0,False
Peru,,export_kg,2003.0,150180000.0,False
Peru,,export_kg,2004.0,191040000.0,False
Peru,,export_kg,2005.0,142140000.0,False
Peru,,export_kg,2006.0,232860000.0,False
Peru,,export_kg,2007.0,172740000.0,False
Peru,,export_kg,2008.0,223980000.0,False
Peru,,export_kg,2009.0,184440000.0,False
Peru,,export_kg,2010.0,229020000.0,False
Peru,,export_kg,2011.0,281820000.0,False
Peru,,export_kg,2012.0,258600000.0,False
Peru,,export_kg,2013.0,224160000.0,False
Peru,,export_kg,2014.0,163200000.0,False
Peru,,export_kg,2015.0,167400000.0,False
Peru,,export_kg,2016.0,237600000.0,False
Peru,,export_kg,2017.0,236760000.0,False
Peru,,export_kg,2018.0,243840000.0,False
Peru,,export_kg,2019.0,226320000.0,False
Philippines,,export_kg,1990.0,10080000.0,False
Philippines,,export_kg,1991.0,6180000.0,False
Philippines,,export_kg,1992.0,2460000.0,False
Philippines,,export_kg,1993.0,2100000.0,False
Philippines,,export_kg,1994.0,7560000.0,False
Philippines,,export_kg,1995.0,3420000.0,False
Philippines,,export_kg,1996.0,1620000.0,False
Philippines,,export_kg,1997.0,1860000.0,False
Philippines,,export_kg,1998.0,1260000.0,False
Philippines,,export_kg,1999.0,540000.0,False
Philippines,,export_kg,2000.0,300000.0,False
Philippines,,export_kg,2001.0,180000.0,False
Philippines,,export_kg,2002.0,420000.0,False
Philippines,,export_kg,2003.0,720000.0,False
Philippines,,export_kg,2004.0,1740000.0,False
Philippines,,export_kg,2005.0,2040000.0,False
Philippines,,export_kg,2006.0,2280000.0,False
Philippines,,export_kg,2007.0,1920000.0,False
Philippines,,export_kg,2008.0,240000.0,False
Philippines,,export_kg,2009.0,420000.0,False
Philippines,,export_kg,2010.0,360000.0,False
Philippines,,export_kg,2011.0,600000.0,False
Philippines,,export_kg,2012.0,180000.0,False
Philippines,,export_kg,2013.0,360000.0,False
Philippines,,export_kg,2014.0,720000.0,False
Philippines,,export_kg,2015.0,900000.0,False
Philippines,,export_kg,2016.0,780000.0,False
Philippines,,export_kg,2017.0,540000.0,False
Philippines,,export_kg,2018.0,240000.0,False
Philippines,,export_kg,2019.0,420000.0,False
Rwanda,,export_kg,1990.0,46740000.0,False
Rwanda,,export_kg,1991.0,28440000.0,False
Rwanda,,export_kg,1992.0,38700000.0,False
Rwanda,,export_kg,1993.0,28860000.0,False
Rwanda,,export_kg,1994.0,1800000.0,False
Rwanda,,export_kg,1995.0,18840000.0,False
Rwanda,,export_kg,1996.0,15900000.0,False
Rwanda,,export_kg,1997.0,13080000.0,False
Rwanda,,export_kg,1998.0,12840000.0,False
Rwanda,,export_kg,1999.0,18840000.0,False
Rwanda,,export_kg,2000.0,16200000.0,False
Rwanda,,export_kg,2001.0,16740000.0,False
Rwanda,,export_kg,2002.0,19800000.0,False
Rwanda,,export_kg,2003.0,14700000.0,False
Rwanda,,export_kg,2004.0,27000000.0,False
Rwanda,,export_kg,2005.0,14160000.0,False
Rwanda,,export_kg,2006.0,23340000.0,False
Rwanda,,export_kg,2007.0,15360000.0,False
Rwanda,,export_kg,2008.0,19560000.0,False
Rwanda,,export_kg,2009.0,18240000.0,False
Rwanda,,export_kg,2010.0,17760000.0,False
Rwanda,,export_kg,2011.0,16620000.0,False
Rwanda,,export_kg,2012.0,15060000.0,False
Rwanda,,export_kg,2013.0,15240000.0,False
Rwanda,,export_kg,2014.0,15360000.0,False
Rwanda,,export_kg,2015.0,15780000.0,False
Rwanda,,export_kg,2016.0,14640000.0,False
Rwanda,,export_kg,2017.0,14760000.0,False
Rwanda,,export_kg,2018.0,21000000.0,False
Rwanda,,export_kg,2019.0,23340000.0,False
Sierra Leone,,export_kg,1990.0,8400000.0,False
Sierra Leone,,export_kg,1991.0,6240000.0,False
Sierra Leone,,export_kg,1992.0,2820000.0,False
Sierra Leone,,export_kg,1993.0,2460000.0,False
Sierra Leone,,export_kg,1994.0,3720000.0,False
Sierra Leone,,export_kg,1995.0,4260000.0,False
Sierra Leone,,export_kg,1996.0,1740000.0,False
Sierra Leone,,export_kg,1997.0,2820000.0,False
Sierra Leone,,export_kg,1998.0,2520000.0,False
Sierra Leone,,export_kg,1999.0,1380000.0,False
Sierra Leone,,export_kg,2000.0,2400000.0,False
Sierra Leone,,export_kg,2001.0,2160000.0,False
Sierra Leone,,export_kg,2002.0,4800000.0,False
Sierra Leone,,export_kg,2003.0,2040000.0,False
Sierra Leone,,export_kg,2004.0,1380000.0,False
Sierra Leone,,export_kg,2005.0,1200000.0,False
Sierra Leone,,export_kg,2006.0,3060000.0,False
Sierra Leone,,export_kg,2007.0,3060000.0,False
Sierra Leone,,export_kg,2008.0,1560000.0,False
Sierra Leone,,export_kg,2009.0,6240000.0,False
Sierra Leone,,export_kg,2010.0,3480000.0,False
Sierra Leone,,export_kg,2011.0,2220000.0,False
Sierra Leone,,export_kg,2012.0,3900000.0,False
Sierra Leone,,export_kg,2013.0,3420000.0,False
Sierra Leone,,export_kg,2014.0,1440000.0,False
Sierra Leone,,export_kg,2015.0,3240000.0,False
Sierra Leone,,export_kg,2016.0,1560000.0,False
Sierra Leone,,export_kg,2017.0,2100000.0,False
Sierra Leone,,export_kg,2018.0,1620000.0,False
Sierra Leone,,export_kg,2019.0,2820000.0,False
Sri Lanka,,export_kg,1990.0,1140000.0,False
Sri Lanka,,export_kg,1991.0,1320000.0,False
Sri Lanka,,export_kg,1992.0,900000.0,False
Sri Lanka,,export_kg,1993.0,840000.0,False
Sri Lanka,,export_kg,1994.0,2820000.0,False
Sri Lanka,,export_kg,1995.0,1320000.0,False
Sri Lanka,,export_kg,1996.0,720000.0,False
Sri Lanka,,export_kg,1997.0,1260000.0,False
Sri Lanka,,export_kg,1998.0,1620000.0,False
Sri Lanka,,export_kg,1999.0,1020000.0,False
Sri Lanka,,export_kg,2000.0,120000.0,False
Sri Lanka,,export_kg,2001.0,240000.0,False
Sri Lanka,,export_kg,2002.0,180000.0,False
Sri Lanka,,export_kg,2003.0,360000.0,False
Sri Lanka,,export_kg,2004.0,420000.0,False
Sri Lanka,,export_kg,2005.0,180000.0,False
Sri Lanka,,export_kg,2006.0,420000.0,False
Sri Lanka,,export_kg,2007.0,240000.0,False
Sri Lanka,,export_kg,2008.0,120000.0,False
Sri Lanka,,export_kg,2009.0,60000.0,False
Sri Lanka,,export_kg,2010.0,120000.0,False
Sri Lanka,,export_kg,2011.0,120000.0,False
Sri Lanka,,export_kg,2012.0,0.0,False
Sri Lanka,,export_kg,2013.0,0.0,False
Sri Lanka,,export_kg,2014.0,120000.0,False
Sri Lanka,,export_kg,2015.0,0.0,False
Sri Lanka,,export_kg,2016.0,60000.0,False
Sri Lanka,,export_kg,2017.0,120000.0,False
Sri Lanka,,export_kg,2018.0,120000.0,False
Sri Lanka,,export_kg,2019.0,60000.0,False
Tanzania,,export_kg,1990.0,61140000.0,False
Tanzania,,export_kg,1991.0,52260000.0,False
Tanzania,,export_kg,1992.0,49680000.0,False
Tanzania,,export_kg,1993.0,62220000.0,False
Tanzania,,export_kg,1994.0,37920000.0,False
Tanzania,,export_kg,1995.0,44700000.0,False
Tanzania,,export_kg,1996.0,58200000.0,False
Tanzania,,export_kg,1997.0,39300000.0,False
Tanzania,,export_kg,1998.0,44520000.0,False
Tanzania,,export_kg,1999.0,38580000.0,False
Tanzania,,export_kg,2000.0,44400000.0,False
Tanzania,,export_kg,2001.0,51960000.0,False
Tanzania,,export_kg,2002.0,29760000.0,False
Tanzania,,export_kg,2003.0,52980000.0,False
Tanzania,,export_kg,2004.0,33180000.0,False
Tanzania,,export_kg,2005.0,42720000.0,False
Tanzania,,export_kg,2006.0,43920000.0,False
Tanzania,,export_kg,2007.0,48420000.0,False
Tanzania,,export_kg,2008.0,49080000.0,False
Tanzania,,export_kg,2009.0,69420000.0,False
Tanzania,,export_kg,2010.0,33360000.0,False
Tanzania,,export_kg,2011.0,47880000.0,False
Tanzania,,export_kg,2012.0,45360000.0,False
Tanzania,,export_kg,2013.0,56100000.0,False
Tanzania,,export_kg,2014.0,43080000.0,False
Tanzania,,export_kg,2015.0,42540000.0,False
Tanzania,,export_kg,2016.0,54300000.0,False
Tanzania,,export_kg,2017.0,39840000.0,False
Tanzania,,export_kg,2018.0,51360000.0,False
Tanzania,,export_kg,2019.0,64140000.0,False
Thailand,,export_kg,1990.0,60060000.0,False
Thailand,,export_kg,1991.0,32460000.0,False
Thailand,,export_kg,1992.0,69840000.0,False
Thailand,,export_kg,1993.0,58920000.0,False
Thailand,,export_kg,1994.0,68160000.0,False
Thailand,,export_kg,1995.0,72600000.0,False
Thailand,,export_kg,1996.0,52380000.0,False
Thailand,,export_kg,1997.0,63960000.0,False
Thailand,,export_kg,1998.0,46680000.0,False
Thailand,,export_kg,1999.0,29580000.0,False
Thailand,,export_kg,2000.0,58200000.0,False
Thailand,,export_kg,2001.0,68880000.0,False
Thailand,,export_kg,2002.0,15180000.0,False
Thailand,,export_kg,2003.0,10860000.0,False
Thailand,,export_kg,2004.0,25200000.0,False
Thailand,,export_kg,2005.0,22500000.0,False
Thailand,,export_kg,2006.0,32400000.0,False
Thailand,,export_kg,2007.0,21900000.0,False
Thailand,,export_kg,2008.0,10500000.0,False
Thailand,,export_kg,2009.0,11100000.0,False
Thailand,,export_kg,2010.0,22200000.0,False
Thailand,,export_kg,2011.0,14580000.0,False
Thailand,,export_kg,2012.0,21000000.0,False
Thailand,,export_kg,2013.0,2940000.0,False
Thailand,,export_kg,2014.0,1620000.0,False
Thailand,,export_kg,2015.0,34680000.0,False
Thailand,,export_kg,2016.0,7860000.0,False
Thailand,,export_kg,2017.0,8460000.0,False
Thailand,,export_kg,2018.0,15480000.0,False
Thailand,,export_kg,2019.0,10440000.0,False
Timor-Leste,,export_kg,1990.0,0.0,False
Timor-Leste,,export_kg,1991.0,0.0,False
Timor-Leste,,export_kg,1992.0,0.0,False
Timor-Leste,,export_kg,1993.0,0.0,False
Timor-Leste,,export_kg,1994.0,0.0,False
Timor-Leste,,export_kg,1995.0,0.0,False
Timor-Leste,,export_kg,1996.0,0.0,False
Timor-Leste,,export_kg,1997.0,0.0,False
Timor-Leste,,export_kg,1998.0,0.0,False
Timor-Leste,,export_kg,1999.0,0.0,False
Timor-Leste,,export_kg,2000.0,60000.0,False
Timor-Leste,,export_kg,2001.0,1920000.0,False
Timor-Leste,,export_kg,2002.0,1800000.0,False
Timor-Leste,,export_kg,2003.0,2760000.0,False
Timor-Leste,,export_kg,2004.0,1320000.0,False
Timor-Leste,,export_kg,2005.0,1080000.0,False
Timor-Leste,,export_kg,2006.0,2940000.0,False
Timor-Leste,,export_kg,2007.0,1860000.0,False
Timor-Leste,,export_kg,2008.0,3000000.0,False
Timor-Leste,,export_kg,2009.0,2580000.0,False
Timor-Leste,,export_kg,2010.0,4080000.0,False
Timor-Leste,,export_kg,2011.0,2340000.0,False
Timor-Leste,,export_kg,2012.0,3360000.0,False
Timor-Leste,,export_kg,2013.0,4200000.0,False
Timor-Leste,,export_kg,2014.0,6660000.0,False
Timor-Leste,,export_kg,2015.0,4080000.0,False
Timor-Leste,,export_kg,2016.0,4080000.0,False
Timor-Leste,,export_kg,2017.0,5160000.0,False
Timor-Leste,,export_kg,2018.0,7740000.0,False
Timor-Leste,,export_kg,2019.0,7020000.0,False
Togo,,export_kg,1990.0,14340000.0,False
Togo,,export_kg,1991.0,9300000.0,False
Togo,,export_kg,1992.0,18780000.0,False
Togo,,export_kg,1993.0,13080000.0,False
Togo,,export_kg,1994.0,9960000.0,False
Togo,,export_kg,1995.0,12000000.0,False
Togo,,export_kg,1996.0,5100000.0,False
Togo,,export_kg,1997.0,18780000.0,False
Togo,,export_kg,1998.0,9960000.0,False
Togo,,export_kg,1999.0,19260000.0,False
Togo,,export_kg,2000.0,16980000.0,False
Togo,,export_kg,2001.0,11580000.0,False
Togo,,export_kg,2002.0,6000000.0,False
Togo,,export_kg,2003.0,4320000.0,False
Togo,,export_kg,2004.0,8940000.0,False
Togo,,export_kg,2005.0,9840000.0,False
Togo,,export_kg,2006.0,7080000.0,False
Togo,,export_kg,2007.0,9300000.0,False
Togo,,export_kg,2008.0,7260000.0,False
Togo,,export_kg,2009.0,9120000.0,False
Togo,,export_kg,2010.0,11880000.0,False
Togo,,export_kg,2011.0,9300000.0,False
Togo,,export_kg,2012.0,8820000.0,False
Togo,,export_kg,2013.0,5460000.0,False
Togo,,export_kg,2014.0,8040000.0,False
Togo,,export_kg,2015.0,10680000.0,False
Togo,,export_kg,2016.0,4500000.0,False
Togo,,export_kg,2017.0,1620000.0,False
Togo,,export_kg,2018.0,6660000.0,False
Togo,,export_kg,2019.0,3480000.0,False
Trinidad & Tobago,,export_kg,1990.0,1800000.0,False
Trinidad & Tobago,,export_kg,1991.0,480000.0,False
Trinidad & Tobago,,export_kg,1992.0,120000.0,False
Trinidad & Tobago,,export_kg,1993.0,600000.0,False
Trinidad & Tobago,,export_kg,1994.0,300000.0,False
Trinidad & Tobago,,export_kg,1995.0,240000.0,False
Trinidad & Tobago,,export_kg,1996.0,240000.0,False
Trinidad & Tobago,,export_kg,1997.0,240000.0,False
Trinidad & Tobago,,export_kg,1998.0,300000.0,False
Trinidad & Tobago,,export_kg,1999.0,180000.0,False
Trinidad & Tobago,,export_kg,2000.0,180000.0,False
Trinidad & Tobago,,export_kg,2001.0,180000.0,False
Trinidad & Tobago,,export_kg,2002.0,120000.0,False
Trinidad & Tobago,,export_kg,2003.0,120000.0,False
Trinidad & Tobago,,export_kg,2004.0,120000.0,False
Trinidad & Tobago,,export_kg,2005.0,60000.0,False
Trinidad & Tobago,,export_kg,2006.0,60000.0,False
Trinidad & Tobago,,export_kg,2007.0,60000.0,False
Trinidad & Tobago,,export_kg,2008.0,60000.0,False
Trinidad & Tobago,,export_kg,2009.0,0.0,False
Trinidad & Tobago,,export_kg,2010.0,60000.0,False
Trinidad & Tobago,,export_kg,2011.0,0.0,False
Trinidad & Tobago,,export_kg,2012.0,60000.0,False
Trinidad & Tobago,,export_kg,2013.0,120000.0,False
Trinidad & Tobago,,export_kg,2014.0,120000.0,False
Trinidad & Tobago,,export_kg,2015.0,120000.0,False
Trinidad & Tobago,,export_kg,2016.0,120000.0,False
Trinidad & Tobago,,export_kg,2017.0,120000.0,False
Trinidad & Tobago,,export_kg,2018.0,180000.0,False
Trinidad & Tobago,,export_kg,2019.0,120000.0,False
Uganda,,export_kg,1990.0,141180000.0,False
Uganda,,export_kg,1991.0,125700000.0,False
Uganda,,export_kg,1992.0,117660000.0,False
Uganda,,export_kg,1993.0,109740000.0,False
Uganda,,export_kg,1994.0,202140000.0,False
Uganda,,export_kg,1995.0,184740000.0,False
Uganda,,export_kg,1996.0,279300000.0,False
Uganda,,export_kg,1997.0,210120000.0,False
Uganda,,export_kg,1998.0,197160000.0,False
Uganda,,export_kg,1999.0,230460000.0,False
Uganda,,export_kg,2000.0,150780000.0,False
Uganda,,export_kg,2001.0,183600000.0,False
Uganda,,export_kg,2002.0,201480000.0,False
Uganda,,export_kg,2003.0,151320000.0,False
Uganda,,export_kg,2004.0,157620000.0,False
Uganda,,export_kg,2005.0,142140000.0,False
Uganda,,export_kg,2006.0,130380000.0,False
Uganda,,export_kg,2007.0,161580000.0,False
Uganda,,export_kg,2008.0,198660000.0,False
Uganda,,export_kg,2009.0,180840000.0,False
Uganda,,export_kg,2010.0,159420000.0,False
Uganda,,export_kg,2011.0,188520000.0,False
Uganda,,export_kg,2012.0,161100000.0,False
Uganda,,export_kg,2013.0,220320000.0,False
Uganda,,export_kg,2014.0,206520000.0,False
Uganda,,export_kg,2015.0,215760000.0,False
Uganda,,export_kg,2016.0,212580000.0,False
Uganda,,export_kg,2017.0,286440000.0,False
Uganda,,export_kg,2018.0,253380000.0,False
Uganda,,export_kg,2019.0,271560000.0,False
Venezuela,,export_kg,1990.0,16680000.0,False
Venezuela,,export_kg,1991.0,7680000.0,False
Venezuela,,export_kg,1992.0,8160000.0,False
Venezuela,,export_kg,1993.0,31500000.0,False
Venezuela,,export_kg,1994.0,23160000.0,False
Venezuela,,export_kg,1995.0,5820000.0,False
Venezuela,,export_kg,1996.0,29700000.0,False
Venezuela,,export_kg,1997.0,6300000.0,False
Venezuela,,export_kg,1998.0,16080000.0,False
Venezuela,,export_kg,1999.0,27840000.0,False
Venezuela,,export_kg,2000.0,2280000.0,False
Venezuela,,export_kg,2001.0,1560000.0,False
Venezuela,,export_kg,2002.0,11520000.0,False
Venezuela,,export_kg,2003.0,15600000.0,False
Venezuela,,export_kg,2004.0,10200000.0,False
Venezuela,,export_kg,2005.0,1320000.0,False
Venezuela,,export_kg,2006.0,3900000.0,False
Venezuela,,export_kg,2007.0,4200000.0,False
Venezuela,,export_kg,2008.0,7500000.0,False
Venezuela,,export_kg,2009.0,1080000.0,False
Venezuela,,export_kg,2010.0,1140000.0,False
Venezuela,,export_kg,2011.0,0.0,False
Venezuela,,export_kg,2012.0,120000.0,False
Venezuela,,export_kg,2013.0,360000.0,False
Venezuela,,export_kg,2014.0,0.0,False
Venezuela,,export_kg,2015.0,60000.0,False
Venezuela,,export_kg,2016.0,0.0,False
Venezuela,,export_kg,2017.0,0.0,False
Venezuela,,export_kg,2018.0,4320000.0,False
Venezuela,,export_kg,2019.0,3180000.0,False
Viet Nam,,export_kg,1990.0,68700000.0,False
Viet Nam,,export_kg,1991.0,72060000.0,False
Viet Nam,,export_kg,1992.0,116280000.0,False
Viet Nam,,export_kg,1993.0,124320000.0,False
Viet Nam,,export_kg,1994.0,163260000.0,False
Viet Nam,,export_kg,1995.0,212760000.0,False
Viet Nam,,export_kg,1996.0,226740000.0,False
Viet Nam,,export_kg,1997.0,370680000.0,False
Viet Nam,,export_kg,1998.0,388020000.0,False
Viet Nam,,export_kg,1999.0,463620000.0,False
Viet Nam,,export_kg,2000.0,697080000.0,False
Viet Nam,,export_kg,2001.0,846360000.0,False
Viet Nam,,export_kg,2002.0,706260000.0,False
Viet Nam,,export_kg,2003.0,697860000.0,False
Viet Nam,,export_kg,2004.0,891540000.0,False
Viet Nam,,export_kg,2005.0,805920000.0,False
Viet Nam,,export_kg,2006.0,834300000.0,False
Viet Nam,,export_kg,2007.0,1076160000.0,False
Viet Nam,,export_kg,2008.0,966060000.0,False
Viet Nam,,export_kg,2009.0,1023120000.0,False
Viet Nam,,export_kg,2010.0,853740000.0,False
Viet Nam,,export_kg,2011.0,1063020000.0,False
Viet Nam,,export_kg,2012.0,1375200000.0,False
Viet Nam,,export_kg,2013.0,1183080000.0,False
Viet Nam,,export_kg,2014.0,1565820000.0,False
Viet Nam,,export_kg,2015.0,1316640000.0,False
Viet Nam,,export_kg,2016.0,1783260000.0,False
Viet Nam,,export_kg,2017.0,1505520000.0,False
Viet Nam,,export_kg,2018.0,1883100000.0,False
Viet Nam,,export_kg,2019.0,1644000000.0,False
Yemen,,export_kg,1990.0,3000000.0,False
Yemen,,export_kg,1991.0,4320000.0,False
Yemen,,export_kg,1992.0,2220000.0,False
Yemen,,export_kg,1993.0,3060000.0,False
Yemen,,export_kg,1994.0,5580000.0,False
Yemen,,export_kg,1995.0,4620000.0,False
Yemen,,export_kg,1996.0,2520000.0,False
Yemen,,export_kg,1997.0,4800000.0,False
Yemen,,export_kg,1998.0,4260000.0,False
Yemen,,export_kg,1999.0,4080000.0,False
Yemen,,export_kg,2000.0,3480000.0,False
Yemen,,export_kg,2001.0,3960000.0,False
Yemen,,export_kg,2002.0,3660000.0,False
Yemen,,export_kg,2003.0,3300000.0,False
Yemen,,export_kg,2004.0,2700000.0,False
Yemen,,export_kg,2005.0,4680000.0,False
Yemen,,export_kg,2006.0,3660000.0,False
Yemen,,export_kg,2007.0,4320000.0,False
Yemen,,export_kg,2008.0,4020000.0,False
Yemen,,export_kg,2009.0,2340000.0,False
Yemen,,export_kg,2010.0,2640000.0,False
Yemen,,export_kg,2011.0,2100000.0,False
Yemen,,export_kg,2012.0,3780000.0,False
Yemen,,export_kg,2013.0,3300000.0,False
Yemen,,export_kg,2014.0,3420000.0,False
Yemen,,export_kg,2015.0,3120000.0,False
Yemen,,export_kg,2016.0,2280000.0,False
Yemen,,export_kg,2017.0,2760000.0,False
Yemen,,export_kg,2018.0,2520000.0,False
Yemen,,export_kg,2019.0,720000.0,False
Zambia,,export_kg,1990.0,1440000.0,False
Zambia,,export_kg,1991.0,1740000.0,False
Zambia,,export_kg,1992.0,1860000.0,False
Zambia,,export_kg,1993.0,1380000.0,False
Zambia,,export_kg,1994.0,1440000.0,False
Zambia,,export_kg,1995.0,1260000.0,False
Zambia,,export_kg,1996.0,2160000.0,False
Zambia,,export_kg,1997.0,2340000.0,False
Zambia,,export_kg,1998.0,1980000.0,False
Zambia,,export_kg,1999.0,3060000.0,False
Zambia,,export_kg,2000.0,3900000.0,False
Zambia,,export_kg,2001.0,6900000.0,False
Zambia,,export_kg,2002.0,5940000.0,False
Zambia,,export_kg,2003.0,7800000.0,False
Zambia,,export_kg,2004.0,6240000.0,False
Zambia,,export_kg,2005.0,6360000.0,False
Zambia,,export_kg,2006.0,4680000.0,False
Zambia,,export_kg,2007.0,3240000.0,False
Zambia,,export_kg,2008.0,2880000.0,False
Zambia,,export_kg,2009.0,1980000.0,False
Zambia,,export_kg,2010.0,1080000.0,False
Zambia,,export_kg,2011.0,540000.0,False
Zambia,,export_kg,2012.0,420000.0,False
Zambia,,export_kg,2013.0,600000.0,False
Zambia,,export_kg,2014.0,300000.0,False
Zambia,,export_kg,2015.0,180000.0,False
Zambia,,export_kg,2016.0,600000.0,False
Zambia,,export_kg,2017.0,780000.0,False
Zambia,,export_kg,2018.0,1560000.0,False
Zambia,,export_kg,2019.0,1620000.0,False
Zimbabwe,,export_kg,1990.0,15060000.0,False
Zimbabwe,,export_kg,1991.0,14340000.0,False
Zimbabwe,,export_kg,1992.0,9720000.0,False
Zimbabwe,,export_kg,1993.0,4200000.0,False
Zimbabwe,,export_kg,1994.0,1920000.0,False
Zimbabwe,,export_kg,1995.0,9420000.0,False
Zimbabwe,,export_kg,1996.0,9000000.0,False
Zimbabwe,,export_kg,1997.0,6540000.0,False
Zimbabwe,,export_kg,1998.0,9180000.0,False
Zimbabwe,,export_kg,1999.0,7860000.0,False
Zimbabwe,,export_kg,2000.0,7020000.0,False
Zimbabwe,,export_kg,2001.0,6300000.0,False
Zimbabwe,,export_kg,2002.0,7140000.0,False
Zimbabwe,,export_kg,2003.0,5820000.0,False
Zimbabwe,,export_kg,2004.0,6780000.0,False
Zimbabwe,,export_kg,2005.0,4260000.0,False
Zimbabwe,,export_kg,2006.0,3240000.0,False
Zimbabwe,,export_kg,2007.0,1920000.0,False
Zimbabwe,,export_kg,2008.0,1380000.0,False
Zimbabwe,,export_kg,2009.0,1080000.0,False
Zimbabwe,,export_kg,2010.0,420000.0,False
Zimbabwe,,export_kg,2011.0,300000.0,False
Zimbabwe,,export_kg,2012.0,240000.0,False
Zimbabwe,,export_kg,2013.0,120000.0,False
Zimbabwe,,export_kg,2014.0,660000.0,False
Zimbabwe,,export_kg,2015.0,660000.0,False
Zimbabwe,,export_kg,2016.0,720000.0,False
Zimbabwe,,export_kg,2017.0,120000.0,False
Zimbabwe,,export_kg,2018.0,300000.0,False
Zimbabwe,,export_kg,2019.0,360000.0,False
Brazil,,export_kg_imputed,2014.0,1915019363.3123076,True
Brazil,,export_kg_imputed,2015.0,1899427610.1244726,True
Brazil,,export_kg_imputed,2019.0,2091270840.5923035,True
Austria,,green_coffee_inventory_kg,1990.0,19980000.0,False
Austria,,green_coffee_inventory_kg,1991.0,19980000.0,False
Austria,,green_coffee_inventory_kg,1992.0,22020000.0,False
Austria,,green_coffee_inventory_kg,1993.0,19980000.0,False
Austria,,green_coffee_inventory_kg,1994.0,16980000.0,False
Austria,,green_coffee_inventory_kg,1995.0,16440000.0,False
Austria,,green_coffee_inventory_kg,1996.0,14760000.0,False
Austria,,green_coffee_inventory_kg,1997.0,13860000.0,False
Austria,,green_coffee_inventory_kg,1998.0,12600000.0,False
Austria,,green_coffee_inventory_kg,1999.0,11280000.0,False
Austria,,green_coffee_inventory_kg,2000.0,9720000.0,False
Austria,,green_coffee_inventory_kg,2001.0,8520000.0,False
Austria,,green_coffee_inventory_kg,2002.0,8100000.0,False
Austria,,green_coffee_inventory_kg,2003.0,7860000.0,False
Austria,,green_coffee_inventory_kg,2004.0,7800000.0,False
Austria,,green_coffee_inventory_kg,2005.0,7740000.0,False
Austria,,green_coffee_inventory_kg,2006.0,7560000.0,False
Austria,,green_coffee_inventory_kg,2007.0,7680000.0,False
Austria,,green_coffee_inventory_kg,2008.0,7740000.0,False
Austria,,green_coffee_inventory_kg,2009.0,8280000.0,False
Austria,,green_coffee_inventory_kg,2010.0,8460000.0,False
Austria,,green_coffee_inventory_kg,2011.0,6660000.0,False
Austria,,green_coffee_inventory_kg,2012.0,5820000.0,False
Austria,,green_coffee_inventory_kg,2013.0,5520000.0,False
Austria,,green_coffee_inventory_kg,2014.0,5760000.0,False
Austria,,green_coffee_inventory_kg,2015.0,5760000.0,False
Austria,,green_coffee_inventory_kg,2016.0,5400000.0,False
Austria,,green_coffee_inventory_kg,2017.0,4800000.0,False
Austria,,green_coffee_inventory_kg,2018.0,4800000.0,False
Austria,,green_coffee_inventory_kg,2019.0,4800000.0,False
Cyprus,,green_coffee_inventory_kg,1990.0,600000.0,False
Cyprus,,green_coffee_inventory_kg,1991.0,720000.0,False
Cyprus,,green_coffee_inventory_kg,1992.0,600000.0,False
Cyprus,,green_coffee_inventory_kg,1993.0,480000.0,False
Cyprus,,green_coffee_inventory_kg,1994.0,780000.0,False
Cyprus,,green_coffee_inventory_kg,1995.0,780000.0,False
Cyprus,,green_coffee_inventory_kg,1996.0,720000.0,False
Cyprus,,green_coffee_inventory_kg,1997.0,360000.0,False
Cyprus,,green_coffee_inventory_kg,1998.0,540000.0,False
Cyprus,,green_coffee_inventory_kg,1999.0,540000.0,False
Cyprus,,green_coffee_inventory_kg,2000.0,600000.0,False
Cyprus,,green_coffee_inventory_kg,2001.0,720000.0,False
Cyprus,,green_coffee_inventory_kg,2002.0,780000.0,False
Cyprus,,green_coffee_inventory_kg,2003.0,780000.0,False
Cyprus,,green_coffee_inventory_kg,2004.0,360000.0,False
Cyprus,,green_coffee_inventory_kg,2005.0,420000.0,False
Cyprus,,green_coffee_inventory_kg,2006.0,480000.0,False
Cyprus,,green_coffee_inventory_kg,2007.0,480000.0,False
Cyprus,,green_coffee_inventory_kg,2008.0,480000.0,False
Cyprus,,green_coffee_inventory_kg,2009.0,300000.0,False
Cyprus,,green_coffee_inventory_kg,2010.0,300000.0,False
Cyprus,,green_coffee_inventory_kg,2011.0,360000.0,False
Cyprus,,green_coffee_inventory_kg,2012.0,240000.0,False
Cyprus,,green_coffee_inventory_kg,2013.0,420000.0,False
Cyprus,,green_coffee_inventory_kg,2014.0,720000.0,False
Cyprus,,green_coffee_inventory_kg,2015.0,360000.0,False
Cyprus,,green_coffee_inventory_kg,2016.0,120000.0,False
Cyprus,,green_coffee_inventory_kg,2017.0,180000.0,False
Cyprus,,green_coffee_inventory_kg,2018.0,300000.0,False
Cyprus,,green_coffee_inventory_kg,2019.0,0.0,False
Denmark,,green_coffee_inventory_kg,1990.0,5340000.0,False
Denmark,,green_coffee_inventory_kg,1991.0,5340000.0,False
Denmark,,green_coffee_inventory_kg,1992.0,5340000.0,False
Denmark,,green_coffee_inventory_kg,1993.0,5340000.0,False
Denmark,,green_coffee_inventory_kg,1994.0,5340000.0,False
Denmark,,green_coffee_inventory_kg,1995.0,5340000.0,False
Denmark,,green_coffee_inventory_kg,1996.0,5340000.0,False
Denmark,,green_coffee_inventory_kg,1997.0,5340000.0,False
Denmark,,green_coffee_inventory_kg,1998.0,5340000.0,False
Denmark,,green_coffee_inventory_kg,1999.0,5340000.0,False
Denmark,,green_coffee_inventory_kg,2000.0,5340000.0,False
Denmark,,green_coffee_inventory_kg,2001.0,5340000.0,False
Denmark,,green_coffee_inventory_kg,2002.0,5340000.0,False
Denmark,,green_coffee_inventory_kg,2003.0,5340000.0,False
Denmark,,green_coffee_inventory_kg,2004.0,5340000.0,False
Denmark,,green_coffee_inventory_kg,2005.0,5340000.0,False
Denmark,,green_coffee_inventory_kg,2006.0,5340000.0,False
Denmark,,green_coffee_inventory_kg,2007.0,5340000.0,False
Denmark,,green_coffee_inventory_kg,2008.0,5340000.0,False
Denmark,,green_coffee_inventory_kg,2009.0,5340000.0,False
Denmark,,green_coffee_inventory_kg,2010.0,5340000.0,False
Denmark,,green_coffee_inventory_kg,2011.0,5340000.0,False
Denmark,,green_coffee_inventory_kg,2012.0,5340000.0,False
Denmark,,green_coffee_inventory_kg,2013.0,5340000.0,False
Denmark,,green_coffee_inventory_kg,2014.0,5340000.0,False
Denmark,,green_coffee_inventory_kg,2015.0,5340000.0,False
Denmark,,green_coffee_inventory_kg,2016.0,5340000.0,False
Denmark,,green_coffee_inventory_kg,2017.0,5340000.0,False
Denmark,,green_coffee_inventory_kg,2018.0,5340000.0,False
Denmark,,green_coffee_inventory_kg,2019.0,5340000.0,False
Finland,,green_coffee_inventory_kg,1990.0,10560000.0,False
Finland,,green_coffee_inventory_kg,1991.0,13380000.0,False
Finland,,green_coffee_inventory_kg,1992.0,12780000.0,False
Finland,,green_coffee_inventory_kg,1993.0,11280000.0,False
Finland,,green_coffee_inventory_kg,1994.0,16920000.0,False
Finland,,green_coffee_inventory_kg,1995.0,13200000.0,False
Finland,,green_coffee_inventory_kg,1996.0,8400000.0,False
Finland,,green_coffee_inventory_kg,1997.0,10860000.0,False
Finland,,green_coffee_inventory_kg,1998.0,9720000.0,False
Finland,,green_coffee_inventory_kg,1999.0,10620000.0,False
Finland,,green_coffee_inventory_kg,2000.0,6060000.0,False
Finland,,green_coffee_inventory_kg,2001.0,5400000.0,False
Finland,,green_coffee_inventory_kg,2002.0,4620000.0,False
Finland,,green_coffee_inventory_kg,2003.0,5640000.0,False
Finland,,green_coffee_inventory_kg,2004.0,4980000.0,False
Finland,,green_coffee_inventory_kg,2005.0,4980000.0,False
Finland,,green_coffee_inventory_kg,2006.0,4980000.0,False
Finland,,green_coffee_inventory_kg,2007.0,4980000.0,False
Finland,,green_coffee_inventory_kg,2008.0,4980000.0,False
Finland,,green_coffee_inventory_kg,2009.0,4980000.0,False
Finland,,green_coffee_inventory_kg,2010.0,4980000.0,False
Finland,,green_coffee_inventory_kg,2011.0,4980000.0,False
Finland,,green_coffee_inventory_kg,2012.0,4980000.0,False
Finland,,green_coffee_inventory_kg,2013.0,4980000.0,False
Finland,,green_coffee_inventory_kg,2014.0,4980000.0,False
Finland,,green_coffee_inventory_kg,2015.0,4980000.0,False
Finland,,green_coffee_inventory_kg,2016.0,4980000.0,False
Finland,,green_coffee_inventory_kg,2017.0,4980000.0,False
Finland,,green_coffee_inventory_kg,2018.0,4980000.0,False
Finland,,green_coffee_inventory_kg,2019.0,4980000.0,False
France,,green_coffee_inventory_kg,1990.0,34380000.0,False
France,,green_coffee_inventory_kg,1991.0,33720000.0,False
France,,green_coffee_inventory_kg,1992.0,32220000.0,False
France,,green_coffee_inventory_kg,1993.0,23340000.0,False
France,,green_coffee_inventory_kg,1994.0,28860000.0,False
France,,green_coffee_inventory_kg,1995.0,18060000.0,False
France,,green_coffee_inventory_kg,1996.0,15960000.0,False
France,,green_coffee_inventory_kg,1997.0,19020000.0,False
France,,green_coffee_inventory_kg,1998.0,21000000.0,False
France,,green_coffee_inventory_kg,1999.0,18360000.0,False
France,,green_coffee_inventory_kg,2000.0,21060000.0,False
France,,green_coffee_inventory_kg,2001.0,35040000.0,False
France,,green_coffee_inventory_kg,2002.0,43140000.0,False
France,,green_coffee_inventory_kg,2003.0,39000000.0,False
France,,green_coffee_inventory_kg,2004.0,37260000.0,False
France,,green_coffee_inventory_kg,2005.0,31200000.0,False
France,,green_coffee_inventory_kg,2006.0,28560000.0,False
France,,green_coffee_inventory_kg,2007.0,22080000.0,False
France,,green_coffee_inventory_kg,2008.0,30240000.0,False
France,,green_coffee_inventory_kg,2009.0,28980000.0,False
France,,green_coffee_inventory_kg,2010.0,25620000.0,False
France,,green_coffee_inventory_kg,2011.0,24840000.0,False
France,,green_coffee_inventory_kg,2012.0,26760000.0,False
France,,green_coffee_inventory_kg,2013.0,26280000.0,False
France,,green_coffee_inventory_kg,2014.0,29940000.0,False
France,,green_coffee_inventory_kg,2015.0,30420000.0,False
France,,green_coffee_inventory_kg,2016.0,34320000.0,False
France,,green_coffee_inventory_kg,2017.0,28500000.0,False
France,,green_coffee_inventory_kg,2018.0,27840000.0,False
France,,green_coffee_inventory_kg,2019.0,27120000.0,False
Germany,,green_coffee_inventory_kg,1990.0,240000000.0,False
Germany,,green_coffee_inventory_kg,1991.0,96000000.0,False
Germany,,green_coffee_inventory_kg,1992.0,150000000.0,False
Germany,,green_coffee_inventory_kg,1993.0,120000000.0,False
Germany,,green_coffee_inventory_kg,1994.0,234000000.0,False
Germany,,green_coffee_inventory_kg,1995.0,138000000.0,False
Germany,,green_coffee_inventory_kg,1996.0,96000000.0,False
Germany,,green_coffee_inventory_kg,1997.0,114000000.0,False
Germany,,green_coffee_inventory_kg,1998.0,96000000.0,False
Germany,,green_coffee_inventory_kg,1999.0,132000000.0,False
Germany,,green_coffee_inventory_kg,2000.0,150000000.0,False
Germany,,green_coffee_inventory_kg,2001.0,171000000.0,False
Germany,,green_coffee_inventory_kg,2002.0,214800000.0,False
Germany,,green_coffee_inventory_kg,2003.0,197400000.0,False
Germany,,green_coffee_inventory_kg,2004.0,191400000.0,False
Germany,,green_coffee_inventory_kg,2005.0,173100000.0,False
Germany,,green_coffee_inventory_kg,2006.0,186060000.0,False
Germany,,green_coffee_inventory_kg,2007.0,200460000.0,False
Germany,,green_coffee_inventory_kg,2008.0,192660000.0,False
Germany,,green_coffee_inventory_kg,2009.0,174660000.0,False
Germany,,green_coffee_inventory_kg,2010.0,160800000.0,False
Germany,,green_coffee_inventory_kg,2011.0,147720000.0,False
Germany,,green_coffee_inventory_kg,2012.0,171540000.0,False
Germany,,green_coffee_inventory_kg,2013.0,158160000.0,False
Germany,,green_coffee_inventory_kg,2014.0,187200000.0,False
Germany,,green_coffee_inventory_kg,2015.0,211140000.0,False
Germany,,green_coffee_inventory_kg,2016.0,239460000.0,False
Germany,,green_coffee_inventory_kg,2017.0,216060000.0,False
Germany,,green_coffee_inventory_kg,2018.0,211080000.0,False
Germany,,green_coffee_inventory_kg,2019.0,208740000.0,False
Ireland,,green_coffee_inventory_kg,1990.0,0.0,False
Ireland,,green_coffee_inventory_kg,1991.0,0.0,False
Ireland,,green_coffee_inventory_kg,1992.0,0.0,False
Ireland,,green_coffee_inventory_kg,1993.0,0.0,False
Ireland,,green_coffee_inventory_kg,1994.0,0.0,False
Ireland,,green_coffee_inventory_kg,1995.0,0.0,False
Ireland,,green_coffee_inventory_kg,1996.0,0.0,False
Ireland,,green_coffee_inventory_kg,1997.0,0.0,False
Ireland,,green_coffee_inventory_kg,1998.0,0.0,False
Ireland,,green_coffee_inventory_kg,1999.0,0.0,False
Ireland,,green_coffee_inventory_kg,2000.0,0.0,False
Ireland,,green_coffee_inventory_kg,2001.0,0.0,False
Ireland,,green_coffee_inventory_kg,2002.0,360000.0,False
Ireland,,green_coffee_inventory_kg,2003.0,420000.0,False
Ireland,,green_coffee_inventory_kg,2004.0,600000.0,False
Ireland,,green_coffee_inventory_kg,2005.0,480000.0,False
Ireland,,green_coffee_inventory_kg,2006.0,360000.0,False
Ireland,,green_coffee_inventory_kg,2007.0,660000.0,False
Ireland,,green_coffee_inventory_kg,2008.0,480000.0,False
Ireland,,green_coffee_inventory_kg,2009.0,420000.0,False
Ireland,,green_coffee_inventory_kg,2010.0,240000.0,False
Ireland,,green_coffee_inventory_kg,2011.0,360000.0,False
Ireland,,green_coffee_inventory_kg,2012.0,420000.0,False
Ireland,,green_coffee_inventory_kg,2013.0,360000.0,False
Ireland,,green_coffee_inventory_kg,2014.0,360000.0,False
Ireland,,green_coffee_inventory_kg,2015.0,240000.0,False
Ireland,,green_coffee_inventory_kg,2016.0,240000.0,False
Ireland,,green_coffee_inventory_kg,2017.0,180000.0,False
Ireland,,green_coffee_inventory_kg,2018.0,180000.0,False
Ireland,,green_coffee_inventory_kg,2019.0,180000.0,False
Italy,,green_coffee_inventory_kg,1990.0,12900000.0,False
Italy,,green_coffee_inventory_kg,1991.0,11340000.0,False
Italy,,green_coffee_inventory_kg,1992.0,11220000.0,False
Italy,,green_coffee_inventory_kg,1993.0,13680000.0,False
Italy,,green_coffee_inventory_kg,1994.0,13320000.0,False
Italy,,green_coffee_inventory_kg,1995.0,13020000.0,False
Italy,,green_coffee_inventory_kg,1996.0,13380000.0,False
Italy,,green_coffee_inventory_kg,1997.0,13620000.0,False
Italy,,green_coffee_inventory_kg,1998.0,14040000.0,False
Italy,,green_coffee_inventory_kg,1999.0,14100000.0,False
Italy,,green_coffee_inventory_kg,2000.0,14700000.0,False
Italy,,green_coffee_inventory_kg,2001.0,15180000.0,False
Italy,,green_coffee_inventory_kg,2002.0,15180000.0,False
Italy,,green_coffee_inventory_kg,2003.0,15900000.0,False
Italy,,green_coffee_inventory_kg,2004.0,16140000.0,False
Italy,,green_coffee_inventory_kg,2005.0,16680000.0,False
Italy,,green_coffee_inventory_kg,2006.0,17640000.0,False
Italy,,green_coffee_inventory_kg,2007.0,18840000.0,False
Italy,,green_coffee_inventory_kg,2008.0,19020000.0,False
Italy,,green_coffee_inventory_kg,2009.0,19020000.0,False
Italy,,green_coffee_inventory_kg,2010.0,19560000.0,False
Italy,,green_coffee_inventory_kg,2011.0,19740000.0,False
Italy,,green_coffee_inventory_kg,2012.0,20760000.0,False
Italy,,green_coffee_inventory_kg,2013.0,21120000.0,False
Italy,,green_coffee_inventory_kg,2014.0,22260000.0,False
Italy,,green_coffee_inventory_kg,2015.0,22200000.0,False
Italy,,green_coffee_inventory_kg,2016.0,24180000.0,False
Italy,,green_coffee_inventory_kg,2017.0,23760000.0,False
Italy,,green_coffee_inventory_kg,2018.0,25260000.0,False
Italy,,green_coffee_inventory_kg,2019.0,25680000.0,False
Japan,,green_coffee_inventory_kg,1990.0,90000000.0,False
Japan,,green_coffee_inventory_kg,1991.0,70020000.0,False
Japan,,green_coffee_inventory_kg,1992.0,79980000.0,False
Japan,,green_coffee_inventory_kg,1993.0,75000000.0,False
Japan,,green_coffee_inventory_kg,1994.0,88020000.0,False
Japan,,green_coffee_inventory_kg,1995.0,49980000.0,False
Japan,,green_coffee_inventory_kg,1996.0,58980000.0,False
Japan,,green_coffee_inventory_kg,1997.0,55020000.0,False
Japan,,green_coffee_inventory_kg,1998.0,52980000.0,False
Japan,,green_coffee_inventory_kg,1999.0,69000000.0,False
Japan,,green_coffee_inventory_kg,2000.0,84000000.0,False
Japan,,green_coffee_inventory_kg,2001.0,82980000.0,False
Japan,,green_coffee_inventory_kg,2002.0,103020000.0,False
Japan,,green_coffee_inventory_kg,2003.0,103980000.0,False
Japan,,green_coffee_inventory_kg,2004.0,106980000.0,False
Japan,,green_coffee_inventory_kg,2005.0,120000000.0,False
Japan,,green_coffee_inventory_kg,2006.0,139020000.0,False
Japan,,green_coffee_inventory_kg,2007.0,121980000.0,False
Japan,,green_coffee_inventory_kg,2008.0,111000000.0,False
Japan,,green_coffee_inventory_kg,2009.0,100980000.0,False
Japan,,green_coffee_inventory_kg,2010.0,105300000.0,False
Japan,,green_coffee_inventory_kg,2011.0,132240000.0,False
Japan,,green_coffee_inventory_kg,2012.0,121620000.0,False
Japan,,green_coffee_inventory_kg,2013.0,172860000.0,False
Japan,,green_coffee_inventory_kg,2014.0,176040000.0,False
Japan,,green_coffee_inventory_kg,2015.0,191100000.0,False
Japan,,green_coffee_inventory_kg,2016.0,193740000.0,False
Japan,,green_coffee_inventory_kg,2017.0,181260000.0,False
Japan,,green_coffee_inventory_kg,2018.0,156180000.0,False
Japan,,green_coffee_inventory_kg,2019.0,176040000.0,False
Netherlands,,green_coffee_inventory_kg,1990.0,105120000.0,False
Netherlands,,green_coffee_inventory_kg,1991.0,105120000.0,False
Netherlands,,green_coffee_inventory_kg,1992.0,62880000.0,False
Netherlands,,green_coffee_inventory_kg,1993.0,42420000.0,False
Netherlands,,green_coffee_inventory_kg,1994.0,42420000.0,False
Netherlands,,green_coffee_inventory_kg,1995.0,42420000.0,False
Netherlands,,green_coffee_inventory_kg,1996.0,42420000.0,False
Netherlands,,green_coffee_inventory_kg,1997.0,42420000.0,False
Netherlands,,green_coffee_inventory_kg,1998.0,42420000.0,False
Netherlands,,green_coffee_inventory_kg,1999.0,42420000.0,False
Netherlands,,green_coffee_inventory_kg,2000.0,42420000.0,False
Netherlands,,green_coffee_inventory_kg,2001.0,42420000.0,False
Netherlands,,green_coffee_inventory_kg,2002.0,42420000.0,False
Netherlands,,green_coffee_inventory_kg,2003.0,42420000.0,False
Netherlands,,green_coffee_inventory_kg,2004.0,42420000.0,False
Netherlands,,green_coffee_inventory_kg,2005.0,42420000.0,False
Netherlands,,green_coffee_inventory_kg,2006.0,42420000.0,False
Netherlands,,green_coffee_inventory_kg,2007.0,42420000.0,False
Netherlands,,green_coffee_inventory_kg,2008.0,42420000.0,False
Netherlands,,green_coffee_inventory_kg,2009.0,42420000.0,False
Netherlands,,green_coffee_inventory_kg,2010.0,42420000.0,False
Netherlands,,green_coffee_inventory_kg,2011.0,42420000.0,False
Netherlands,,green_coffee_inventory_kg,2012.0,42420000.0,False
Netherlands,,green_coffee_inventory_kg,2013.0,42420000.0,False
Netherlands,,green_coffee_inventory_kg,2014.0,42420000.0,False
Netherlands,,green_coffee_inventory_kg,2015.0,42420000.0,False
Netherlands,,green_coffee_inventory_kg,2016.0,42420000.0,False
Netherlands,,green_coffee_inventory_kg,2017.0,42420000.0,False
Netherlands,,green_coffee_inventory_kg,2018.0,42420000.0,False
Netherlands,,green_coffee_inventory_kg,2019.0,42420000.0,False
Norway,,green_coffee_inventory_kg,1990.0,7440000.0,False
Norway,,green_coffee_inventory_kg,1991.0,7440000.0,False
Norway,,green_coffee_inventory_kg,1992.0,7440000.0,False
Norway,,green_coffee_inventory_kg,1993.0,7440000.0,False
Norway,,green_coffee_inventory_kg,1994.0,7440000.0,False
Norway,,green_coffee_inventory_kg,1995.0,7440000.0,False
Norway,,green_coffee_inventory_kg,1996.0,7440000.0,False
Norway,,green_coffee_inventory_kg,1997.0,7440000.0,False
Norway,,green_coffee_inventory_kg,1998.0,7440000.0,False
Norway,,green_coffee_inventory_kg,1999.0,7440000.0,False
Norway,,green_coffee_inventory_kg,2000.0,7440000.0,False
Norway,,green_coffee_inventory_kg,2001.0,7440000.0,False
Norway,,green_coffee_inventory_kg,2002.0,7440000.0,False
Norway,,green_coffee_inventory_kg,2003.0,7440000.0,False
Norway,,green_coffee_inventory_kg,2004.0,7440000.0,False
Norway,,green_coffee_inventory_kg,2005.0,7440000.0,False
Norway,,green_coffee_inventory_kg,2006.0,7440000.0,False
Norway,,green_coffee_inventory_kg,2007.0,7440000.0,False
Norway,,green_coffee_inventory_kg,2008.0,7440000.0,False
Norway,,green_coffee_inventory_kg,2009.0,7440000.0,False
Norway,,green_coffee_inventory_kg,2010.0,7440000.0,False
Norway,,green_coffee_inventory_kg,2011.0,7440000.0,False
Norway,,green_coffee_inventory_kg,2012.0,7440000.0,False
Norway,,green_coffee_inventory_kg,2013.0,7440000.0,False
Norway,,green_coffee_inventory_kg,2014.0,7440000.0,False
Norway,,green_coffee_inventory_kg,2015.0,7440000.0,False
Norway,,green_coffee_inventory_kg,2016.0,7440000.0,False
Norway,,green_coffee_inventory_kg,2017.0,7440000.0,False
Norway,,green_coffee_inventory_kg,2018.0,7440000.0,False
Norway,,green_coffee_inventory_kg,2019.0,7440000.0,False
Portugal,,green_coffee_inventory_kg,1990.0,4080000.0,False
Portugal,,green_coffee_inventory_kg,1991.0,8580000.0,False
Portugal,,green_coffee_inventory_kg,1992.0,7260000.0,False
Portugal,,green_coffee_inventory_kg,1993.0,13200000.0,False
Portugal,,green_coffee_inventory_kg,1994.0,9540000.0,False
Portugal,,green_coffee_inventory_kg,1995.0,5160000.0,False
Portugal,,green_coffee_inventory_kg,1996.0,6900000.0,False
Portugal,,green_coffee_inventory_kg,1997.0,7860000.0,False
Portugal,,green_coffee_inventory_kg,1998.0,6060000.0,False
Portugal,,green_coffee_inventory_kg,1999.0,4920000.0,False
Portugal,,green_coffee_inventory_kg,2000.0,7440000.0,False
Portugal,,green_coffee_inventory_kg,2001.0,6360000.0,False
Portugal,,green_coffee_inventory_kg,2002.0,6660000.0,False
Portugal,,green_coffee_inventory_kg,2003.0,10680000.0,False
Portugal,,green_coffee_inventory_kg,2004.0,10200000.0,False
Portugal,,green_coffee_inventory_kg,2005.0,9000000.0,False
Portugal,,green_coffee_inventory_kg,2006.0,7800000.0,False
Portugal,,green_coffee_inventory_kg,2007.0,7200000.0,False
Portugal,,green_coffee_inventory_kg,2008.0,6600000.0,False
Portugal,,green_coffee_inventory_kg,2009.0,6000000.0,False
Portugal,,green_coffee_inventory_kg,2010.0,6060000.0,False
Portugal,,green_coffee_inventory_kg,2011.0,5400000.0,False
Portugal,,green_coffee_inventory_kg,2012.0,6600000.0,False
Portugal,,green_coffee_inventory_kg,2013.0,7200000.0,False
Portugal,,green_coffee_inventory_kg,2014.0,6000000.0,False
Portugal,,green_coffee_inventory_kg,2015.0,7740000.0,False
Portugal,,green_coffee_inventory_kg,2016.0,7740000.0,False
Portugal,,green_coffee_inventory_kg,2017.0,7740000.0,False
Portugal,,green_coffee_inventory_kg,2018.0,7740000.0,False
Portugal,,green_coffee_inventory_kg,2019.0,7740000.0,False
Spain,,green_coffee_inventory_kg,1990.0,12000000.0,False
Spain,,green_coffee_inventory_kg,1991.0,15000000.0,False
Spain,,green_coffee_inventory_kg,1992.0,19980000.0,False
Spain,,green_coffee_inventory_kg,1993.0,15000000.0,False
Spain,,green_coffee_inventory_kg,1994.0,16020000.0,False
Spain,,green_coffee_inventory_kg,1995.0,17040000.0,False
Spain,,green_coffee_inventory_kg,1996.0,18180000.0,False
Spain,,green_coffee_inventory_kg,1997.0,19380000.0,False
Spain,,green_coffee_inventory_kg,1998.0,20640000.0,False
Spain,,green_coffee_inventory_kg,1999.0,22020000.0,False
Spain,,green_coffee_inventory_kg,2000.0,23460000.0,False
Spain,,green_coffee_inventory_kg,2001.0,25020000.0,False
Spain,,green_coffee_inventory_kg,2002.0,26640000.0,False
Spain,,green_coffee_inventory_kg,2003.0,28440000.0,False
Spain,,green_coffee_inventory_kg,2004.0,30300000.0,False
Spain,,green_coffee_inventory_kg,2005.0,24060000.0,False
Spain,,green_coffee_inventory_kg,2006.0,27720000.0,False
Spain,,green_coffee_inventory_kg,2007.0,37080000.0,False
Spain,,green_coffee_inventory_kg,2008.0,33300000.0,False
Spain,,green_coffee_inventory_kg,2009.0,34200000.0,False
Spain,,green_coffee_inventory_kg,2010.0,34200000.0,False
Spain,,green_coffee_inventory_kg,2011.0,34200000.0,False
Spain,,green_coffee_inventory_kg,2012.0,34200000.0,False
Spain,,green_coffee_inventory_kg,2013.0,50220000.0,False
Spain,,green_coffee_inventory_kg,2014.0,38400000.0,False
Spain,,green_coffee_inventory_kg,2015.0,38220000.0,False
Spain,,green_coffee_inventory_kg,2016.0,44040000.0,False
Spain,,green_coffee_inventory_kg,2017.0,43380000.0,False
Spain,,green_coffee_inventory_kg,2018.0,42900000.0,False
Spain,,green_coffee_inventory_kg,2019.0,40200000.0,False
Sweden,,green_coffee_inventory_kg,1990.0,5220000.0,False
Sweden,,green_coffee_inventory_kg,1991.0,5220000.0,False
Sweden,,green_coffee_inventory_kg,1992.0,5220000.0,False
Sweden,,green_coffee_inventory_kg,1993.0,5220000.0,False
Sweden,,green_coffee_inventory_kg,1994.0,5220000.0,False
Sweden,,green_coffee_inventory_kg,1995.0,5220000.0,False
Sweden,,green_coffee_inventory_kg,1996.0,5220000.0,False
Sweden,,green_coffee_inventory_kg,1997.0,5220000.0,False
Sweden,,green_coffee_inventory_kg,1998.0,5220000.0,False
Sweden,,green_coffee_inventory_kg,1999.0,5220000.0,False
Sweden,,green_coffee_inventory_kg,2000.0,5220000.0,False
Sweden,,green_coffee_inventory_kg,2001.0,5220000.0,False
Sweden,,green_coffee_inventory_kg,2002.0,5220000.0,False
Sweden,,green_coffee_inventory_kg,2003.0,5220000.0,False
Sweden,,green_coffee_inventory_kg,2004.0,5220000.0,False
Sweden,,green_coffee_inventory_kg,2005.0,5220000.0,False
Sweden,,green_coffee_inventory_kg,2006.0,5220000.0,False
Sweden,,green_coffee_inventory_kg,2007.0,5220000.0,False
Sweden,,green_coffee_inventory_kg,2008.0,5220000.0,False
Sweden,,green_coffee_inventory_kg,2009.0,5220000.0,False
Sweden,,green_coffee_inventory_kg,2010.0,5220000.0,False
Sweden,,green_coffee_inventory_kg,2011.0,5220000.0,False
Sweden,,green_coffee_inventory_kg,2012.0,5220000.0,False
Sweden,,green_coffee_inventory_kg,2013.0,5220000.0,False
Sweden,,green_coffee_inventory_kg,2014.0,5220000.0,False
Sweden,,green_coffee_inventory_kg,2015.0,5220000.0,False
Sweden,,green_coffee_inventory_kg,2016.0,5220000.0,False
Sweden,,green_coffee_inventory_kg,2017.0,5220000.0,False
Sweden,,green_coffee_inventory_kg,2018.0,5220000.0,False
Sweden,,green_coffee_inventory_kg,2019.0,5220000.0,False
Switzerland,,green_coffee_inventory_kg,1990.0,19260000.0,False
Switzerland,,green_coffee_inventory_kg,1991.0,21060000.0,False
Switzerland,,green_coffee_inventory_kg,1992.0,18120000.0,False
Switzerland,,green_coffee_inventory_kg,1993.0,19620000.0,False
Switzerland,,green_coffee_inventory_kg,1994.0,17160000.0,False
Switzerland,,green_coffee_inventory_kg,1995.0,11580000.0,False
Switzerland,,green_coffee_inventory_kg,1996.0,8400000.0,False
Switzerland,,green_coffee_inventory_kg,1997.0,7080000.0,False
Switzerland,,green_coffee_inventory_kg,1998.0,9900000.0,False
Switzerland,,green_coffee_inventory_kg,1999.0,8340000.0,False
Switzerland,,green_coffee_inventory_kg,2000.0,10260000.0,False
Switzerland,,green_coffee_inventory_kg,2001.0,13680000.0,False
Switzerland,,green_coffee_inventory_kg,2002.0,10920000.0,False
Switzerland,,green_coffee_inventory_kg,2003.0,13680000.0,False
Switzerland,,green_coffee_inventory_kg,2004.0,13800000.0,False
Switzerland,,green_coffee_inventory_kg,2005.0,12240000.0,False
Switzerland,,green_coffee_inventory_kg,2006.0,9240000.0,False
Switzerland,,green_coffee_inventory_kg,2007.0,8700000.0,False
Switzerland,,green_coffee_inventory_kg,2008.0,5460000.0,False
Switzerland,,green_coffee_inventory_kg,2009.0,9660000.0,False
Switzerland,,green_coffee_inventory_kg,2010.0,9240000.0,False
Switzerland,,green_coffee_inventory_kg,2011.0,12180000.0,False
Switzerland,,green_coffee_inventory_kg,2012.0,12540000.0,False
Switzerland,,green_coffee_inventory_kg,2013.0,12360000.0,False
Switzerland,,green_coffee_inventory_kg,2014.0,12360000.0,False
Switzerland,,green_coffee_inventory_kg,2015.0,13020000.0,False
Switzerland,,green_coffee_inventory_kg,2016.0,13140000.0,False
Switzerland,,green_coffee_inventory_kg,2017.0,22080000.0,False
Switzerland,,green_coffee_inventory_kg,2018.0,20280000.0,False
Switzerland,,green_coffee_inventory_kg,2019.0,22740000.0,False
United Kingdom,,green_coffee_inventory_kg,1990.0,11340000.0,False
United Kingdom,,green_coffee_inventory_kg,1991.0,10080000.0,False
United Kingdom,,green_coffee_inventory_kg,1992.0,10200000.0,False
United Kingdom,,green_coffee_inventory_kg,1993.0,12240000.0,False
United Kingdom,,green_coffee_inventory_kg,1994.0,12780000.0,False
United Kingdom,,green_coffee_inventory_kg,1995.0,11220000.0,False
United Kingdom,,green_coffee_inventory_kg,1996.0,7920000.0,False
United Kingdom,,green_coffee_inventory_kg,1997.0,6600000.0,False
United Kingdom,,green_coffee_inventory_kg,1998.0,7680000.0,False
United Kingdom,,green_coffee_inventory_kg,1999.0,6840000.0,False
United Kingdom,,green_coffee_inventory_kg,2000.0,7920000.0,False
United Kingdom,,green_coffee_inventory_kg,2001.0,12480000.0,False
United Kingdom,,green_coffee_inventory_kg,2002.0,8460000.0,False
United Kingdom,,green_coffee_inventory_kg,2003.0,8880000.0,False
United Kingdom,,green_coffee_inventory_kg,2004.0,10800000.0,False
United Kingdom,,green_coffee_inventory_kg,2005.0,2880000.0,False
United Kingdom,,green_coffee_inventory_kg,2006.0,5160000.0,False
United Kingdom,,green_coffee_inventory_kg,2007.0,3240000.0,False
United Kingdom,,green_coffee_inventory_kg,2008.0,3240000.0,False
United Kingdom,,green_coffee_inventory_kg,2009.0,4320000.0,False
United Kingdom,,green_coffee_inventory_kg,2010.0,2820000.0,False
United Kingdom,,green_coffee_inventory_kg,2011.0,2460000.0,False
United Kingdom,,green_coffee_inventory_kg,2012.0,2460000.0,False
United Kingdom,,green_coffee_inventory_kg,2013.0,2340000.0,False
United Kingdom,,green_coffee_inventory_kg,2014.0,2400000.0,False
United Kingdom,,green_coffee_inventory_kg,2015.0,2580000.0,False
United Kingdom,,green_coffee_inventory_kg,2016.0,1560000.0,False
United Kingdom,,green_coffee_inventory_kg,2017.0,1200000.0,False
United Kingdom,,green_coffee_inventory_kg,2018.0,1860000.0,False
United Kingdom,,green_coffee_inventory_kg,2019.0,2160000.0,False
United States of America,,green_coffee_inventory_kg,1990.0,358920000.0,False
United States of America,,green_coffee_inventory_kg,1991.0,369000000.0,False
United States of America,,green_coffee_inventory_kg,1992.0,565320000.0,False
United States of America,,green_coffee_inventory_kg,1993.0,468840000.0,False
United States of America,,green_coffee_inventory_kg,1994.0,245220000.0,False
United States of America,,green_coffee_inventory_kg,1995.0,119400000.0,False
United States of America,,green_coffee_inventory_kg,1996.0,79620000.0,False
United States of America,,green_coffee_inventory_kg,1997.0,85680000.0,False
United States of America,,green_coffee_inventory_kg,1998.0,84480000.0,False
United States of America,,green_coffee_inventory_kg,1999.0,157620000.0,False
United States of America,,green_coffee_inventory_kg,2000.0,335580000.0,False
United States of America,,green_coffee_inventory_kg,2001.0,323880000.0,False
United States of America,,green_coffee_inventory_kg,2002.0,343200000.0,False
United States of America,,green_coffee_inventory_kg,2003.0,329400000.0,False
United States of America,,green_coffee_inventory_kg,2004.0,304500000.0,False
United States of America,,green_coffee_inventory_kg,2005.0,280020000.0,False
United States of America,,green_coffee_inventory_kg,2006.0,299220000.0,False
United States of America,,green_coffee_inventory_kg,2007.0,327960000.0,False
United States of America,,green_coffee_inventory_kg,2008.0,313800000.0,False
United States of America,,green_coffee_inventory_kg,2009.0,274200000.0,False
United States of America,,green_coffee_inventory_kg,2010.0,238440000.0,False
United States of America,,green_coffee_inventory_kg,2011.0,257700000.0,False
United States of America,,green_coffee_inventory_kg,2012.0,284160000.0,False
United States of America,,green_coffee_inventory_kg,2013.0,305220000.0,False
United States of America,,green_coffee_inventory_kg,2014.0,331500000.0,False
United States of America,,green_coffee_inventory_kg,2015.0,350160000.0,False
United States of America,,green_coffee_inventory_kg,2016.0,375360000.0,False
United States of America,,green_coffee_inventory_kg,2017.0,397920000.0,False
United States of America,,green_coffee_inventory_kg,2018.0,367980000.0,False
United States of America,,green_coffee_inventory_kg,2019.0,410100000.0,False
Unspecified EU stocks,,green_coffee_inventory_kg,1990.0,145980000.0,False
Unspecified EU stocks,,green_coffee_inventory_kg,1991.0,165480000.0,False
Unspecified EU stocks,,green_coffee_inventory_kg,1992.0,149100000.0,False
Unspecified EU stocks,,green_coffee_inventory_kg,1993.0,115200000.0,False
Unspecified EU stocks,,green_coffee_inventory_kg,1994.0,127320000.0,False
Unspecified EU stocks,,green_coffee_inventory_kg,1995.0,82860000.0,False
Unspecified EU stocks,,green_coffee_inventory_kg,1996.0,73320000.0,False
Unspecified EU stocks,,green_coffee_inventory_kg,1997.0,93060000.0,False
Unspecified EU stocks,,green_coffee_inventory_kg,1998.0,96180000.0,False
Unspecified EU stocks,,green_coffee_inventory_kg,1999.0,115560000.0,False
Unspecified EU stocks,,green_coffee_inventory_kg,2000.0,235020000.0,False
Unspecified EU stocks,,green_coffee_inventory_kg,2001.0,358080000.0,False
Unspecified EU stocks,,green_coffee_inventory_kg,2002.0,359280000.0,False
Unspecified EU stocks,,green_coffee_inventory_kg,2003.0,384960000.0,False
Unspecified EU stocks,,green_coffee_inventory_kg,2004.0,419460000.0,False
Unspecified EU stocks,,green_coffee_inventory_kg,2005.0,460260000.0,False
Unspecified EU stocks,,green_coffee_inventory_kg,2006.0,336900000.0,False
Unspecified EU stocks,,green_coffee_inventory_kg,2007.0,425280000.0,False
Unspecified EU stocks,,green_coffee_inventory_kg,2008.0,470760000.0,False
Unspecified EU stocks,,green_coffee_inventory_kg,2009.0,588420000.0,False
Unspecified EU stocks,,green_coffee_inventory_kg,2010.0,399960000.0,False
Unspecified EU stocks,,green_coffee_inventory_kg,2011.0,409680000.0,False
Unspecified EU stocks,,green_coffee_inventory_kg,2012.0,366720000.0,False
Unspecified EU stocks,,green_coffee_inventory_kg,2013.0,320160000.0,False
Unspecified EU stocks,,green_coffee_inventory_kg,2014.0,450060000.0,False
Unspecified EU stocks,,green_coffee_inventory_kg,2015.0,447840000.0,False
Unspecified EU stocks,,green_coffee_inventory_kg,2016.0,417240000.0,False
Unspecified EU stocks,,green_coffee_inventory_kg,2017.0,422100000.0,False
Unspecified EU stocks,,green_coffee_inventory_kg,2018.0,485520000.0,False
Unspecified EU stocks,,green_coffee_inventory_kg,2019.0,536100000.0,False
Austria,,import_kg,1990.0,112800000.0,False
Austria,,import_kg,1991.0,123480000.0,False
Austria,,import_kg,1992.0,132360000.0,False
Austria,,import_kg,1993.0,110160000.0,False
Austria,,import_kg,1994.0,85020000.0,False
Austria,,import_kg,1995.0,73860000.0,False
Austria,,import_kg,1996.0,72600000.0,False
Austria,,import_kg,1997.0,77640000.0,False
Austria,,import_kg,1998.0,77580000.0,False
Austria,,import_kg,1999.0,90000000.0,False
Austria,,import_kg,2000.0,75420000.0,False
Austria,,import_kg,2001.0,85920000.0,False
Austria,,import_kg,2002.0,86820000.0,False
Austria,,import_kg,2003.0,80160000.0,False
Austria,,import_kg,2004.0,92280000.0,False
Austria,,import_kg,2005.0,94620000.0,False
Austria,,import_kg,2006.0,96060000.0,False
Austria,,import_kg,2007.0,118080000.0,False
Austria,,import_kg,2008.0,114060000.0,False
Austria,,import_kg,2009.0,78540000.0,False
Austria,,import_kg,2010.0,82140000.0,False
Austria,,import_kg,2011.0,87120000.0,False
Austria,,import_kg,2012.0,93540000.0,False
Austria,,import_kg,2013.0,93300000.0,False
Austria,,import_kg,2014.0,91500000.0,False
Austria,,import_kg,2015.0,90780000.0,False
Austria,,import_kg,2016.0,89700000.0,False
Austria,,import_kg,2017.0,87600000.0,False
Austria,,import_kg,2018.0,85740000.0,False
Austria,,import_kg,2019.0,86880000.0,False
Belgium,,import_kg,1990.0,0.0,False
Belgium,,import_kg,1991.0,0.0,False
Belgium,,import_kg,1992.0,0.0,False
Belgium,,import_kg,1993.0,0.0,False
Belgium,,import_kg,1994.0,0.0,False
Belgium,,import_kg,1995.0,0.0,False
Belgium,,import_kg,1996.0,0.0,False
Belgium,,import_kg,1997.0,0.0,False
Belgium,,import_kg,1998.0,0.0,False
Belgium,,import_kg,1999.0,180180000.0,False
Belgium,,import_kg,2000.0,209460000.0,False
Belgium,,import_kg,2001.0,192540000.0,False
Belgium,,import_kg,2002.0,227520000.0,False
Belgium,,import_kg,2003.0,229080000.0,False
Belgium,,import_kg,2004.0,238080000.0,False
Belgium,,import_kg,2005.0,243780000.0,False
Belgium,,import_kg,2006.0,276300000.0,False
Belgium,,import_kg,2007.0,240840000.0,False
Belgium,,import_kg,2008.0,407520000.0,False
Belgium,,import_kg,2009.0,354960000.0,False
Belgium,,import_kg,2010.0,355440000.0,False
Belgium,,import_kg,2011.0,349680000.0,False
Belgium,,import_kg,2012.0,340080000.0,False
Belgium,,import_kg,2013.0,330120000.0,False
Belgium,,import_kg,2014.0,312720000.0,False
Belgium,,import_kg,2015.0,332040000.0,False
Belgium,,import_kg,2016.0,363120000.0,False
Belgium,,import_kg,2017.0,340620000.0,False
Belgium,,import_kg,2018.0,344520000.0,False
Belgium,,import_kg,2019.0,371940000.0,False
Belgium/Luxembourg,,import_kg,1990.0,120900000.0,False
Belgium/Luxembourg,,import_kg,1991.0,104760000.0,False
Belgium/Luxembourg,,import_kg,1992.0,109680000.0,False
Belgium/Luxembourg,,import_kg,1993.0,123780000.0,False
Belgium/Luxembourg,,import_kg,1994.0,135720000.0,False
Belgium/Luxembourg,,import_kg,1995.0,144060000.0,False
Belgium/Luxembourg,,import_kg,1996.0,151560000.0,False
Belgium/Luxembourg,,import_kg,1997.0,152640000.0,False
Belgium/Luxembourg,,import_kg,1998.0,214800000.0,False
Belgium/Luxembourg,,import_kg,1999.0,0.0,False
Belgium/Luxembourg,,import_kg,2000.0,0.0,False
Belgium/Luxembourg,,import_kg,2001.0,0.0,False
Belgium/Luxembourg,,import_kg,2002.0,0.0,False
Belgium/Luxembourg,,import_kg,2003.0,0.0,False
Belgium/Luxembourg,,import_kg,2004.0,0.0,False
Belgium/Luxembourg,,import_kg,2005.0,0.0,False
Belgium/Luxembourg,,import_kg,2006.0,0.0,False
Belgium/Luxembourg,,import_kg,2007.0,0.0,False
Belgium/Luxembourg,,import_kg,2008.0,0.0,False
Belgium/Luxembourg,,import_kg,2009.0,0.0,False
Belgium/Luxembourg,,import_kg,2010.0,0.0,False
Belgium/Luxembourg,,import_kg,2011.0,0.0,False
Belgium/Luxembourg,,import_kg,2012.0,0.0,False
Belgium/Luxembourg,,import_kg,2013.0,0.0,False
Belgium/Luxembourg,,import_kg,2014.0,0.0,False
Belgium/Luxembourg,,import_kg,2015.0,0.0,False
Belgium/Luxembourg,,import_kg,2016.0,0.0,False
Belgium/Luxembourg,,import_kg,2017.0,0.0,False
Belgium/Luxembourg,,import_kg,2018.0,0.0,False
Belgium/Luxembourg,,import_kg,2019.0,0.0,False
Bulgaria,,import_kg,1990.0,16080000.0,False
Bulgaria,,import_kg,1991.0,12000000.0,False
Bulgaria,,import_kg,1992.0,10920000.0,False
Bulgaria,,import_kg,1993.0,23820000.0,False
Bulgaria,,import_kg,1994.0,27780000.0,False
Bulgaria,,import_kg,1995.0,30900000.0,False
Bulgaria,,import_kg,1996.0,16320000.0,False
Bulgaria,,import_kg,1997.0,17640000.0,False
Bulgaria,,import_kg,1998.0,20520000.0,False
Bulgaria,,import_kg,1999.0,22020000.0,False
Bulgaria,,import_kg,2000.0,16860000.0,False
Bulgaria,,import_kg,2001.0,21300000.0,False
Bulgaria,,import_kg,2002.0,20580000.0,False
Bulgaria,,import_kg,2003.0,24000000.0,False
Bulgaria,,import_kg,2004.0,22020000.0,False
Bulgaria,,import_kg,2005.0,26460000.0,False
Bulgaria,,import_kg,2006.0,26100000.0,False
Bulgaria,,import_kg,2007.0,23580000.0,False
Bulgaria,,import_kg,2008.0,31020000.0,False
Bulgaria,,import_kg,2009.0,31380000.0,False
Bulgaria,,import_kg,2010.0,31680000.0,False
Bulgaria,,import_kg,2011.0,28920000.0,False
Bulgaria,,import_kg,2012.0,33600000.0,False
Bulgaria,,import_kg,2013.0,36540000.0,False
Bulgaria,,import_kg,2014.0,37260000.0,False
Bulgaria,,import_kg,2015.0,40920000.0,False
Bulgaria,,import_kg,2016.0,46740000.0,False
Bulgaria,,import_kg,2017.0,42420000.0,False
Bulgaria,,import_kg,2018.0,44220000.0,False
Bulgaria,,import_kg,2019.0,47100000.0,False
Croatia,,import_kg,1990.0,0.0,False
Croatia,,import_kg,1991.0,0.0,False
Croatia,,import_kg,1992.0,10080000.0,False
Croatia,,import_kg,1993.0,9780000.0,False
Croatia,,import_kg,1994.0,11580000.0,False
Croatia,,import_kg,1995.0,19200000.0,False
Croatia,,import_kg,1996.0,19320000.0,False
Croatia,,import_kg,1997.0,23100000.0,False
Croatia,,import_kg,1998.0,20340000.0,False
Croatia,,import_kg,1999.0,21120000.0,False
Croatia,,import_kg,2000.0,20640000.0,False
Croatia,,import_kg,2001.0,21120000.0,False
Croatia,,import_kg,2002.0,22260000.0,False
Croatia,,import_kg,2003.0,23580000.0,False
Croatia,,import_kg,2004.0,23280000.0,False
Croatia,,import_kg,2005.0,23520000.0,False
Croatia,,import_kg,2006.0,24240000.0,False
Croatia,,import_kg,2007.0,24840000.0,False
Croatia,,import_kg,2008.0,24300000.0,False
Croatia,,import_kg,2009.0,23640000.0,False
Croatia,,import_kg,2010.0,23640000.0,False
Croatia,,import_kg,2011.0,23460000.0,False
Croatia,,import_kg,2012.0,23040000.0,False
Croatia,,import_kg,2013.0,24780000.0,False
Croatia,,import_kg,2014.0,25200000.0,False
Croatia,,import_kg,2015.0,26220000.0,False
Croatia,,import_kg,2016.0,28740000.0,False
Croatia,,import_kg,2017.0,26340000.0,False
Croatia,,import_kg,2018.0,26760000.0,False
Croatia,,import_kg,2019.0,27960000.0,False
Cyprus,,import_kg,1990.0,3000000.0,False
Cyprus,,import_kg,1991.0,3240000.0,False
Cyprus,,import_kg,1992.0,2460000.0,False
Cyprus,,import_kg,1993.0,4620000.0,False
Cyprus,,import_kg,1994.0,3120000.0,False
Cyprus,,import_kg,1995.0,2640000.0,False
Cyprus,,import_kg,1996.0,3120000.0,False
Cyprus,,import_kg,1997.0,2460000.0,False
Cyprus,,import_kg,1998.0,3000000.0,False
Cyprus,,import_kg,1999.0,3300000.0,False
Cyprus,,import_kg,2000.0,4140000.0,False
Cyprus,,import_kg,2001.0,3540000.0,False
Cyprus,,import_kg,2002.0,3420000.0,False
Cyprus,,import_kg,2003.0,3540000.0,False
Cyprus,,import_kg,2004.0,3540000.0,False
Cyprus,,import_kg,2005.0,4800000.0,False
Cyprus,,import_kg,2006.0,4440000.0,False
Cyprus,,import_kg,2007.0,4260000.0,False
Cyprus,,import_kg,2008.0,4680000.0,False
Cyprus,,import_kg,2009.0,4320000.0,False
Cyprus,,import_kg,2010.0,4620000.0,False
Cyprus,,import_kg,2011.0,4920000.0,False
Cyprus,,import_kg,2012.0,5040000.0,False
Cyprus,,import_kg,2013.0,5640000.0,False
Cyprus,,import_kg,2014.0,5640000.0,False
Cyprus,,import_kg,2015.0,5340000.0,False
Cyprus,,import_kg,2016.0,5580000.0,False
Cyprus,,import_kg,2017.0,6000000.0,False
Cyprus,,import_kg,2018.0,7980000.0,False
Cyprus,,import_kg,2019.0,7980000.0,False
Czechia,,import_kg,1990.0,39540000.0,False
Czechia,,import_kg,1991.0,31500000.0,False
Czechia,,import_kg,1992.0,28500000.0,False
Czechia,,import_kg,1993.0,30840000.0,False
Czechia,,import_kg,1994.0,33240000.0,False
Czechia,,import_kg,1995.0,33180000.0,False
Czechia,,import_kg,1996.0,31500000.0,False
Czechia,,import_kg,1997.0,33600000.0,False
Czechia,,import_kg,1998.0,45900000.0,False
Czechia,,import_kg,1999.0,43680000.0,False
Czechia,,import_kg,2000.0,48540000.0,False
Czechia,,import_kg,2001.0,53940000.0,False
Czechia,,import_kg,2002.0,53280000.0,False
Czechia,,import_kg,2003.0,58440000.0,False
Czechia,,import_kg,2004.0,55740000.0,False
Czechia,,import_kg,2005.0,63780000.0,False
Czechia,,import_kg,2006.0,56400000.0,False
Czechia,,import_kg,2007.0,62220000.0,False
Czechia,,import_kg,2008.0,62220000.0,False
Czechia,,import_kg,2009.0,55800000.0,False
Czechia,,import_kg,2010.0,57060000.0,False
Czechia,,import_kg,2011.0,57120000.0,False
Czechia,,import_kg,2012.0,67620000.0,False
Czechia,,import_kg,2013.0,71040000.0,False
Czechia,,import_kg,2014.0,109380000.0,False
Czechia,,import_kg,2015.0,124080000.0,False
Czechia,,import_kg,2016.0,106740000.0,False
Czechia,,import_kg,2017.0,90420000.0,False
Czechia,,import_kg,2018.0,114180000.0,False
Czechia,,import_kg,2019.0,96540000.0,False
Denmark,,import_kg,1990.0,57540000.0,False
Denmark,,import_kg,1991.0,58980000.0,False
Denmark,,import_kg,1992.0,63720000.0,False
Denmark,,import_kg,1993.0,59640000.0,False
Denmark,,import_kg,1994.0,61980000.0,False
Denmark,,import_kg,1995.0,52620000.0,False
Denmark,,import_kg,1996.0,60360000.0,False
Denmark,,import_kg,1997.0,56940000.0,False
Denmark,,import_kg,1998.0,60840000.0,False
Denmark,,import_kg,1999.0,65640000.0,False
Denmark,,import_kg,2000.0,61320000.0,False
Denmark,,import_kg,2001.0,66180000.0,False
Denmark,,import_kg,2002.0,64560000.0,False
Denmark,,import_kg,2003.0,60120000.0,False
Denmark,,import_kg,2004.0,67140000.0,False
Denmark,,import_kg,2005.0,59580000.0,False
Denmark,,import_kg,2006.0,60240000.0,False
Denmark,,import_kg,2007.0,59700000.0,False
Denmark,,import_kg,2008.0,54000000.0,False
Denmark,,import_kg,2009.0,51600000.0,False
Denmark,,import_kg,2010.0,60900000.0,False
Denmark,,import_kg,2011.0,54540000.0,False
Denmark,,import_kg,2012.0,54780000.0,False
Denmark,,import_kg,2013.0,55260000.0,False
Denmark,,import_kg,2014.0,51180000.0,False
Denmark,,import_kg,2015.0,50460000.0,False
Denmark,,import_kg,2016.0,54360000.0,False
Denmark,,import_kg,2017.0,51120000.0,False
Denmark,,import_kg,2018.0,52080000.0,False
Denmark,,import_kg,2019.0,54480000.0,False
Estonia,,import_kg,1990.0,0.0,False
Estonia,,import_kg,1991.0,0.0,False
Estonia,,import_kg,1992.0,960000.0,False
Estonia,,import_kg,1993.0,3060000.0,False
Estonia,,import_kg,1994.0,4980000.0,False
Estonia,,import_kg,1995.0,6420000.0,False
Estonia,,import_kg,1996.0,7020000.0,False
Estonia,,import_kg,1997.0,8460000.0,False
Estonia,,import_kg,1998.0,8100000.0,False
Estonia,,import_kg,1999.0,7860000.0,False
Estonia,,import_kg,2000.0,6300000.0,False
Estonia,,import_kg,2001.0,9660000.0,False
Estonia,,import_kg,2002.0,7200000.0,False
Estonia,,import_kg,2003.0,8040000.0,False
Estonia,,import_kg,2004.0,10560000.0,False
Estonia,,import_kg,2005.0,13260000.0,False
Estonia,,import_kg,2006.0,15240000.0,False
Estonia,,import_kg,2007.0,16620000.0,False
Estonia,,import_kg,2008.0,20040000.0,False
Estonia,,import_kg,2009.0,21420000.0,False
Estonia,,import_kg,2010.0,15780000.0,False
Estonia,,import_kg,2011.0,10020000.0,False
Estonia,,import_kg,2012.0,9420000.0,False
Estonia,,import_kg,2013.0,9360000.0,False
Estonia,,import_kg,2014.0,7860000.0,False
Estonia,,import_kg,2015.0,7560000.0,False
Estonia,,import_kg,2016.0,8100000.0,False
Estonia,,import_kg,2017.0,7980000.0,False
Estonia,,import_kg,2018.0,8820000.0,False
Estonia,,import_kg,2019.0,8880000.0,False
Finland,,import_kg,1990.0,65700000.0,False
Finland,,import_kg,1991.0,61980000.0,False
Finland,,import_kg,1992.0,63300000.0,False
Finland,,import_kg,1993.0,78060000.0,False
Finland,,import_kg,1994.0,81660000.0,False
Finland,,import_kg,1995.0,46140000.0,False
Finland,,import_kg,1996.0,59520000.0,False
Finland,,import_kg,1997.0,71160000.0,False
Finland,,import_kg,1998.0,70080000.0,False
Finland,,import_kg,1999.0,72540000.0,False
Finland,,import_kg,2000.0,63780000.0,False
Finland,,import_kg,2001.0,65040000.0,False
Finland,,import_kg,2002.0,64500000.0,False
Finland,,import_kg,2003.0,66300000.0,False
Finland,,import_kg,2004.0,69120000.0,False
Finland,,import_kg,2005.0,69360000.0,False
Finland,,import_kg,2006.0,70080000.0,False
Finland,,import_kg,2007.0,72420000.0,False
Finland,,import_kg,2008.0,77100000.0,False
Finland,,import_kg,2009.0,74580000.0,False
Finland,,import_kg,2010.0,76440000.0,False
Finland,,import_kg,2011.0,77220000.0,False
Finland,,import_kg,2012.0,74280000.0,False
Finland,,import_kg,2013.0,76500000.0,False
Finland,,import_kg,2014.0,72780000.0,False
Finland,,import_kg,2015.0,79260000.0,False
Finland,,import_kg,2016.0,83340000.0,False
Finland,,import_kg,2017.0,81600000.0,False
Finland,,import_kg,2018.0,77100000.0,False
Finland,,import_kg,2019.0,90900000.0,False
France,,import_kg,1990.0,378060000.0,False
France,,import_kg,1991.0,393180000.0,False
France,,import_kg,1992.0,396720000.0,False
France,,import_kg,1993.0,380040000.0,False
France,,import_kg,1994.0,382140000.0,False
France,,import_kg,1995.0,372840000.0,False
France,,import_kg,1996.0,399600000.0,False
France,,import_kg,1997.0,402240000.0,False
France,,import_kg,1998.0,394560000.0,False
France,,import_kg,1999.0,400560000.0,False
France,,import_kg,2000.0,391200000.0,False
France,,import_kg,2001.0,405180000.0,False
France,,import_kg,2002.0,415500000.0,False
France,,import_kg,2003.0,399120000.0,False
France,,import_kg,2004.0,356400000.0,False
France,,import_kg,2005.0,342840000.0,False
France,,import_kg,2006.0,371460000.0,False
France,,import_kg,2007.0,385200000.0,False
France,,import_kg,2008.0,375120000.0,False
France,,import_kg,2009.0,400200000.0,False
France,,import_kg,2010.0,403020000.0,False
France,,import_kg,2011.0,419520000.0,False
France,,import_kg,2012.0,410460000.0,False
France,,import_kg,2013.0,402780000.0,False
France,,import_kg,2014.0,426720000.0,False
France,,import_kg,2015.0,408540000.0,False
France,,import_kg,2016.0,404280000.0,False
France,,import_kg,2017.0,418020000.0,False
France,,import_kg,2018.0,457440000.0,False
France,,import_kg,2019.0,479580000.0,False
Germany,,import_kg,1990.0,820260000.0,False
Germany,,import_kg,1991.0,793740000.0,False
Germany,,import_kg,1992.0,827340000.0,False
Germany,,import_kg,1993.0,846420000.0,False
Germany,,import_kg,1994.0,814980000.0,False
Germany,,import_kg,1995.0,771120000.0,False
Germany,,import_kg,1996.0,810420000.0,False
Germany,,import_kg,1997.0,834300000.0,False
Germany,,import_kg,1998.0,824400000.0,False
Germany,,import_kg,1999.0,859200000.0,False
Germany,,import_kg,2000.0,833700000.0,False
Germany,,import_kg,2001.0,885180000.0,False
Germany,,import_kg,2002.0,930960000.0,False
Germany,,import_kg,2003.0,943620000.0,False
Germany,,import_kg,2004.0,1041360000.0,False
Germany,,import_kg,2005.0,1002960000.0,False
Germany,,import_kg,2006.0,1112580000.0,False
Germany,,import_kg,2007.0,1173840000.0,False
Germany,,import_kg,2008.0,1192560000.0,False
Germany,,import_kg,2009.0,1164960000.0,False
Germany,,import_kg,2010.0,1236180000.0,False
Germany,,import_kg,2011.0,1255560000.0,False
Germany,,import_kg,2012.0,1308960000.0,False
Germany,,import_kg,2013.0,1270440000.0,False
Germany,,import_kg,2014.0,1324680000.0,False
Germany,,import_kg,2015.0,1278960000.0,False
Germany,,import_kg,2016.0,1342080000.0,False
Germany,,import_kg,2017.0,1305900000.0,False
Germany,,import_kg,2018.0,1328820000.0,False
Germany,,import_kg,2019.0,1345920000.0,False
Greece,,import_kg,1990.0,38520000.0,False
Greece,,import_kg,1991.0,24420000.0,False
Greece,,import_kg,1992.0,20940000.0,False
Greece,,import_kg,1993.0,22500000.0,False
Greece,,import_kg,1994.0,30120000.0,False
Greece,,import_kg,1995.0,31380000.0,False
Greece,,import_kg,1996.0,45960000.0,False
Greece,,import_kg,1997.0,47340000.0,False
Greece,,import_kg,1998.0,42240000.0,False
Greece,,import_kg,1999.0,43980000.0,False
Greece,,import_kg,2000.0,47880000.0,False
Greece,,import_kg,2001.0,52080000.0,False
Greece,,import_kg,2002.0,53820000.0,False
Greece,,import_kg,2003.0,59880000.0,False
Greece,,import_kg,2004.0,56520000.0,False
Greece,,import_kg,2005.0,55860000.0,False
Greece,,import_kg,2006.0,53820000.0,False
Greece,,import_kg,2007.0,64860000.0,False
Greece,,import_kg,2008.0,63360000.0,False
Greece,,import_kg,2009.0,62760000.0,False
Greece,,import_kg,2010.0,63660000.0,False
Greece,,import_kg,2011.0,69300000.0,False
Greece,,import_kg,2012.0,74640000.0,False
Greece,,import_kg,2013.0,76140000.0,False
Greece,,import_kg,2014.0,74040000.0,False
Greece,,import_kg,2015.0,72600000.0,False
Greece,,import_kg,2016.0,95040000.0,False
Greece,,import_kg,2017.0,52020000.0,False
Greece,,import_kg,2018.0,69600000.0,False
Greece,,import_kg,2019.0,74760000.0,False
Hungary,,import_kg,1990.0,34440000.0,False
Hungary,,import_kg,1991.0,38460000.0,False
Hungary,,import_kg,1992.0,31320000.0,False
Hungary,,import_kg,1993.0,40080000.0,False
Hungary,,import_kg,1994.0,46260000.0,False
Hungary,,import_kg,1995.0,31200000.0,False
Hungary,,import_kg,1996.0,36180000.0,False
Hungary,,import_kg,1997.0,40500000.0,False
Hungary,,import_kg,1998.0,42960000.0,False
Hungary,,import_kg,1999.0,45720000.0,False
Hungary,,import_kg,2000.0,47400000.0,False
Hungary,,import_kg,2001.0,49980000.0,False
Hungary,,import_kg,2002.0,49680000.0,False
Hungary,,import_kg,2003.0,51840000.0,False
Hungary,,import_kg,2004.0,58620000.0,False
Hungary,,import_kg,2005.0,51120000.0,False
Hungary,,import_kg,2006.0,54060000.0,False
Hungary,,import_kg,2007.0,53640000.0,False
Hungary,,import_kg,2008.0,48660000.0,False
Hungary,,import_kg,2009.0,42240000.0,False
Hungary,,import_kg,2010.0,43620000.0,False
Hungary,,import_kg,2011.0,38400000.0,False
Hungary,,import_kg,2012.0,44880000.0,False
Hungary,,import_kg,2013.0,33420000.0,False
Hungary,,import_kg,2014.0,49980000.0,False
Hungary,,import_kg,2015.0,42840000.0,False
Hungary,,import_kg,2016.0,43500000.0,False
Hungary,,import_kg,2017.0,43320000.0,False
Hungary,,import_kg,2018.0,46740000.0,False
Hungary,,import_kg,2019.0,46380000.0,False
Ireland,,import_kg,1990.0,7740000.0,False
Ireland,,import_kg,1991.0,7080000.0,False
Ireland,,import_kg,1992.0,5700000.0,False
Ireland,,import_kg,1993.0,6660000.0,False
Ireland,,import_kg,1994.0,7860000.0,False
Ireland,,import_kg,1995.0,6900000.0,False
Ireland,,import_kg,1996.0,5880000.0,False
Ireland,,import_kg,1997.0,6360000.0,False
Ireland,,import_kg,1998.0,6120000.0,False
Ireland,,import_kg,1999.0,8520000.0,False
Ireland,,import_kg,2000.0,9300000.0,False
Ireland,,import_kg,2001.0,10800000.0,False
Ireland,,import_kg,2002.0,10620000.0,False
Ireland,,import_kg,2003.0,13620000.0,False
Ireland,,import_kg,2004.0,15840000.0,False
Ireland,,import_kg,2005.0,15060000.0,False
Ireland,,import_kg,2006.0,15120000.0,False
Ireland,,import_kg,2007.0,15960000.0,False
Ireland,,import_kg,2008.0,7620000.0,False
Ireland,,import_kg,2009.0,8520000.0,False
Ireland,,import_kg,2010.0,9900000.0,False
Ireland,,import_kg,2011.0,12600000.0,False
Ireland,,import_kg,2012.0,15120000.0,False
Ireland,,import_kg,2013.0,13980000.0,False
Ireland,,import_kg,2014.0,17520000.0,False
Ireland,,import_kg,2015.0,21420000.0,False
Ireland,,import_kg,2016.0,24180000.0,False
Ireland,,import_kg,2017.0,25620000.0,False
Ireland,,import_kg,2018.0,26400000.0,False
Ireland,,import_kg,2019.0,26280000.0,False
Italy,,import_kg,1990.0,314520000.0,False
Italy,,import_kg,1991.0,277800000.0,False
Italy,,import_kg,1992.0,275700000.0,False
Italy,,import_kg,1993.0,335640000.0,False
Italy,,import_kg,1994.0,333240000.0,False
Italy,,import_kg,1995.0,323280000.0,False
Italy,,import_kg,1996.0,336480000.0,False
Italy,,import_kg,1997.0,344580000.0,False
Italy,,import_kg,1998.0,353340000.0,False
Italy,,import_kg,1999.0,356580000.0,False
Italy,,import_kg,2000.0,378900000.0,False
Italy,,import_kg,2001.0,392520000.0,False
Italy,,import_kg,2002.0,391380000.0,False
Italy,,import_kg,2003.0,415740000.0,False
Italy,,import_kg,2004.0,421920000.0,False
Italy,,import_kg,2005.0,436140000.0,False
Italy,,import_kg,2006.0,452880000.0,False
Italy,,import_kg,2007.0,481680000.0,False
Italy,,import_kg,2008.0,490320000.0,False
Italy,,import_kg,2009.0,484680000.0,False
Italy,,import_kg,2010.0,494160000.0,False
Italy,,import_kg,2011.0,501300000.0,False
Italy,,import_kg,2012.0,521460000.0,False
Italy,,import_kg,2013.0,529380000.0,False
Italy,,import_kg,2014.0,561000000.0,False
Italy,,import_kg,2015.0,559680000.0,False
Italy,,import_kg,2016.0,613440000.0,False
Italy,,import_kg,2017.0,601200000.0,False
Italy,,import_kg,2018.0,638340000.0,False
Italy,,import_kg,2019.0,654840000.0,False
Japan,,import_kg,1990.0,319800000.0,False
Japan,,import_kg,1991.0,330600000.0,False
Japan,,import_kg,1992.0,319560000.0,False
Japan,,import_kg,1993.0,341460000.0,False
Japan,,import_kg,1994.0,373020000.0,False
Japan,,import_kg,1995.0,329340000.0,False
Japan,,import_kg,1996.0,359640000.0,False
Japan,,import_kg,1997.0,355260000.0,False
Japan,,import_kg,1998.0,361620000.0,False
Japan,,import_kg,1999.0,392820000.0,False
Japan,,import_kg,2000.0,414480000.0,False
Japan,,import_kg,2001.0,419760000.0,False
Japan,,import_kg,2002.0,438420000.0,False
Japan,,import_kg,2003.0,415380000.0,False
Japan,,import_kg,2004.0,435240000.0,False
Japan,,import_kg,2005.0,444480000.0,False
Japan,,import_kg,2006.0,457920000.0,False
Japan,,import_kg,2007.0,425160000.0,False
Japan,,import_kg,2008.0,423600000.0,False
Japan,,import_kg,2009.0,425400000.0,False
Japan,,import_kg,2010.0,444420000.0,False
Japan,,import_kg,2011.0,452640000.0,False
Japan,,import_kg,2012.0,421500000.0,False
Japan,,import_kg,2013.0,502860000.0,False
Japan,,import_kg,2014.0,459420000.0,False
Japan,,import_kg,2015.0,483780000.0,False
Japan,,import_kg,2016.0,481560000.0,False
Japan,,import_kg,2017.0,458820000.0,False
Japan,,import_kg,2018.0,452400000.0,False
Japan,,import_kg,2019.0,482400000.0,False
Latvia,,import_kg,1990.0,0.0,False
Latvia,,import_kg,1991.0,0.0,False
Latvia,,import_kg,1992.0,1200000.0,False
Latvia,,import_kg,1993.0,3600000.0,False
Latvia,,import_kg,1994.0,1380000.0,False
Latvia,,import_kg,1995.0,1800000.0,False
Latvia,,import_kg,1996.0,3960000.0,False
Latvia,,import_kg,1997.0,8640000.0,False
Latvia,,import_kg,1998.0,9540000.0,False
Latvia,,import_kg,1999.0,10980000.0,False
Latvia,,import_kg,2000.0,10860000.0,False
Latvia,,import_kg,2001.0,9360000.0,False
Latvia,,import_kg,2002.0,9840000.0,False
Latvia,,import_kg,2003.0,11160000.0,False
Latvia,,import_kg,2004.0,11280000.0,False
Latvia,,import_kg,2005.0,11460000.0,False
Latvia,,import_kg,2006.0,13260000.0,False
Latvia,,import_kg,2007.0,9060000.0,False
Latvia,,import_kg,2008.0,9240000.0,False
Latvia,,import_kg,2009.0,7920000.0,False
Latvia,,import_kg,2010.0,8280000.0,False
Latvia,,import_kg,2011.0,8460000.0,False
Latvia,,import_kg,2012.0,9420000.0,False
Latvia,,import_kg,2013.0,9660000.0,False
Latvia,,import_kg,2014.0,12780000.0,False
Latvia,,import_kg,2015.0,12120000.0,False
Latvia,,import_kg,2016.0,13860000.0,False
Latvia,,import_kg,2017.0,13740000.0,False
Latvia,,import_kg,2018.0,14580000.0,False
Latvia,,import_kg,2019.0,14100000.0,False
Lithuania,,import_kg,1990.0,0.0,False
Lithuania,,import_kg,1991.0,0.0,False
Lithuania,,import_kg,1992.0,120000.0,False
Lithuania,,import_kg,1993.0,540000.0,False
Lithuania,,import_kg,1994.0,2820000.0,False
Lithuania,,import_kg,1995.0,6780000.0,False
Lithuania,,import_kg,1996.0,9000000.0,False
Lithuania,,import_kg,1997.0,11220000.0,False
Lithuania,,import_kg,1998.0,11100000.0,False
Lithuania,,import_kg,1999.0,12360000.0,False
Lithuania,,import_kg,2000.0,12780000.0,False
Lithuania,,import_kg,2001.0,16020000.0,False
Lithuania,,import_kg,2002.0,15780000.0,False
Lithuania,,import_kg,2003.0,13260000.0,False
Lithuania,,import_kg,2004.0,15360000.0,False
Lithuania,,import_kg,2005.0,17040000.0,False
Lithuania,,import_kg,2006.0,19020000.0,False
Lithuania,,import_kg,2007.0,20160000.0,False
Lithuania,,import_kg,2008.0,23400000.0,False
Lithuania,,import_kg,2009.0,24660000.0,False
Lithuania,,import_kg,2010.0,22560000.0,False
Lithuania,,import_kg,2011.0,17340000.0,False
Lithuania,,import_kg,2012.0,20220000.0,False
Lithuania,,import_kg,2013.0,21720000.0,False
Lithuania,,import_kg,2014.0,23760000.0,False
Lithuania,,import_kg,2015.0,25680000.0,False
Lithuania,,import_kg,2016.0,29940000.0,False
Lithuania,,import_kg,2017.0,25920000.0,False
Lithuania,,import_kg,2018.0,26460000.0,False
Lithuania,,import_kg,2019.0,28440000.0,False
Luxembourg,,import_kg,1990.0,0.0,False
Luxembourg,,import_kg,1991.0,0.0,False
Luxembourg,,import_kg,1992.0,0.0,False
Luxembourg,,import_kg,1993.0,0.0,False
Luxembourg,,import_kg,1994.0,0.0,False
Luxembourg,,import_kg,1995.0,0.0,False
Luxembourg,,import_kg,1996.0,0.0,False
Luxembourg,,import_kg,1997.0,0.0,False
Luxembourg,,import_kg,1998.0,0.0,False
Luxembourg,,import_kg,1999.0,8700000.0,False
Luxembourg,,import_kg,2000.0,13920000.0,False
Luxembourg,,import_kg,2001.0,12600000.0,False
Luxembourg,,import_kg,2002.0,15180000.0,False
Luxembourg,,import_kg,2003.0,17340000.0,False
Luxembourg,,import_kg,2004.0,18960000.0,False
Luxembourg,,import_kg,2005.0,19860000.0,False
Luxembourg,,import_kg,2006.0,20160000.0,False
Luxembourg,,import_kg,2007.0,21600000.0,False
Luxembourg,,import_kg,2008.0,21060000.0,False
Luxembourg,,import_kg,2009.0,19800000.0,False
Luxembourg,,import_kg,2010.0,20940000.0,False
Luxembourg,,import_kg,2011.0,19560000.0,False
Luxembourg,,import_kg,2012.0,19380000.0,False
Luxembourg,,import_kg,2013.0,22680000.0,False
Luxembourg,,import_kg,2014.0,24780000.0,False
Luxembourg,,import_kg,2015.0,22560000.0,False
Luxembourg,,import_kg,2016.0,23640000.0,False
Luxembourg,,import_kg,2017.0,22800000.0,False
Luxembourg,,import_kg,2018.0,25980000.0,False
Luxembourg,,import_kg,2019.0,24120000.0,False
Malta,,import_kg,1990.0,1260000.0,False
Malta,,import_kg,1991.0,960000.0,False
Malta,,import_kg,1992.0,1080000.0,False
Malta,,import_kg,1993.0,1380000.0,False
Malta,,import_kg,1994.0,780000.0,False
Malta,,import_kg,1995.0,1380000.0,False
Malta,,import_kg,1996.0,540000.0,False
Malta,,import_kg,1997.0,540000.0,False
Malta,,import_kg,1998.0,600000.0,False
Malta,,import_kg,1999.0,540000.0,False
Malta,,import_kg,2000.0,540000.0,False
Malta,,import_kg,2001.0,540000.0,False
Malta,,import_kg,2002.0,600000.0,False
Malta,,import_kg,2003.0,660000.0,False
Malta,,import_kg,2004.0,960000.0,False
Malta,,import_kg,2005.0,960000.0,False
Malta,,import_kg,2006.0,1740000.0,False
Malta,,import_kg,2007.0,960000.0,False
Malta,,import_kg,2008.0,1380000.0,False
Malta,,import_kg,2009.0,840000.0,False
Malta,,import_kg,2010.0,720000.0,False
Malta,,import_kg,2011.0,1020000.0,False
Malta,,import_kg,2012.0,1260000.0,False
Malta,,import_kg,2013.0,1320000.0,False
Malta,,import_kg,2014.0,1500000.0,False
Malta,,import_kg,2015.0,960000.0,False
Malta,,import_kg,2016.0,1140000.0,False
Malta,,import_kg,2017.0,1020000.0,False
Malta,,import_kg,2018.0,1140000.0,False
Malta,,import_kg,2019.0,1380000.0,False
Netherlands,,import_kg,1990.0,187680000.0,False
Netherlands,,import_kg,1991.0,187260000.0,False
Netherlands,,import_kg,1992.0,192300000.0,False
Netherlands,,import_kg,1993.0,168240000.0,False
Netherlands,,import_kg,1994.0,168000000.0,False
Netherlands,,import_kg,1995.0,174600000.0,False
Netherlands,,import_kg,1996.0,185040000.0,False
Netherlands,,import_kg,1997.0,175440000.0,False
Netherlands,,import_kg,1998.0,171720000.0,False
Netherlands,,import_kg,1999.0,153960000.0,False
Netherlands,,import_kg,2000.0,177960000.0,False
Netherlands,,import_kg,2001.0,167640000.0,False
Netherlands,,import_kg,2002.0,165600000.0,False
Netherlands,,import_kg,2003.0,190560000.0,False
Netherlands,,import_kg,2004.0,189540000.0,False
Netherlands,,import_kg,2005.0,179280000.0,False
Netherlands,,import_kg,2006.0,197580000.0,False
Netherlands,,import_kg,2007.0,211860000.0,False
Netherlands,,import_kg,2008.0,138240000.0,False
Netherlands,,import_kg,2009.0,150120000.0,False
Netherlands,,import_kg,2010.0,154980000.0,False
Netherlands,,import_kg,2011.0,160680000.0,False
Netherlands,,import_kg,2012.0,163800000.0,False
Netherlands,,import_kg,2013.0,204420000.0,False
Netherlands,,import_kg,2014.0,240960000.0,False
Netherlands,,import_kg,2015.0,250560000.0,False
Netherlands,,import_kg,2016.0,286860000.0,False
Netherlands,,import_kg,2017.0,304080000.0,False
Netherlands,,import_kg,2018.0,331200000.0,False
Netherlands,,import_kg,2019.0,321240000.0,False
Norway,,import_kg,1990.0,44520000.0,False
Norway,,import_kg,1991.0,45660000.0,False
Norway,,import_kg,1992.0,44340000.0,False
Norway,,import_kg,1993.0,41580000.0,False
Norway,,import_kg,1994.0,48360000.0,False
Norway,,import_kg,1995.0,39720000.0,False
Norway,,import_kg,1996.0,43200000.0,False
Norway,,import_kg,1997.0,41040000.0,False
Norway,,import_kg,1998.0,42420000.0,False
Norway,,import_kg,1999.0,47400000.0,False
Norway,,import_kg,2000.0,39720000.0,False
Norway,,import_kg,2001.0,42960000.0,False
Norway,,import_kg,2002.0,41880000.0,False
Norway,,import_kg,2003.0,41460000.0,False
Norway,,import_kg,2004.0,42960000.0,False
Norway,,import_kg,2005.0,45180000.0,False
Norway,,import_kg,2006.0,43860000.0,False
Norway,,import_kg,2007.0,46800000.0,False
Norway,,import_kg,2008.0,43320000.0,False
Norway,,import_kg,2009.0,43440000.0,False
Norway,,import_kg,2010.0,45540000.0,False
Norway,,import_kg,2011.0,47700000.0,False
Norway,,import_kg,2012.0,44100000.0,False
Norway,,import_kg,2013.0,46860000.0,False
Norway,,import_kg,2014.0,44580000.0,False
Norway,,import_kg,2015.0,48000000.0,False
Norway,,import_kg,2016.0,47940000.0,False
Norway,,import_kg,2017.0,48060000.0,False
Norway,,import_kg,2018.0,44580000.0,False
Norway,,import_kg,2019.0,47160000.0,False
Poland,,import_kg,1990.0,26100000.0,False
Poland,,import_kg,1991.0,15000000.0,False
Poland,,import_kg,1992.0,107220000.0,False
Poland,,import_kg,1993.0,100200000.0,False
Poland,,import_kg,1994.0,110580000.0,False
Poland,,import_kg,1995.0,106260000.0,False
Poland,,import_kg,1996.0,115440000.0,False
Poland,,import_kg,1997.0,135180000.0,False
Poland,,import_kg,1998.0,137580000.0,False
Poland,,import_kg,1999.0,144240000.0,False
Poland,,import_kg,2000.0,154560000.0,False
Poland,,import_kg,2001.0,163140000.0,False
Poland,,import_kg,2002.0,158580000.0,False
Poland,,import_kg,2003.0,159840000.0,False
Poland,,import_kg,2004.0,161220000.0,False
Poland,,import_kg,2005.0,167520000.0,False
Poland,,import_kg,2006.0,159240000.0,False
Poland,,import_kg,2007.0,135840000.0,False
Poland,,import_kg,2008.0,147600000.0,False
Poland,,import_kg,2009.0,189720000.0,False
Poland,,import_kg,2010.0,196740000.0,False
Poland,,import_kg,2011.0,204240000.0,False
Poland,,import_kg,2012.0,212580000.0,False
Poland,,import_kg,2013.0,197040000.0,False
Poland,,import_kg,2014.0,193740000.0,False
Poland,,import_kg,2015.0,219960000.0,False
Poland,,import_kg,2016.0,229620000.0,False
Poland,,import_kg,2017.0,239940000.0,False
Poland,,import_kg,2018.0,259500000.0,False
Poland,,import_kg,2019.0,267120000.0,False
Portugal,,import_kg,1990.0,33120000.0,False
Portugal,,import_kg,1991.0,33420000.0,False
Portugal,,import_kg,1992.0,35460000.0,False
Portugal,,import_kg,1993.0,39960000.0,False
Portugal,,import_kg,1994.0,39840000.0,False
Portugal,,import_kg,1995.0,37980000.0,False
Portugal,,import_kg,1996.0,44580000.0,False
Portugal,,import_kg,1997.0,43620000.0,False
Portugal,,import_kg,1998.0,45720000.0,False
Portugal,,import_kg,1999.0,49020000.0,False
Portugal,,import_kg,2000.0,48660000.0,False
Portugal,,import_kg,2001.0,50580000.0,False
Portugal,,import_kg,2002.0,50280000.0,False
Portugal,,import_kg,2003.0,50040000.0,False
Portugal,,import_kg,2004.0,50280000.0,False
Portugal,,import_kg,2005.0,49860000.0,False
Portugal,,import_kg,2006.0,51720000.0,False
Portugal,,import_kg,2007.0,54660000.0,False
Portugal,,import_kg,2008.0,53100000.0,False
Portugal,,import_kg,2009.0,53220000.0,False
Portugal,,import_kg,2010.0,60600000.0,False
Portugal,,import_kg,2011.0,63480000.0,False
Portugal,,import_kg,2012.0,64560000.0,False
Portugal,,import_kg,2013.0,63780000.0,False
Portugal,,import_kg,2014.0,63600000.0,False
Portugal,,import_kg,2015.0,62640000.0,False
Portugal,,import_kg,2016.0,67680000.0,False
Portugal,,import_kg,2017.0,65640000.0,False
Portugal,,import_kg,2018.0,68400000.0,False
Portugal,,import_kg,2019.0,73200000.0,False
Romania,,import_kg,1990.0,26520000.0,False
Romania,,import_kg,1991.0,20100000.0,False
Romania,,import_kg,1992.0,36180000.0,False
Romania,,import_kg,1993.0,25500000.0,False
Romania,,import_kg,1994.0,20820000.0,False
Romania,,import_kg,1995.0,33060000.0,False
Romania,,import_kg,1996.0,41820000.0,False
Romania,,import_kg,1997.0,37860000.0,False
Romania,,import_kg,1998.0,35700000.0,False
Romania,,import_kg,1999.0,30660000.0,False
Romania,,import_kg,2000.0,33120000.0,False
Romania,,import_kg,2001.0,37980000.0,False
Romania,,import_kg,2002.0,44280000.0,False
Romania,,import_kg,2003.0,45300000.0,False
Romania,,import_kg,2004.0,49680000.0,False
Romania,,import_kg,2005.0,52440000.0,False
Romania,,import_kg,2006.0,51240000.0,False
Romania,,import_kg,2007.0,50400000.0,False
Romania,,import_kg,2008.0,49560000.0,False
Romania,,import_kg,2009.0,48660000.0,False
Romania,,import_kg,2010.0,50340000.0,False
Romania,,import_kg,2011.0,50640000.0,False
Romania,,import_kg,2012.0,54180000.0,False
Romania,,import_kg,2013.0,58260000.0,False
Romania,,import_kg,2014.0,57480000.0,False
Romania,,import_kg,2015.0,60720000.0,False
Romania,,import_kg,2016.0,68040000.0,False
Romania,,import_kg,2017.0,69300000.0,False
Romania,,import_kg,2018.0,70440000.0,False
Romania,,import_kg,2019.0,69900000.0,False
Russian Federation,,import_kg,1990.0,0.0,False
Russian Federation,,import_kg,1991.0,0.0,False
Russian Federation,,import_kg,1992.0,82920000.0,False
Russian Federation,,import_kg,1993.0,107700000.0,False
Russian Federation,,import_kg,1994.0,103560000.0,False
Russian Federation,,import_kg,1995.0,103680000.0,False
Russian Federation,,import_kg,1996.0,67680000.0,False
Russian Federation,,import_kg,1997.0,131100000.0,False
Russian Federation,,import_kg,1998.0,103920000.0,False
Russian Federation,,import_kg,1999.0,82080000.0,False
Russian Federation,,import_kg,2000.0,113400000.0,False
Russian Federation,,import_kg,2001.0,183420000.0,False
Russian Federation,,import_kg,2002.0,210240000.0,False
Russian Federation,,import_kg,2003.0,226320000.0,False
Russian Federation,,import_kg,2004.0,192300000.0,False
Russian Federation,,import_kg,2005.0,200160000.0,False
Russian Federation,,import_kg,2006.0,207900000.0,False
Russian Federation,,import_kg,2007.0,259080000.0,False
Russian Federation,,import_kg,2008.0,243180000.0,False
Russian Federation,,import_kg,2009.0,213180000.0,False
Russian Federation,,import_kg,2010.0,249300000.0,False
Russian Federation,,import_kg,2011.0,253080000.0,False
Russian Federation,,import_kg,2012.0,250500000.0,False
Russian Federation,,import_kg,2013.0,264600000.0,False
Russian Federation,,import_kg,2014.0,284820000.0,False
Russian Federation,,import_kg,2015.0,282600000.0,False
Russian Federation,,import_kg,2016.0,313980000.0,False
Russian Federation,,import_kg,2017.0,328080000.0,False
Russian Federation,,import_kg,2018.0,317280000.0,False
Russian Federation,,import_kg,2019.0,355020000.0,False
Slovakia,,import_kg,1990.0,0.0,False
Slovakia,,import_kg,1991.0,0.0,False
Slovakia,,import_kg,1992.0,0.0,False
Slovakia,,import_kg,1993.0,17280000.0,False
Slovakia,,import_kg,1994.0,15420000.0,False
Slovakia,,import_kg,1995.0,15000000.0,False
Slovakia,,import_kg,1996.0,15660000.0,False
Slovakia,,import_kg,1997.0,15180000.0,False
Slovakia,,import_kg,1998.0,15540000.0,False
Slovakia,,import_kg,1999.0,16140000.0,False
Slovakia,,import_kg,2000.0,17160000.0,False
Slovakia,,import_kg,2001.0,19020000.0,False
Slovakia,,import_kg,2002.0,18000000.0,False
Slovakia,,import_kg,2003.0,18180000.0,False
Slovakia,,import_kg,2004.0,17880000.0,False
Slovakia,,import_kg,2005.0,18480000.0,False
Slovakia,,import_kg,2006.0,20820000.0,False
Slovakia,,import_kg,2007.0,30480000.0,False
Slovakia,,import_kg,2008.0,36660000.0,False
Slovakia,,import_kg,2009.0,27480000.0,False
Slovakia,,import_kg,2010.0,39300000.0,False
Slovakia,,import_kg,2011.0,46620000.0,False
Slovakia,,import_kg,2012.0,46320000.0,False
Slovakia,,import_kg,2013.0,47880000.0,False
Slovakia,,import_kg,2014.0,55140000.0,False
Slovakia,,import_kg,2015.0,54600000.0,False
Slovakia,,import_kg,2016.0,54360000.0,False
Slovakia,,import_kg,2017.0,43380000.0,False
Slovakia,,import_kg,2018.0,53400000.0,False
Slovakia,,import_kg,2019.0,46380000.0,False
Slovenia,,import_kg,1990.0,0.0,False
Slovenia,,import_kg,1991.0,0.0,False
Slovenia,,import_kg,1992.0,7380000.0,False
Slovenia,,import_kg,1993.0,9120000.0,False
Slovenia,,import_kg,1994.0,9540000.0,False
Slovenia,,import_kg,1995.0,8880000.0,False
Slovenia,,import_kg,1996.0,10500000.0,False
Slovenia,,import_kg,1997.0,10260000.0,False
Slovenia,,import_kg,1998.0,10440000.0,False
Slovenia,,import_kg,1999.0,10920000.0,False
Slovenia,,import_kg,2000.0,11220000.0,False
Slovenia,,import_kg,2001.0,11640000.0,False
Slovenia,,import_kg,2002.0,12060000.0,False
Slovenia,,import_kg,2003.0,10620000.0,False
Slovenia,,import_kg,2004.0,11760000.0,False
Slovenia,,import_kg,2005.0,11460000.0,False
Slovenia,,import_kg,2006.0,11220000.0,False
Slovenia,,import_kg,2007.0,12300000.0,False
Slovenia,,import_kg,2008.0,12300000.0,False
Slovenia,,import_kg,2009.0,12600000.0,False
Slovenia,,import_kg,2010.0,13080000.0,False
Slovenia,,import_kg,2011.0,13380000.0,False
Slovenia,,import_kg,2012.0,13260000.0,False
Slovenia,,import_kg,2013.0,15480000.0,False
Slovenia,,import_kg,2014.0,16140000.0,False
Slovenia,,import_kg,2015.0,16320000.0,False
Slovenia,,import_kg,2016.0,19380000.0,False
Slovenia,,import_kg,2017.0,24060000.0,False
Slovenia,,import_kg,2018.0,33000000.0,False
Slovenia,,import_kg,2019.0,37200000.0,False
Spain,,import_kg,1990.0,183180000.0,False
Spain,,import_kg,1991.0,178200000.0,False
Spain,,import_kg,1992.0,204840000.0,False
Spain,,import_kg,1993.0,168780000.0,False
Spain,,import_kg,1994.0,181680000.0,False
Spain,,import_kg,1995.0,188760000.0,False
Spain,,import_kg,1996.0,210900000.0,False
Spain,,import_kg,1997.0,226620000.0,False
Spain,,import_kg,1998.0,223080000.0,False
Spain,,import_kg,1999.0,239160000.0,False
Spain,,import_kg,2000.0,226080000.0,False
Spain,,import_kg,2001.0,243480000.0,False
Spain,,import_kg,2002.0,241560000.0,False
Spain,,import_kg,2003.0,248160000.0,False
Spain,,import_kg,2004.0,250380000.0,False
Spain,,import_kg,2005.0,261360000.0,False
Spain,,import_kg,2006.0,272280000.0,False
Spain,,import_kg,2007.0,292500000.0,False
Spain,,import_kg,2008.0,291840000.0,False
Spain,,import_kg,2009.0,288660000.0,False
Spain,,import_kg,2010.0,302040000.0,False
Spain,,import_kg,2011.0,289260000.0,False
Spain,,import_kg,2012.0,305640000.0,False
Spain,,import_kg,2013.0,308220000.0,False
Spain,,import_kg,2014.0,324360000.0,False
Spain,,import_kg,2015.0,325740000.0,False
Spain,,import_kg,2016.0,339600000.0,False
Spain,,import_kg,2017.0,324840000.0,False
Spain,,import_kg,2018.0,340380000.0,False
Spain,,import_kg,2019.0,359040000.0,False
Sweden,,import_kg,1990.0,106020000.0,False
Sweden,,import_kg,1991.0,103020000.0,False
Sweden,,import_kg,1992.0,106320000.0,False
Sweden,,import_kg,1993.0,105420000.0,False
Sweden,,import_kg,1994.0,113580000.0,False
Sweden,,import_kg,1995.0,85200000.0,False
Sweden,,import_kg,1996.0,91320000.0,False
Sweden,,import_kg,1997.0,88380000.0,False
Sweden,,import_kg,1998.0,86400000.0,False
Sweden,,import_kg,1999.0,87360000.0,False
Sweden,,import_kg,2000.0,80640000.0,False
Sweden,,import_kg,2001.0,85920000.0,False
Sweden,,import_kg,2002.0,87780000.0,False
Sweden,,import_kg,2003.0,86100000.0,False
Sweden,,import_kg,2004.0,89700000.0,False
Sweden,,import_kg,2005.0,101580000.0,False
Sweden,,import_kg,2006.0,109200000.0,False
Sweden,,import_kg,2007.0,106200000.0,False
Sweden,,import_kg,2008.0,108240000.0,False
Sweden,,import_kg,2009.0,99540000.0,False
Sweden,,import_kg,2010.0,103620000.0,False
Sweden,,import_kg,2011.0,98820000.0,False
Sweden,,import_kg,2012.0,100800000.0,False
Sweden,,import_kg,2013.0,102540000.0,False
Sweden,,import_kg,2014.0,131880000.0,False
Sweden,,import_kg,2015.0,127260000.0,False
Sweden,,import_kg,2016.0,141000000.0,False
Sweden,,import_kg,2017.0,138360000.0,False
Sweden,,import_kg,2018.0,135720000.0,False
Sweden,,import_kg,2019.0,140880000.0,False
Switzerland,,import_kg,1990.0,70260000.0,False
Switzerland,,import_kg,1991.0,67800000.0,False
Switzerland,,import_kg,1992.0,66060000.0,False
Switzerland,,import_kg,1993.0,63600000.0,False
Switzerland,,import_kg,1994.0,65940000.0,False
Switzerland,,import_kg,1995.0,61020000.0,False
Switzerland,,import_kg,1996.0,66720000.0,False
Switzerland,,import_kg,1997.0,58260000.0,False
Switzerland,,import_kg,1998.0,66720000.0,False
Switzerland,,import_kg,1999.0,68340000.0,False
Switzerland,,import_kg,2000.0,70260000.0,False
Switzerland,,import_kg,2001.0,75300000.0,False
Switzerland,,import_kg,2002.0,73020000.0,False
Switzerland,,import_kg,2003.0,79320000.0,False
Switzerland,,import_kg,2004.0,74160000.0,False
Switzerland,,import_kg,2005.0,98460000.0,False
Switzerland,,import_kg,2006.0,90180000.0,False
Switzerland,,import_kg,2007.0,109380000.0,False
Switzerland,,import_kg,2008.0,118680000.0,False
Switzerland,,import_kg,2009.0,126060000.0,False
Switzerland,,import_kg,2010.0,139080000.0,False
Switzerland,,import_kg,2011.0,149880000.0,False
Switzerland,,import_kg,2012.0,148680000.0,False
Switzerland,,import_kg,2013.0,160020000.0,False
Switzerland,,import_kg,2014.0,158580000.0,False
Switzerland,,import_kg,2015.0,164880000.0,False
Switzerland,,import_kg,2016.0,168960000.0,False
Switzerland,,import_kg,2017.0,174240000.0,False
Switzerland,,import_kg,2018.0,185160000.0,False
Switzerland,,import_kg,2019.0,193680000.0,False
Tunisia,,import_kg,1990.0,6060000.0,False
Tunisia,,import_kg,1991.0,5400000.0,False
Tunisia,,import_kg,1992.0,6660000.0,False
Tunisia,,import_kg,1993.0,6060000.0,False
Tunisia,,import_kg,1994.0,8220000.0,False
Tunisia,,import_kg,1995.0,8220000.0,False
Tunisia,,import_kg,1996.0,8640000.0,False
Tunisia,,import_kg,1997.0,9900000.0,False
Tunisia,,import_kg,1998.0,8820000.0,False
Tunisia,,import_kg,1999.0,11160000.0,False
Tunisia,,import_kg,2000.0,11520000.0,False
Tunisia,,import_kg,2001.0,13980000.0,False
Tunisia,,import_kg,2002.0,14160000.0,False
Tunisia,,import_kg,2003.0,7380000.0,False
Tunisia,,import_kg,2004.0,15840000.0,False
Tunisia,,import_kg,2005.0,11400000.0,False
Tunisia,,import_kg,2006.0,12540000.0,False
Tunisia,,import_kg,2007.0,15180000.0,False
Tunisia,,import_kg,2008.0,19080000.0,False
Tunisia,,import_kg,2009.0,17340000.0,False
Tunisia,,import_kg,2010.0,18240000.0,False
Tunisia,,import_kg,2011.0,25740000.0,False
Tunisia,,import_kg,2012.0,26340000.0,False
Tunisia,,import_kg,2013.0,26340000.0,False
Tunisia,,import_kg,2014.0,27600000.0,False
Tunisia,,import_kg,2015.0,27540000.0,False
Tunisia,,import_kg,2016.0,27960000.0,False
Tunisia,,import_kg,2017.0,32760000.0,False
Tunisia,,import_kg,2018.0,31980000.0,False
Tunisia,,import_kg,2019.0,30480000.0,False
United Kingdom,,import_kg,1990.0,173880000.0,False
United Kingdom,,import_kg,1991.0,168360000.0,False
United Kingdom,,import_kg,1992.0,185280000.0,False
United Kingdom,,import_kg,1993.0,191820000.0,False
United Kingdom,,import_kg,1994.0,207960000.0,False
United Kingdom,,import_kg,1995.0,168420000.0,False
United Kingdom,,import_kg,1996.0,174180000.0,False
United Kingdom,,import_kg,1997.0,175740000.0,False
United Kingdom,,import_kg,1998.0,188520000.0,False
United Kingdom,,import_kg,1999.0,174420000.0,False
United Kingdom,,import_kg,2000.0,180720000.0,False
United Kingdom,,import_kg,2001.0,183720000.0,False
United Kingdom,,import_kg,2002.0,178260000.0,False
United Kingdom,,import_kg,2003.0,180120000.0,False
United Kingdom,,import_kg,2004.0,199740000.0,False
United Kingdom,,import_kg,2005.0,205980000.0,False
United Kingdom,,import_kg,2006.0,242760000.0,False
United Kingdom,,import_kg,2007.0,226860000.0,False
United Kingdom,,import_kg,2008.0,238020000.0,False
United Kingdom,,import_kg,2009.0,247860000.0,False
United Kingdom,,import_kg,2010.0,258120000.0,False
United Kingdom,,import_kg,2011.0,250980000.0,False
United Kingdom,,import_kg,2012.0,247560000.0,False
United Kingdom,,import_kg,2013.0,252360000.0,False
United Kingdom,,import_kg,2014.0,259140000.0,False
United Kingdom,,import_kg,2015.0,293700000.0,False
United Kingdom,,import_kg,2016.0,303120000.0,False
United Kingdom,,import_kg,2017.0,299340000.0,False
United Kingdom,,import_kg,2018.0,341280000.0,False
United Kingdom,,import_kg,2019.0,333240000.0,False
United States of America,,import_kg,1990.0,1260420000.0,False
United States of America,,import_kg,1991.0,1190400000.0,False
United States of America,,import_kg,1992.0,1376340000.0,False
United States of America,,import_kg,1993.0,1159740000.0,False
United States of America,,import_kg,1994.0,970260000.0,False
United States of America,,import_kg,1995.0,1026420000.0,False
United States of America,,import_kg,1996.0,1166700000.0,False
United States of America,,import_kg,1997.0,1220580000.0,False
United States of America,,import_kg,1998.0,1261800000.0,False
United States of America,,import_kg,1999.0,1364760000.0,False
United States of America,,import_kg,2000.0,1426020000.0,False
United States of America,,import_kg,2001.0,1284900000.0,False
United States of America,,import_kg,2002.0,1298340000.0,False
United States of America,,import_kg,2003.0,1365600000.0,False
United States of America,,import_kg,2004.0,1391040000.0,False
United States of America,,import_kg,2005.0,1382520000.0,False
United States of America,,import_kg,2006.0,1422540000.0,False
United States of America,,import_kg,2007.0,1453140000.0,False
United States of America,,import_kg,2008.0,1456620000.0,False
United States of America,,import_kg,2009.0,1414680000.0,False
United States of America,,import_kg,2010.0,1462680000.0,False
United States of America,,import_kg,2011.0,1565580000.0,False
United States of America,,import_kg,2012.0,1563360000.0,False
United States of America,,import_kg,2013.0,1620960000.0,False
United States of America,,import_kg,2014.0,1653900000.0,False
United States of America,,import_kg,2015.0,1662480000.0,False
United States of America,,import_kg,2016.0,1730280000.0,False
United States of America,,import_kg,2017.0,1769280000.0,False
United States of America,,import_kg,2018.0,1735080000.0,False
United States of America,,import_kg,2019.0,1851240000.0,False
Austria,,importer_consumption_kg,1990.0,80400000.0,False
Austria,,importer_consumption_kg,1991.0,78120000.0,False
Austria,,importer_consumption_kg,1992.0,72720000.0,False
Austria,,importer_consumption_kg,1993.0,80100000.0,False
Austria,,importer_consumption_kg,1994.0,65160000.0,False
Austria,,importer_consumption_kg,1995.0,60720000.0,False
Austria,,importer_consumption_kg,1996.0,64560000.0,False
Austria,,importer_consumption_kg,1997.0,65220000.0,False
Austria,,importer_consumption_kg,1998.0,66300000.0,False
Austria,,importer_consumption_kg,1999.0,67380000.0,False
Austria,,importer_consumption_kg,2000.0,52500000.0,False
Austria,,importer_consumption_kg,2001.0,60780000.0,False
Austria,,importer_consumption_kg,2002.0,55560000.0,False
Austria,,importer_consumption_kg,2003.0,43200000.0,False
Austria,,importer_consumption_kg,2004.0,59760000.0,False
Austria,,importer_consumption_kg,2005.0,46320000.0,False
Austria,,importer_consumption_kg,2006.0,36720000.0,False
Austria,,importer_consumption_kg,2007.0,50820000.0,False
Austria,,importer_consumption_kg,2008.0,54480000.0,False
Austria,,importer_consumption_kg,2009.0,53160000.0,False
Austria,,importer_consumption_kg,2010.0,54180000.0,False
Austria,,importer_consumption_kg,2011.0,67020000.0,False
Austria,,importer_consumption_kg,2012.0,76140000.0,False
Austria,,importer_consumption_kg,2013.0,74940000.0,False
Austria,,importer_consumption_kg,2014.0,68100000.0,False
Austria,,importer_consumption_kg,2015.0,68160000.0,False
Austria,,importer_consumption_kg,2016.0,71580000.0,False
Austria,,importer_consumption_kg,2017.0,69720000.0,False
Austria,,importer_consumption_kg,2018.0,70320000.0,False
Austria,,importer_consumption_kg,2019.0,70380000.0,False
Belgium,,importer_consumption_kg,1990.0,0.0,False
Belgium,,importer_consumption_kg,1991.0,0.0,False
Belgium,,importer_consumption_kg,1992.0,0.0,False
Belgium,,importer_consumption_kg,1993.0,0.0,False
Belgium,,importer_consumption_kg,1994.0,0.0,False
Belgium,,importer_consumption_kg,1995.0,0.0,False
Belgium,,importer_consumption_kg,1996.0,0.0,False
Belgium,,importer_consumption_kg,1997.0,0.0,False
Belgium,,importer_consumption_kg,1998.0,0.0,False
Belgium,,importer_consumption_kg,1999.0,50040000.0,False
Belgium,,importer_consumption_kg,2000.0,67980000.0,False
Belgium,,importer_consumption_kg,2001.0,53040000.0,False
Belgium,,importer_consumption_kg,2002.0,89040000.0,False
Belgium,,importer_consumption_kg,2003.0,94740000.0,False
Belgium,,importer_consumption_kg,2004.0,83760000.0,False
Belgium,,importer_consumption_kg,2005.0,69480000.0,False
Belgium,,importer_consumption_kg,2006.0,92220000.0,False
Belgium,,importer_consumption_kg,2007.0,66180000.0,False
Belgium,,importer_consumption_kg,2008.0,39000000.0,False
Belgium,,importer_consumption_kg,2009.0,56040000.0,False
Belgium,,importer_consumption_kg,2010.0,52260000.0,False
Belgium,,importer_consumption_kg,2011.0,56040000.0,False
Belgium,,importer_consumption_kg,2012.0,54900000.0,False
Belgium,,importer_consumption_kg,2013.0,74700000.0,False
Belgium,,importer_consumption_kg,2014.0,75540000.0,False
Belgium,,importer_consumption_kg,2015.0,64440000.0,False
Belgium,,importer_consumption_kg,2016.0,90120000.0,False
Belgium,,importer_consumption_kg,2017.0,78000000.0,False
Belgium,,importer_consumption_kg,2018.0,81900000.0,False
Belgium,,importer_consumption_kg,2019.0,71100000.0,False
Belgium/Luxembourg,,importer_consumption_kg,1990.0,67440000.0,False
Belgium/Luxembourg,,importer_consumption_kg,1991.0,42480000.0,False
Belgium/Luxembourg,,importer_consumption_kg,1992.0,41760000.0,False
Belgium/Luxembourg,,importer_consumption_kg,1993.0,47340000.0,False
Belgium/Luxembourg,,importer_consumption_kg,1994.0,57480000.0,False
Belgium/Luxembourg,,importer_consumption_kg,1995.0,64380000.0,False
Belgium/Luxembourg,,importer_consumption_kg,1996.0,62340000.0,False
Belgium/Luxembourg,,importer_consumption_kg,1997.0,53160000.0,False
Belgium/Luxembourg,,importer_consumption_kg,1998.0,78540000.0,False
Belgium/Luxembourg,,importer_consumption_kg,1999.0,0.0,False
Belgium/Luxembourg,,importer_consumption_kg,2000.0,0.0,False
Belgium/Luxembourg,,importer_consumption_kg,2001.0,0.0,False
Belgium/Luxembourg,,importer_consumption_kg,2002.0,0.0,False
Belgium/Luxembourg,,importer_consumption_kg,2003.0,0.0,False
Belgium/Luxembourg,,importer_consumption_kg,2004.0,0.0,False
Belgium/Luxembourg,,importer_consumption_kg,2005.0,0.0,False
Belgium/Luxembourg,,importer_consumption_kg,2006.0,0.0,False
Belgium/Luxembourg,,importer_consumption_kg,2007.0,0.0,False
Belgium/Luxembourg,,importer_consumption_kg,2008.0,0.0,False
Belgium/Luxembourg,,importer_consumption_kg,2009.0,0.0,False
Belgium/Luxembourg,,importer_consumption_kg,2010.0,0.0,False
Belgium/Luxembourg,,importer_consumption_kg,2011.0,0.0,False
Belgium/Luxembourg,,importer_consumption_kg,2012.0,0.0,False
Belgium/Luxembourg,,importer_consumption_kg,2013.0,0.0,False
Belgium/Luxembourg,,importer_consumption_kg,2014.0,0.0,False
Belgium/Luxembourg,,importer_consumption_kg,2015.0,0.0,False
Belgium/Luxembourg,,importer_consumption_kg,2016.0,0.0,False
Belgium/Luxembourg,,importer_consumption_kg,2017.0,0.0,False
Belgium/Luxembourg,,importer_consumption_kg,2018.0,0.0,False
Belgium/Luxembourg,,importer_consumption_kg,2019.0,0.0,False
Bulgaria,,importer_consumption_kg,1990.0,6120000.0,False
Bulgaria,,importer_consumption_kg,1991.0,1020000.0,False
Bulgaria,,importer_consumption_kg,1992.0,10500000.0,False
Bulgaria,,importer_consumption_kg,1993.0,19620000.0,False
Bulgaria,,importer_consumption_kg,1994.0,21180000.0,False
Bulgaria,,importer_consumption_kg,1995.0,23580000.0,False
Bulgaria,,importer_consumption_kg,1996.0,14760000.0,False
Bulgaria,,importer_consumption_kg,1997.0,16500000.0,False
Bulgaria,,importer_consumption_kg,1998.0,19440000.0,False
Bulgaria,,importer_consumption_kg,1999.0,21780000.0,False
Bulgaria,,importer_consumption_kg,2000.0,16500000.0,False
Bulgaria,,importer_consumption_kg,2001.0,21000000.0,False
Bulgaria,,importer_consumption_kg,2002.0,20460000.0,False
Bulgaria,,importer_consumption_kg,2003.0,23820000.0,False
Bulgaria,,importer_consumption_kg,2004.0,21840000.0,False
Bulgaria,,importer_consumption_kg,2005.0,25800000.0,False
Bulgaria,,importer_consumption_kg,2006.0,25200000.0,False
Bulgaria,,importer_consumption_kg,2007.0,21840000.0,False
Bulgaria,,importer_consumption_kg,2008.0,26700000.0,False
Bulgaria,,importer_consumption_kg,2009.0,24540000.0,False
Bulgaria,,importer_consumption_kg,2010.0,23700000.0,False
Bulgaria,,importer_consumption_kg,2011.0,21600000.0,False
Bulgaria,,importer_consumption_kg,2012.0,22560000.0,False
Bulgaria,,importer_consumption_kg,2013.0,25140000.0,False
Bulgaria,,importer_consumption_kg,2014.0,22560000.0,False
Bulgaria,,importer_consumption_kg,2015.0,24360000.0,False
Bulgaria,,importer_consumption_kg,2016.0,27120000.0,False
Bulgaria,,importer_consumption_kg,2017.0,24900000.0,False
Bulgaria,,importer_consumption_kg,2018.0,25560000.0,False
Bulgaria,,importer_consumption_kg,2019.0,25380000.0,False
Croatia,,importer_consumption_kg,1990.0,0.0,False
Croatia,,importer_consumption_kg,1991.0,0.0,False
Croatia,,importer_consumption_kg,1992.0,8100000.0,False
Croatia,,importer_consumption_kg,1993.0,7920000.0,False
Croatia,,importer_consumption_kg,1994.0,9840000.0,False
Croatia,,importer_consumption_kg,1995.0,17280000.0,False
Croatia,,importer_consumption_kg,1996.0,18240000.0,False
Croatia,,importer_consumption_kg,1997.0,21660000.0,False
Croatia,,importer_consumption_kg,1998.0,19200000.0,False
Croatia,,importer_consumption_kg,1999.0,20220000.0,False
Croatia,,importer_consumption_kg,2000.0,19620000.0,False
Croatia,,importer_consumption_kg,2001.0,20220000.0,False
Croatia,,importer_consumption_kg,2002.0,21300000.0,False
Croatia,,importer_consumption_kg,2003.0,22500000.0,False
Croatia,,importer_consumption_kg,2004.0,22200000.0,False
Croatia,,importer_consumption_kg,2005.0,22440000.0,False
Croatia,,importer_consumption_kg,2006.0,23160000.0,False
Croatia,,importer_consumption_kg,2007.0,23160000.0,False
Croatia,,importer_consumption_kg,2008.0,22620000.0,False
Croatia,,importer_consumption_kg,2009.0,21960000.0,False
Croatia,,importer_consumption_kg,2010.0,22200000.0,False
Croatia,,importer_consumption_kg,2011.0,22020000.0,False
Croatia,,importer_consumption_kg,2012.0,21600000.0,False
Croatia,,importer_consumption_kg,2013.0,23220000.0,False
Croatia,,importer_consumption_kg,2014.0,22080000.0,False
Croatia,,importer_consumption_kg,2015.0,22500000.0,False
Croatia,,importer_consumption_kg,2016.0,22800000.0,False
Croatia,,importer_consumption_kg,2017.0,21660000.0,False
Croatia,,importer_consumption_kg,2018.0,21600000.0,False
Croatia,,importer_consumption_kg,2019.0,22860000.0,False
Cyprus,,importer_consumption_kg,1990.0,1860000.0,False
Cyprus,,importer_consumption_kg,1991.0,2700000.0,False
Cyprus,,importer_consumption_kg,1992.0,2340000.0,False
Cyprus,,importer_consumption_kg,1993.0,4680000.0,False
Cyprus,,importer_consumption_kg,1994.0,2700000.0,False
Cyprus,,importer_consumption_kg,1995.0,2580000.0,False
Cyprus,,importer_consumption_kg,1996.0,3120000.0,False
Cyprus,,importer_consumption_kg,1997.0,2760000.0,False
Cyprus,,importer_consumption_kg,1998.0,2760000.0,False
Cyprus,,importer_consumption_kg,1999.0,3240000.0,False
Cyprus,,importer_consumption_kg,2000.0,4020000.0,False
Cyprus,,importer_consumption_kg,2001.0,3180000.0,False
Cyprus,,importer_consumption_kg,2002.0,3060000.0,False
Cyprus,,importer_consumption_kg,2003.0,3180000.0,False
Cyprus,,importer_consumption_kg,2004.0,3600000.0,False
Cyprus,,importer_consumption_kg,2005.0,4200000.0,False
Cyprus,,importer_consumption_kg,2006.0,3300000.0,False
Cyprus,,importer_consumption_kg,2007.0,4140000.0,False
Cyprus,,importer_consumption_kg,2008.0,4620000.0,False
Cyprus,,importer_consumption_kg,2009.0,4500000.0,False
Cyprus,,importer_consumption_kg,2010.0,4440000.0,False
Cyprus,,importer_consumption_kg,2011.0,4860000.0,False
Cyprus,,importer_consumption_kg,2012.0,5100000.0,False
Cyprus,,importer_consumption_kg,2013.0,5340000.0,False
Cyprus,,importer_consumption_kg,2014.0,4860000.0,False
Cyprus,,importer_consumption_kg,2015.0,5580000.0,False
Cyprus,,importer_consumption_kg,2016.0,5580000.0,False
Cyprus,,importer_consumption_kg,2017.0,5820000.0,False
Cyprus,,importer_consumption_kg,2018.0,7800000.0,False
Cyprus,,importer_consumption_kg,2019.0,6900000.0,False
Czechia,,importer_consumption_kg,1990.0,39540000.0,False
Czechia,,importer_consumption_kg,1991.0,31500000.0,False
Czechia,,importer_consumption_kg,1992.0,28320000.0,False
Czechia,,importer_consumption_kg,1993.0,26880000.0,False
Czechia,,importer_consumption_kg,1994.0,30540000.0,False
Czechia,,importer_consumption_kg,1995.0,30660000.0,False
Czechia,,importer_consumption_kg,1996.0,28500000.0,False
Czechia,,importer_consumption_kg,1997.0,29100000.0,False
Czechia,,importer_consumption_kg,1998.0,31380000.0,False
Czechia,,importer_consumption_kg,1999.0,33480000.0,False
Czechia,,importer_consumption_kg,2000.0,33600000.0,False
Czechia,,importer_consumption_kg,2001.0,37980000.0,False
Czechia,,importer_consumption_kg,2002.0,38520000.0,False
Czechia,,importer_consumption_kg,2003.0,37380000.0,False
Czechia,,importer_consumption_kg,2004.0,36300000.0,False
Czechia,,importer_consumption_kg,2005.0,39360000.0,False
Czechia,,importer_consumption_kg,2006.0,37860000.0,False
Czechia,,importer_consumption_kg,2007.0,40740000.0,False
Czechia,,importer_consumption_kg,2008.0,37260000.0,False
Czechia,,importer_consumption_kg,2009.0,31500000.0,False
Czechia,,importer_consumption_kg,2010.0,28200000.0,False
Czechia,,importer_consumption_kg,2011.0,34320000.0,False
Czechia,,importer_consumption_kg,2012.0,41100000.0,False
Czechia,,importer_consumption_kg,2013.0,38220000.0,False
Czechia,,importer_consumption_kg,2014.0,59880000.0,False
Czechia,,importer_consumption_kg,2015.0,42480000.0,False
Czechia,,importer_consumption_kg,2016.0,48360000.0,False
Czechia,,importer_consumption_kg,2017.0,48240000.0,False
Czechia,,importer_consumption_kg,2018.0,69480000.0,False
Czechia,,importer_consumption_kg,2019.0,50580000.0,False
Denmark,,importer_consumption_kg,1990.0,51900000.0,False
Denmark,,importer_consumption_kg,1991.0,54540000.0,False
Denmark,,importer_consumption_kg,1992.0,57540000.0,False
Denmark,,importer_consumption_kg,1993.0,53460000.0,False
Denmark,,importer_consumption_kg,1994.0,54480000.0,False
Denmark,,importer_consumption_kg,1995.0,45480000.0,False
Denmark,,importer_consumption_kg,1996.0,53700000.0,False
Denmark,,importer_consumption_kg,1997.0,48480000.0,False
Denmark,,importer_consumption_kg,1998.0,51240000.0,False
Denmark,,importer_consumption_kg,1999.0,52140000.0,False
Denmark,,importer_consumption_kg,2000.0,47460000.0,False
Denmark,,importer_consumption_kg,2001.0,52080000.0,False
Denmark,,importer_consumption_kg,2002.0,48300000.0,False
Denmark,,importer_consumption_kg,2003.0,43440000.0,False
Denmark,,importer_consumption_kg,2004.0,50940000.0,False
Denmark,,importer_consumption_kg,2005.0,47700000.0,False
Denmark,,importer_consumption_kg,2006.0,49320000.0,False
Denmark,,importer_consumption_kg,2007.0,47640000.0,False
Denmark,,importer_consumption_kg,2008.0,41280000.0,False
Denmark,,importer_consumption_kg,2009.0,40560000.0,False
Denmark,,importer_consumption_kg,2010.0,48360000.0,False
Denmark,,importer_consumption_kg,2011.0,45720000.0,False
Denmark,,importer_consumption_kg,2012.0,48000000.0,False
Denmark,,importer_consumption_kg,2013.0,49320000.0,False
Denmark,,importer_consumption_kg,2014.0,44880000.0,False
Denmark,,importer_consumption_kg,2015.0,43860000.0,False
Denmark,,importer_consumption_kg,2016.0,45180000.0,False
Denmark,,importer_consumption_kg,2017.0,43980000.0,False
Denmark,,importer_consumption_kg,2018.0,44340000.0,False
Denmark,,importer_consumption_kg,2019.0,46680000.0,False
Estonia,,importer_consumption_kg,1990.0,0.0,False
Estonia,,importer_consumption_kg,1991.0,0.0,False
Estonia,,importer_consumption_kg,1992.0,780000.0,False
Estonia,,importer_consumption_kg,1993.0,2640000.0,False
Estonia,,importer_consumption_kg,1994.0,3780000.0,False
Estonia,,importer_consumption_kg,1995.0,4980000.0,False
Estonia,,importer_consumption_kg,1996.0,5040000.0,False
Estonia,,importer_consumption_kg,1997.0,5940000.0,False
Estonia,,importer_consumption_kg,1998.0,5400000.0,False
Estonia,,importer_consumption_kg,1999.0,5700000.0,False
Estonia,,importer_consumption_kg,2000.0,5820000.0,False
Estonia,,importer_consumption_kg,2001.0,6420000.0,False
Estonia,,importer_consumption_kg,2002.0,6660000.0,False
Estonia,,importer_consumption_kg,2003.0,6840000.0,False
Estonia,,importer_consumption_kg,2004.0,7740000.0,False
Estonia,,importer_consumption_kg,2005.0,8700000.0,False
Estonia,,importer_consumption_kg,2006.0,10020000.0,False
Estonia,,importer_consumption_kg,2007.0,6060000.0,False
Estonia,,importer_consumption_kg,2008.0,9240000.0,False
Estonia,,importer_consumption_kg,2009.0,7380000.0,False
Estonia,,importer_consumption_kg,2010.0,6300000.0,False
Estonia,,importer_consumption_kg,2011.0,4020000.0,False
Estonia,,importer_consumption_kg,2012.0,6240000.0,False
Estonia,,importer_consumption_kg,2013.0,7200000.0,False
Estonia,,importer_consumption_kg,2014.0,7020000.0,False
Estonia,,importer_consumption_kg,2015.0,7140000.0,False
Estonia,,importer_consumption_kg,2016.0,7260000.0,False
Estonia,,importer_consumption_kg,2017.0,6540000.0,False
Estonia,,importer_consumption_kg,2018.0,7560000.0,False
Estonia,,importer_consumption_kg,2019.0,7380000.0,False
Finland,,importer_consumption_kg,1990.0,64200000.0,False
Finland,,importer_consumption_kg,1991.0,57960000.0,False
Finland,,importer_consumption_kg,1992.0,61800000.0,False
Finland,,importer_consumption_kg,1993.0,67740000.0,False
Finland,,importer_consumption_kg,1994.0,63000000.0,False
Finland,,importer_consumption_kg,1995.0,44100000.0,False
Finland,,importer_consumption_kg,1996.0,54060000.0,False
Finland,,importer_consumption_kg,1997.0,56340000.0,False
Finland,,importer_consumption_kg,1998.0,60060000.0,False
Finland,,importer_consumption_kg,1999.0,58740000.0,False
Finland,,importer_consumption_kg,2000.0,58020000.0,False
Finland,,importer_consumption_kg,2001.0,56820000.0,False
Finland,,importer_consumption_kg,2002.0,58200000.0,False
Finland,,importer_consumption_kg,2003.0,57960000.0,False
Finland,,importer_consumption_kg,2004.0,62040000.0,False
Finland,,importer_consumption_kg,2005.0,66120000.0,False
Finland,,importer_consumption_kg,2006.0,62820000.0,False
Finland,,importer_consumption_kg,2007.0,63420000.0,False
Finland,,importer_consumption_kg,2008.0,66900000.0,False
Finland,,importer_consumption_kg,2009.0,63480000.0,False
Finland,,importer_consumption_kg,2010.0,64800000.0,False
Finland,,importer_consumption_kg,2011.0,65580000.0,False
Finland,,importer_consumption_kg,2012.0,64920000.0,False
Finland,,importer_consumption_kg,2013.0,65700000.0,False
Finland,,importer_consumption_kg,2014.0,61800000.0,False
Finland,,importer_consumption_kg,2015.0,66600000.0,False
Finland,,importer_consumption_kg,2016.0,68820000.0,False
Finland,,importer_consumption_kg,2017.0,63720000.0,False
Finland,,importer_consumption_kg,2018.0,66360000.0,False
Finland,,importer_consumption_kg,2019.0,80880000.0,False
France,,importer_consumption_kg,1990.0,312300000.0,False
France,,importer_consumption_kg,1991.0,333420000.0,False
France,,importer_consumption_kg,1992.0,336840000.0,False
France,,importer_consumption_kg,1993.0,330420000.0,False
France,,importer_consumption_kg,1994.0,306660000.0,False
France,,importer_consumption_kg,1995.0,318780000.0,False
France,,importer_consumption_kg,1996.0,330720000.0,False
France,,importer_consumption_kg,1997.0,329220000.0,False
France,,importer_consumption_kg,1998.0,321060000.0,False
France,,importer_consumption_kg,1999.0,334680000.0,False
France,,importer_consumption_kg,2000.0,324120000.0,False
France,,importer_consumption_kg,2001.0,315180000.0,False
France,,importer_consumption_kg,2002.0,331560000.0,False
France,,importer_consumption_kg,2003.0,323640000.0,False
France,,importer_consumption_kg,2004.0,295740000.0,False
France,,importer_consumption_kg,2005.0,287220000.0,False
France,,importer_consumption_kg,2006.0,316680000.0,False
France,,importer_consumption_kg,2007.0,337680000.0,False
France,,importer_consumption_kg,2008.0,309120000.0,False
France,,importer_consumption_kg,2009.0,340620000.0,False
France,,importer_consumption_kg,2010.0,342780000.0,False
France,,importer_consumption_kg,2011.0,357720000.0,False
France,,importer_consumption_kg,2012.0,347400000.0,False
France,,importer_consumption_kg,2013.0,342420000.0,False
France,,importer_consumption_kg,2014.0,357240000.0,False
France,,importer_consumption_kg,2015.0,335460000.0,False
France,,importer_consumption_kg,2016.0,322500000.0,False
France,,importer_consumption_kg,2017.0,333000000.0,False
France,,importer_consumption_kg,2018.0,359160000.0,False
France,,importer_consumption_kg,2019.0,371520000.0,False
Germany,,importer_consumption_kg,1990.0,436740000.0,False
Germany,,importer_consumption_kg,1991.0,742620000.0,False
Germany,,importer_consumption_kg,1992.0,574200000.0,False
Germany,,importer_consumption_kg,1993.0,679500000.0,False
Germany,,importer_consumption_kg,1994.0,492840000.0,False
Germany,,importer_consumption_kg,1995.0,673860000.0,False
Germany,,importer_consumption_kg,1996.0,635640000.0,False
Germany,,importer_consumption_kg,1997.0,580200000.0,False
Germany,,importer_consumption_kg,1998.0,598560000.0,False
Germany,,importer_consumption_kg,1999.0,584880000.0,False
Germany,,importer_consumption_kg,2000.0,526200000.0,False
Germany,,importer_consumption_kg,2001.0,543540000.0,False
Germany,,importer_consumption_kg,2002.0,509880000.0,False
Germany,,importer_consumption_kg,2003.0,569940000.0,False
Germany,,importer_consumption_kg,2004.0,626700000.0,False
Germany,,importer_consumption_kg,2005.0,519900000.0,False
Germany,,importer_consumption_kg,2006.0,549060000.0,False
Germany,,importer_consumption_kg,2007.0,517620000.0,False
Germany,,importer_consumption_kg,2008.0,572100000.0,False
Germany,,importer_consumption_kg,2009.0,533820000.0,False
Germany,,importer_consumption_kg,2010.0,557520000.0,False
Germany,,importer_consumption_kg,2011.0,567600000.0,False
Germany,,importer_consumption_kg,2012.0,529800000.0,False
Germany,,importer_consumption_kg,2013.0,562680000.0,False
Germany,,importer_consumption_kg,2014.0,520920000.0,False
Germany,,importer_consumption_kg,2015.0,505260000.0,False
Germany,,importer_consumption_kg,2016.0,514980000.0,False
Germany,,importer_consumption_kg,2017.0,513300000.0,False
Germany,,importer_consumption_kg,2018.0,507660000.0,False
Germany,,importer_consumption_kg,2019.0,520200000.0,False
Greece,,importer_consumption_kg,1990.0,37860000.0,False
Greece,,importer_consumption_kg,1991.0,23220000.0,False
Greece,,importer_consumption_kg,1992.0,19200000.0,False
Greece,,importer_consumption_kg,1993.0,8880000.0,False
Greece,,importer_consumption_kg,1994.0,21360000.0,False
Greece,,importer_consumption_kg,1995.0,22980000.0,False
Greece,,importer_consumption_kg,1996.0,42900000.0,False
Greece,,importer_consumption_kg,1997.0,44340000.0,False
Greece,,importer_consumption_kg,1998.0,40080000.0,False
Greece,,importer_consumption_kg,1999.0,38460000.0,False
Greece,,importer_consumption_kg,2000.0,41220000.0,False
Greece,,importer_consumption_kg,2001.0,32880000.0,False
Greece,,importer_consumption_kg,2002.0,49620000.0,False
Greece,,importer_consumption_kg,2003.0,55740000.0,False
Greece,,importer_consumption_kg,2004.0,52260000.0,False
Greece,,importer_consumption_kg,2005.0,52200000.0,False
Greece,,importer_consumption_kg,2006.0,51420000.0,False
Greece,,importer_consumption_kg,2007.0,60900000.0,False
Greece,,importer_consumption_kg,2008.0,58680000.0,False
Greece,,importer_consumption_kg,2009.0,58440000.0,False
Greece,,importer_consumption_kg,2010.0,59640000.0,False
Greece,,importer_consumption_kg,2011.0,61380000.0,False
Greece,,importer_consumption_kg,2012.0,64560000.0,False
Greece,,importer_consumption_kg,2013.0,66060000.0,False
Greece,,importer_consumption_kg,2014.0,65280000.0,False
Greece,,importer_consumption_kg,2015.0,62940000.0,False
Greece,,importer_consumption_kg,2016.0,83160000.0,False
Greece,,importer_consumption_kg,2017.0,45360000.0,False
Greece,,importer_consumption_kg,2018.0,63540000.0,False
Greece,,importer_consumption_kg,2019.0,68340000.0,False
Hungary,,importer_consumption_kg,1990.0,34440000.0,False
Hungary,,importer_consumption_kg,1991.0,22800000.0,False
Hungary,,importer_consumption_kg,1992.0,20880000.0,False
Hungary,,importer_consumption_kg,1993.0,33420000.0,False
Hungary,,importer_consumption_kg,1994.0,43440000.0,False
Hungary,,importer_consumption_kg,1995.0,26820000.0,False
Hungary,,importer_consumption_kg,1996.0,34260000.0,False
Hungary,,importer_consumption_kg,1997.0,36120000.0,False
Hungary,,importer_consumption_kg,1998.0,39120000.0,False
Hungary,,importer_consumption_kg,1999.0,39420000.0,False
Hungary,,importer_consumption_kg,2000.0,37980000.0,False
Hungary,,importer_consumption_kg,2001.0,38820000.0,False
Hungary,,importer_consumption_kg,2002.0,38220000.0,False
Hungary,,importer_consumption_kg,2003.0,38760000.0,False
Hungary,,importer_consumption_kg,2004.0,42480000.0,False
Hungary,,importer_consumption_kg,2005.0,34200000.0,False
Hungary,,importer_consumption_kg,2006.0,35880000.0,False
Hungary,,importer_consumption_kg,2007.0,31320000.0,False
Hungary,,importer_consumption_kg,2008.0,29640000.0,False
Hungary,,importer_consumption_kg,2009.0,26700000.0,False
Hungary,,importer_consumption_kg,2010.0,22560000.0,False
Hungary,,importer_consumption_kg,2011.0,10800000.0,False
Hungary,,importer_consumption_kg,2012.0,15120000.0,False
Hungary,,importer_consumption_kg,2013.0,10620000.0,False
Hungary,,importer_consumption_kg,2014.0,24000000.0,False
Hungary,,importer_consumption_kg,2015.0,24240000.0,False
Hungary,,importer_consumption_kg,2016.0,22260000.0,False
Hungary,,importer_consumption_kg,2017.0,24480000.0,False
Hungary,,importer_consumption_kg,2018.0,26880000.0,False
Hungary,,importer_consumption_kg,2019.0,25080000.0,False
Ireland,,importer_consumption_kg,1990.0,7200000.0,False
Ireland,,importer_consumption_kg,1991.0,6780000.0,False
Ireland,,importer_consumption_kg,1992.0,5460000.0,False
Ireland,,importer_consumption_kg,1993.0,6420000.0,False
Ireland,,importer_consumption_kg,1994.0,7620000.0,False
Ireland,,importer_consumption_kg,1995.0,6420000.0,False
Ireland,,importer_consumption_kg,1996.0,5220000.0,False
Ireland,,importer_consumption_kg,1997.0,5820000.0,False
Ireland,,importer_consumption_kg,1998.0,5520000.0,False
Ireland,,importer_consumption_kg,1999.0,8100000.0,False
Ireland,,importer_consumption_kg,2000.0,4980000.0,False
Ireland,,importer_consumption_kg,2001.0,8760000.0,False
Ireland,,importer_consumption_kg,2002.0,8160000.0,False
Ireland,,importer_consumption_kg,2003.0,9060000.0,False
Ireland,,importer_consumption_kg,2004.0,13500000.0,False
Ireland,,importer_consumption_kg,2005.0,13380000.0,False
Ireland,,importer_consumption_kg,2006.0,12180000.0,False
Ireland,,importer_consumption_kg,2007.0,14640000.0,False
Ireland,,importer_consumption_kg,2008.0,6900000.0,False
Ireland,,importer_consumption_kg,2009.0,8040000.0,False
Ireland,,importer_consumption_kg,2010.0,9600000.0,False
Ireland,,importer_consumption_kg,2011.0,10740000.0,False
Ireland,,importer_consumption_kg,2012.0,12840000.0,False
Ireland,,importer_consumption_kg,2013.0,11760000.0,False
Ireland,,importer_consumption_kg,2014.0,15420000.0,False
Ireland,,importer_consumption_kg,2015.0,17580000.0,False
Ireland,,importer_consumption_kg,2016.0,19080000.0,False
Ireland,,importer_consumption_kg,2017.0,17460000.0,False
Ireland,,importer_consumption_kg,2018.0,22200000.0,False
Ireland,,importer_consumption_kg,2019.0,22200000.0,False
Italy,,importer_consumption_kg,1990.0,289920000.0,False
Italy,,importer_consumption_kg,1991.0,255240000.0,False
Italy,,importer_consumption_kg,1992.0,247920000.0,False
Italy,,importer_consumption_kg,1993.0,293280000.0,False
Italy,,importer_consumption_kg,1994.0,286440000.0,False
Italy,,importer_consumption_kg,1995.0,278640000.0,False
Italy,,importer_consumption_kg,1996.0,286560000.0,False
Italy,,importer_consumption_kg,1997.0,294780000.0,False
Italy,,importer_consumption_kg,1998.0,296160000.0,False
Italy,,importer_consumption_kg,1999.0,295140000.0,False
Italy,,importer_consumption_kg,2000.0,308940000.0,False
Italy,,importer_consumption_kg,2001.0,314580000.0,False
Italy,,importer_consumption_kg,2002.0,310920000.0,False
Italy,,importer_consumption_kg,2003.0,330420000.0,False
Italy,,importer_consumption_kg,2004.0,328140000.0,False
Italy,,importer_consumption_kg,2005.0,333120000.0,False
Italy,,importer_consumption_kg,2006.0,335580000.0,False
Italy,,importer_consumption_kg,2007.0,349260000.0,False
Italy,,importer_consumption_kg,2008.0,353520000.0,False
Italy,,importer_consumption_kg,2009.0,348360000.0,False
Italy,,importer_consumption_kg,2010.0,346860000.0,False
Italy,,importer_consumption_kg,2011.0,341340000.0,False
Italy,,importer_consumption_kg,2012.0,342600000.0,False
Italy,,importer_consumption_kg,2013.0,338040000.0,False
Italy,,importer_consumption_kg,2014.0,351660000.0,False
Italy,,importer_consumption_kg,2015.0,339600000.0,False
Italy,,importer_consumption_kg,2016.0,359880000.0,False
Italy,,importer_consumption_kg,2017.0,336600000.0,False
Italy,,importer_consumption_kg,2018.0,357300000.0,False
Italy,,importer_consumption_kg,2019.0,328140000.0,False
Japan,,importer_consumption_kg,1990.0,303600000.0,False
Japan,,importer_consumption_kg,1991.0,348540000.0,False
Japan,,importer_consumption_kg,1992.0,307920000.0,False
Japan,,importer_consumption_kg,1993.0,344400000.0,False
Japan,,importer_consumption_kg,1994.0,358380000.0,False
Japan,,importer_consumption_kg,1995.0,366960000.0,False
Japan,,importer_consumption_kg,1996.0,350280000.0,False
Japan,,importer_consumption_kg,1997.0,358080000.0,False
Japan,,importer_consumption_kg,1998.0,363120000.0,False
Japan,,importer_consumption_kg,1999.0,376380000.0,False
Japan,,importer_consumption_kg,2000.0,397560000.0,False
Japan,,importer_consumption_kg,2001.0,416160000.0,False
Japan,,importer_consumption_kg,2002.0,412500000.0,False
Japan,,importer_consumption_kg,2003.0,406200000.0,False
Japan,,importer_consumption_kg,2004.0,427020000.0,False
Japan,,importer_consumption_kg,2005.0,427680000.0,False
Japan,,importer_consumption_kg,2006.0,436080000.0,False
Japan,,importer_consumption_kg,2007.0,436920000.0,False
Japan,,importer_consumption_kg,2008.0,423900000.0,False
Japan,,importer_consumption_kg,2009.0,427800000.0,False
Japan,,importer_consumption_kg,2010.0,431520000.0,False
Japan,,importer_consumption_kg,2011.0,420900000.0,False
Japan,,importer_consumption_kg,2012.0,427860000.0,False
Japan,,importer_consumption_kg,2013.0,446100000.0,False
Japan,,importer_consumption_kg,2014.0,449640000.0,False
Japan,,importer_consumption_kg,2015.0,461700000.0,False
Japan,,importer_consumption_kg,2016.0,472320000.0,False
Japan,,importer_consumption_kg,2017.0,464520000.0,False
Japan,,importer_consumption_kg,2018.0,470040000.0,False
Japan,,importer_consumption_kg,2019.0,453060000.0,False
Latvia,,importer_consumption_kg,1990.0,0.0,False
Latvia,,importer_consumption_kg,1991.0,0.0,False
Latvia,,importer_consumption_kg,1992.0,1140000.0,False
Latvia,,importer_consumption_kg,1993.0,2460000.0,False
Latvia,,importer_consumption_kg,1994.0,360000.0,False
Latvia,,importer_consumption_kg,1995.0,840000.0,False
Latvia,,importer_consumption_kg,1996.0,3000000.0,False
Latvia,,importer_consumption_kg,1997.0,7200000.0,False
Latvia,,importer_consumption_kg,1998.0,8040000.0,False
Latvia,,importer_consumption_kg,1999.0,9960000.0,False
Latvia,,importer_consumption_kg,2000.0,9720000.0,False
Latvia,,importer_consumption_kg,2001.0,9000000.0,False
Latvia,,importer_consumption_kg,2002.0,8700000.0,False
Latvia,,importer_consumption_kg,2003.0,9540000.0,False
Latvia,,importer_consumption_kg,2004.0,9300000.0,False
Latvia,,importer_consumption_kg,2005.0,8640000.0,False
Latvia,,importer_consumption_kg,2006.0,10860000.0,False
Latvia,,importer_consumption_kg,2007.0,7860000.0,False
Latvia,,importer_consumption_kg,2008.0,6900000.0,False
Latvia,,importer_consumption_kg,2009.0,5280000.0,False
Latvia,,importer_consumption_kg,2010.0,5940000.0,False
Latvia,,importer_consumption_kg,2011.0,6060000.0,False
Latvia,,importer_consumption_kg,2012.0,6060000.0,False
Latvia,,importer_consumption_kg,2013.0,5700000.0,False
Latvia,,importer_consumption_kg,2014.0,6600000.0,False
Latvia,,importer_consumption_kg,2015.0,6360000.0,False
Latvia,,importer_consumption_kg,2016.0,6660000.0,False
Latvia,,importer_consumption_kg,2017.0,7080000.0,False
Latvia,,importer_consumption_kg,2018.0,5880000.0,False
Latvia,,importer_consumption_kg,2019.0,6840000.0,False
Lithuania,,importer_consumption_kg,1990.0,0.0,False
Lithuania,,importer_consumption_kg,1991.0,0.0,False
Lithuania,,importer_consumption_kg,1992.0,120000.0,False
Lithuania,,importer_consumption_kg,1993.0,540000.0,False
Lithuania,,importer_consumption_kg,1994.0,2220000.0,False
Lithuania,,importer_consumption_kg,1995.0,4080000.0,False
Lithuania,,importer_consumption_kg,1996.0,3960000.0,False
Lithuania,,importer_consumption_kg,1997.0,6480000.0,False
Lithuania,,importer_consumption_kg,1998.0,8100000.0,False
Lithuania,,importer_consumption_kg,1999.0,9480000.0,False
Lithuania,,importer_consumption_kg,2000.0,10380000.0,False
Lithuania,,importer_consumption_kg,2001.0,12240000.0,False
Lithuania,,importer_consumption_kg,2002.0,12480000.0,False
Lithuania,,importer_consumption_kg,2003.0,10380000.0,False
Lithuania,,importer_consumption_kg,2004.0,11820000.0,False
Lithuania,,importer_consumption_kg,2005.0,11580000.0,False
Lithuania,,importer_consumption_kg,2006.0,12780000.0,False
Lithuania,,importer_consumption_kg,2007.0,13800000.0,False
Lithuania,,importer_consumption_kg,2008.0,12240000.0,False
Lithuania,,importer_consumption_kg,2009.0,12600000.0,False
Lithuania,,importer_consumption_kg,2010.0,13380000.0,False
Lithuania,,importer_consumption_kg,2011.0,10800000.0,False
Lithuania,,importer_consumption_kg,2012.0,11580000.0,False
Lithuania,,importer_consumption_kg,2013.0,11820000.0,False
Lithuania,,importer_consumption_kg,2014.0,13380000.0,False
Lithuania,,importer_consumption_kg,2015.0,12720000.0,False
Lithuania,,importer_consumption_kg,2016.0,14520000.0,False
Lithuania,,importer_consumption_kg,2017.0,14400000.0,False
Lithuania,,importer_consumption_kg,2018.0,15720000.0,False
Lithuania,,importer_consumption_kg,2019.0,15060000.0,False
Luxembourg,,importer_consumption_kg,1990.0,0.0,False
Luxembourg,,importer_consumption_kg,1991.0,0.0,False
Luxembourg,,importer_consumption_kg,1992.0,0.0,False
Luxembourg,,importer_consumption_kg,1993.0,0.0,False
Luxembourg,,importer_consumption_kg,1994.0,0.0,False
Luxembourg,,importer_consumption_kg,1995.0,0.0,False
Luxembourg,,importer_consumption_kg,1996.0,0.0,False
Luxembourg,,importer_consumption_kg,1997.0,0.0,False
Luxembourg,,importer_consumption_kg,1998.0,0.0,False
Luxembourg,,importer_consumption_kg,1999.0,3660000.0,False
Luxembourg,,importer_consumption_kg,2000.0,8640000.0,False
Luxembourg,,importer_consumption_kg,2001.0,7980000.0,False
Luxembourg,,importer_consumption_kg,2002.0,10320000.0,False
Luxembourg,,importer_consumption_kg,2003.0,11400000.0,False
Luxembourg,,importer_consumption_kg,2004.0,13260000.0,False
Luxembourg,,importer_consumption_kg,2005.0,13620000.0,False
Luxembourg,,importer_consumption_kg,2006.0,13980000.0,False
Luxembourg,,importer_consumption_kg,2007.0,15060000.0,False
Luxembourg,,importer_consumption_kg,2008.0,14340000.0,False
Luxembourg,,importer_consumption_kg,2009.0,13320000.0,False
Luxembourg,,importer_consumption_kg,2010.0,13920000.0,False
Luxembourg,,importer_consumption_kg,2011.0,12900000.0,False
Luxembourg,,importer_consumption_kg,2012.0,12720000.0,False
Luxembourg,,importer_consumption_kg,2013.0,14460000.0,False
Luxembourg,,importer_consumption_kg,2014.0,15300000.0,False
Luxembourg,,importer_consumption_kg,2015.0,13320000.0,False
Luxembourg,,importer_consumption_kg,2016.0,13380000.0,False
Luxembourg,,importer_consumption_kg,2017.0,12660000.0,False
Luxembourg,,importer_consumption_kg,2018.0,15360000.0,False
Luxembourg,,importer_consumption_kg,2019.0,13440000.0,False
Malta,,importer_consumption_kg,1990.0,1200000.0,False
Malta,,importer_consumption_kg,1991.0,780000.0,False
Malta,,importer_consumption_kg,1992.0,960000.0,False
Malta,,importer_consumption_kg,1993.0,1320000.0,False
Malta,,importer_consumption_kg,1994.0,720000.0,False
Malta,,importer_consumption_kg,1995.0,1260000.0,False
Malta,,importer_consumption_kg,1996.0,540000.0,False
Malta,,importer_consumption_kg,1997.0,540000.0,False
Malta,,importer_consumption_kg,1998.0,420000.0,False
Malta,,importer_consumption_kg,1999.0,540000.0,False
Malta,,importer_consumption_kg,2000.0,540000.0,False
Malta,,importer_consumption_kg,2001.0,540000.0,False
Malta,,importer_consumption_kg,2002.0,540000.0,False
Malta,,importer_consumption_kg,2003.0,660000.0,False
Malta,,importer_consumption_kg,2004.0,960000.0,False
Malta,,importer_consumption_kg,2005.0,960000.0,False
Malta,,importer_consumption_kg,2006.0,1740000.0,False
Malta,,importer_consumption_kg,2007.0,960000.0,False
Malta,,importer_consumption_kg,2008.0,1380000.0,False
Malta,,importer_consumption_kg,2009.0,840000.0,False
Malta,,importer_consumption_kg,2010.0,720000.0,False
Malta,,importer_consumption_kg,2011.0,960000.0,False
Malta,,importer_consumption_kg,2012.0,1260000.0,False
Malta,,importer_consumption_kg,2013.0,1320000.0,False
Malta,,importer_consumption_kg,2014.0,1500000.0,False
Malta,,importer_consumption_kg,2015.0,900000.0,False
Malta,,importer_consumption_kg,2016.0,1080000.0,False
Malta,,importer_consumption_kg,2017.0,960000.0,False
Malta,,importer_consumption_kg,2018.0,1140000.0,False
Malta,,importer_consumption_kg,2019.0,1380000.0,False
Netherlands,,importer_consumption_kg,1990.0,142980000.0,False
Netherlands,,importer_consumption_kg,1991.0,149280000.0,False
Netherlands,,importer_consumption_kg,1992.0,195660000.0,False
Netherlands,,importer_consumption_kg,1993.0,163140000.0,False
Netherlands,,importer_consumption_kg,1994.0,127320000.0,False
Netherlands,,importer_consumption_kg,1995.0,137580000.0,False
Netherlands,,importer_consumption_kg,1996.0,150540000.0,False
Netherlands,,importer_consumption_kg,1997.0,142020000.0,False
Netherlands,,importer_consumption_kg,1998.0,117660000.0,False
Netherlands,,importer_consumption_kg,1999.0,88260000.0,False
Netherlands,,importer_consumption_kg,2000.0,111600000.0,False
Netherlands,,importer_consumption_kg,2001.0,100620000.0,False
Netherlands,,importer_consumption_kg,2002.0,94440000.0,False
Netherlands,,importer_consumption_kg,2003.0,104580000.0,False
Netherlands,,importer_consumption_kg,2004.0,118680000.0,False
Netherlands,,importer_consumption_kg,2005.0,115620000.0,False
Netherlands,,importer_consumption_kg,2006.0,127740000.0,False
Netherlands,,importer_consumption_kg,2007.0,137520000.0,False
Netherlands,,importer_consumption_kg,2008.0,79440000.0,False
Netherlands,,importer_consumption_kg,2009.0,53880000.0,False
Netherlands,,importer_consumption_kg,2010.0,80820000.0,False
Netherlands,,importer_consumption_kg,2011.0,54540000.0,False
Netherlands,,importer_consumption_kg,2012.0,82920000.0,False
Netherlands,,importer_consumption_kg,2013.0,97500000.0,False
Netherlands,,importer_consumption_kg,2014.0,108000000.0,False
Netherlands,,importer_consumption_kg,2015.0,101760000.0,False
Netherlands,,importer_consumption_kg,2016.0,124740000.0,False
Netherlands,,importer_consumption_kg,2017.0,117840000.0,False
Netherlands,,importer_consumption_kg,2018.0,128700000.0,False
Netherlands,,importer_consumption_kg,2019.0,121800000.0,False
Norway,,importer_consumption_kg,1990.0,43620000.0,False
Norway,,importer_consumption_kg,1991.0,45480000.0,False
Norway,,importer_consumption_kg,1992.0,44160000.0,False
Norway,,importer_consumption_kg,1993.0,41400000.0,False
Norway,,importer_consumption_kg,1994.0,48000000.0,False
Norway,,importer_consumption_kg,1995.0,39420000.0,False
Norway,,importer_consumption_kg,1996.0,42780000.0,False
Norway,,importer_consumption_kg,1997.0,40500000.0,False
Norway,,importer_consumption_kg,1998.0,42120000.0,False
Norway,,importer_consumption_kg,1999.0,47100000.0,False
Norway,,importer_consumption_kg,2000.0,39420000.0,False
Norway,,importer_consumption_kg,2001.0,42600000.0,False
Norway,,importer_consumption_kg,2002.0,41520000.0,False
Norway,,importer_consumption_kg,2003.0,40980000.0,False
Norway,,importer_consumption_kg,2004.0,42540000.0,False
Norway,,importer_consumption_kg,2005.0,44580000.0,False
Norway,,importer_consumption_kg,2006.0,43260000.0,False
Norway,,importer_consumption_kg,2007.0,46260000.0,False
Norway,,importer_consumption_kg,2008.0,42900000.0,False
Norway,,importer_consumption_kg,2009.0,42900000.0,False
Norway,,importer_consumption_kg,2010.0,44760000.0,False
Norway,,importer_consumption_kg,2011.0,47100000.0,False
Norway,,importer_consumption_kg,2012.0,43380000.0,False
Norway,,importer_consumption_kg,2013.0,45780000.0,False
Norway,,importer_consumption_kg,2014.0,43740000.0,False
Norway,,importer_consumption_kg,2015.0,47280000.0,False
Norway,,importer_consumption_kg,2016.0,46920000.0,False
Norway,,importer_consumption_kg,2017.0,46860000.0,False
Norway,,importer_consumption_kg,2018.0,44040000.0,False
Norway,,importer_consumption_kg,2019.0,46260000.0,False
Poland,,importer_consumption_kg,1990.0,20100000.0,False
Poland,,importer_consumption_kg,1991.0,14580000.0,False
Poland,,importer_consumption_kg,1992.0,99000000.0,False
Poland,,importer_consumption_kg,1993.0,92700000.0,False
Poland,,importer_consumption_kg,1994.0,104520000.0,False
Poland,,importer_consumption_kg,1995.0,98220000.0,False
Poland,,importer_consumption_kg,1996.0,105300000.0,False
Poland,,importer_consumption_kg,1997.0,117960000.0,False
Poland,,importer_consumption_kg,1998.0,117900000.0,False
Poland,,importer_consumption_kg,1999.0,119100000.0,False
Poland,,importer_consumption_kg,2000.0,122760000.0,False
Poland,,importer_consumption_kg,2001.0,133320000.0,False
Poland,,importer_consumption_kg,2002.0,132060000.0,False
Poland,,importer_consumption_kg,2003.0,134520000.0,False
Poland,,importer_consumption_kg,2004.0,136860000.0,False
Poland,,importer_consumption_kg,2005.0,136020000.0,False
Poland,,importer_consumption_kg,2006.0,119580000.0,False
Poland,,importer_consumption_kg,2007.0,93240000.0,False
Poland,,importer_consumption_kg,2008.0,100860000.0,False
Poland,,importer_consumption_kg,2009.0,120060000.0,False
Poland,,importer_consumption_kg,2010.0,129360000.0,False
Poland,,importer_consumption_kg,2011.0,122040000.0,False
Poland,,importer_consumption_kg,2012.0,116160000.0,False
Poland,,importer_consumption_kg,2013.0,100140000.0,False
Poland,,importer_consumption_kg,2014.0,69000000.0,False
Poland,,importer_consumption_kg,2015.0,85200000.0,False
Poland,,importer_consumption_kg,2016.0,118500000.0,False
Poland,,importer_consumption_kg,2017.0,134460000.0,False
Poland,,importer_consumption_kg,2018.0,146160000.0,False
Poland,,importer_consumption_kg,2019.0,150060000.0,False
Portugal,,importer_consumption_kg,1990.0,28020000.0,False
Portugal,,importer_consumption_kg,1991.0,26880000.0,False
Portugal,,importer_consumption_kg,1992.0,34380000.0,False
Portugal,,importer_consumption_kg,1993.0,31740000.0,False
Portugal,,importer_consumption_kg,1994.0,40380000.0,False
Portugal,,importer_consumption_kg,1995.0,37920000.0,False
Portugal,,importer_consumption_kg,1996.0,36900000.0,False
Portugal,,importer_consumption_kg,1997.0,36180000.0,False
Portugal,,importer_consumption_kg,1998.0,41760000.0,False
Portugal,,importer_consumption_kg,1999.0,44220000.0,False
Portugal,,importer_consumption_kg,2000.0,38760000.0,False
Portugal,,importer_consumption_kg,2001.0,44700000.0,False
Portugal,,importer_consumption_kg,2002.0,43200000.0,False
Portugal,,importer_consumption_kg,2003.0,39420000.0,False
Portugal,,importer_consumption_kg,2004.0,45780000.0,False
Portugal,,importer_consumption_kg,2005.0,44640000.0,False
Portugal,,importer_consumption_kg,2006.0,46080000.0,False
Portugal,,importer_consumption_kg,2007.0,46140000.0,False
Portugal,,importer_consumption_kg,2008.0,44820000.0,False
Portugal,,importer_consumption_kg,2009.0,43860000.0,False
Portugal,,importer_consumption_kg,2010.0,48720000.0,False
Portugal,,importer_consumption_kg,2011.0,51540000.0,False
Portugal,,importer_consumption_kg,2012.0,49680000.0,False
Portugal,,importer_consumption_kg,2013.0,50400000.0,False
Portugal,,importer_consumption_kg,2014.0,51180000.0,False
Portugal,,importer_consumption_kg,2015.0,46980000.0,False
Portugal,,importer_consumption_kg,2016.0,52020000.0,False
Portugal,,importer_consumption_kg,2017.0,50640000.0,False
Portugal,,importer_consumption_kg,2018.0,52380000.0,False
Portugal,,importer_consumption_kg,2019.0,55860000.0,False
Romania,,importer_consumption_kg,1990.0,26520000.0,False
Romania,,importer_consumption_kg,1991.0,20100000.0,False
Romania,,importer_consumption_kg,1992.0,36060000.0,False
Romania,,importer_consumption_kg,1993.0,25200000.0,False
Romania,,importer_consumption_kg,1994.0,20820000.0,False
Romania,,importer_consumption_kg,1995.0,33000000.0,False
Romania,,importer_consumption_kg,1996.0,41760000.0,False
Romania,,importer_consumption_kg,1997.0,37800000.0,False
Romania,,importer_consumption_kg,1998.0,35040000.0,False
Romania,,importer_consumption_kg,1999.0,30420000.0,False
Romania,,importer_consumption_kg,2000.0,33060000.0,False
Romania,,importer_consumption_kg,2001.0,37980000.0,False
Romania,,importer_consumption_kg,2002.0,44280000.0,False
Romania,,importer_consumption_kg,2003.0,45300000.0,False
Romania,,importer_consumption_kg,2004.0,49080000.0,False
Romania,,importer_consumption_kg,2005.0,51420000.0,False
Romania,,importer_consumption_kg,2006.0,50100000.0,False
Romania,,importer_consumption_kg,2007.0,49440000.0,False
Romania,,importer_consumption_kg,2008.0,48420000.0,False
Romania,,importer_consumption_kg,2009.0,46500000.0,False
Romania,,importer_consumption_kg,2010.0,47760000.0,False
Romania,,importer_consumption_kg,2011.0,48120000.0,False
Romania,,importer_consumption_kg,2012.0,50940000.0,False
Romania,,importer_consumption_kg,2013.0,53460000.0,False
Romania,,importer_consumption_kg,2014.0,54780000.0,False
Romania,,importer_consumption_kg,2015.0,58920000.0,False
Romania,,importer_consumption_kg,2016.0,64320000.0,False
Romania,,importer_consumption_kg,2017.0,66180000.0,False
Romania,,importer_consumption_kg,2018.0,67200000.0,False
Romania,,importer_consumption_kg,2019.0,66480000.0,False
Russian Federation,,importer_consumption_kg,1990.0,0.0,False
Russian Federation,,importer_consumption_kg,1991.0,0.0,False
Russian Federation,,importer_consumption_kg,1992.0,82620000.0,False
Russian Federation,,importer_consumption_kg,1993.0,107700000.0,False
Russian Federation,,importer_consumption_kg,1994.0,102720000.0,False
Russian Federation,,importer_consumption_kg,1995.0,99000000.0,False
Russian Federation,,importer_consumption_kg,1996.0,63780000.0,False
Russian Federation,,importer_consumption_kg,1997.0,111420000.0,False
Russian Federation,,importer_consumption_kg,1998.0,98820000.0,False
Russian Federation,,importer_consumption_kg,1999.0,81120000.0,False
Russian Federation,,importer_consumption_kg,2000.0,111780000.0,False
Russian Federation,,importer_consumption_kg,2001.0,181920000.0,False
Russian Federation,,importer_consumption_kg,2002.0,207060000.0,False
Russian Federation,,importer_consumption_kg,2003.0,220740000.0,False
Russian Federation,,importer_consumption_kg,2004.0,184620000.0,False
Russian Federation,,importer_consumption_kg,2005.0,191100000.0,False
Russian Federation,,importer_consumption_kg,2006.0,193260000.0,False
Russian Federation,,importer_consumption_kg,2007.0,238620000.0,False
Russian Federation,,importer_consumption_kg,2008.0,217980000.0,False
Russian Federation,,importer_consumption_kg,2009.0,186780000.0,False
Russian Federation,,importer_consumption_kg,2010.0,222000000.0,False
Russian Federation,,importer_consumption_kg,2011.0,225240000.0,False
Russian Federation,,importer_consumption_kg,2012.0,221760000.0,False
Russian Federation,,importer_consumption_kg,2013.0,218880000.0,False
Russian Federation,,importer_consumption_kg,2014.0,241260000.0,False
Russian Federation,,importer_consumption_kg,2015.0,230760000.0,False
Russian Federation,,importer_consumption_kg,2016.0,266340000.0,False
Russian Federation,,importer_consumption_kg,2017.0,270720000.0,False
Russian Federation,,importer_consumption_kg,2018.0,254040000.0,False
Russian Federation,,importer_consumption_kg,2019.0,289200000.0,False
Slovakia,,importer_consumption_kg,1990.0,0.0,False
Slovakia,,importer_consumption_kg,1991.0,0.0,False
Slovakia,,importer_consumption_kg,1992.0,0.0,False
Slovakia,,importer_consumption_kg,1993.0,16560000.0,False
Slovakia,,importer_consumption_kg,1994.0,14040000.0,False
Slovakia,,importer_consumption_kg,1995.0,13380000.0,False
Slovakia,,importer_consumption_kg,1996.0,14640000.0,False
Slovakia,,importer_consumption_kg,1997.0,14040000.0,False
Slovakia,,importer_consumption_kg,1998.0,14460000.0,False
Slovakia,,importer_consumption_kg,1999.0,14940000.0,False
Slovakia,,importer_consumption_kg,2000.0,15780000.0,False
Slovakia,,importer_consumption_kg,2001.0,17040000.0,False
Slovakia,,importer_consumption_kg,2002.0,16500000.0,False
Slovakia,,importer_consumption_kg,2003.0,17100000.0,False
Slovakia,,importer_consumption_kg,2004.0,16980000.0,False
Slovakia,,importer_consumption_kg,2005.0,17580000.0,False
Slovakia,,importer_consumption_kg,2006.0,16860000.0,False
Slovakia,,importer_consumption_kg,2007.0,21360000.0,False
Slovakia,,importer_consumption_kg,2008.0,20460000.0,False
Slovakia,,importer_consumption_kg,2009.0,12780000.0,False
Slovakia,,importer_consumption_kg,2010.0,20220000.0,False
Slovakia,,importer_consumption_kg,2011.0,23280000.0,False
Slovakia,,importer_consumption_kg,2012.0,12060000.0,False
Slovakia,,importer_consumption_kg,2013.0,19680000.0,False
Slovakia,,importer_consumption_kg,2014.0,29880000.0,False
Slovakia,,importer_consumption_kg,2015.0,16020000.0,False
Slovakia,,importer_consumption_kg,2016.0,13560000.0,False
Slovakia,,importer_consumption_kg,2017.0,9120000.0,False
Slovakia,,importer_consumption_kg,2018.0,16680000.0,False
Slovakia,,importer_consumption_kg,2019.0,13620000.0,False
Slovenia,,importer_consumption_kg,1990.0,0.0,False
Slovenia,,importer_consumption_kg,1991.0,0.0,False
Slovenia,,importer_consumption_kg,1992.0,6900000.0,False
Slovenia,,importer_consumption_kg,1993.0,8880000.0,False
Slovenia,,importer_consumption_kg,1994.0,9120000.0,False
Slovenia,,importer_consumption_kg,1995.0,8400000.0,False
Slovenia,,importer_consumption_kg,1996.0,9840000.0,False
Slovenia,,importer_consumption_kg,1997.0,9660000.0,False
Slovenia,,importer_consumption_kg,1998.0,9720000.0,False
Slovenia,,importer_consumption_kg,1999.0,10260000.0,False
Slovenia,,importer_consumption_kg,2000.0,10380000.0,False
Slovenia,,importer_consumption_kg,2001.0,10980000.0,False
Slovenia,,importer_consumption_kg,2002.0,11280000.0,False
Slovenia,,importer_consumption_kg,2003.0,10020000.0,False
Slovenia,,importer_consumption_kg,2004.0,11100000.0,False
Slovenia,,importer_consumption_kg,2005.0,10860000.0,False
Slovenia,,importer_consumption_kg,2006.0,10560000.0,False
Slovenia,,importer_consumption_kg,2007.0,11700000.0,False
Slovenia,,importer_consumption_kg,2008.0,11640000.0,False
Slovenia,,importer_consumption_kg,2009.0,11880000.0,False
Slovenia,,importer_consumption_kg,2010.0,12300000.0,False
Slovenia,,importer_consumption_kg,2011.0,12480000.0,False
Slovenia,,importer_consumption_kg,2012.0,11100000.0,False
Slovenia,,importer_consumption_kg,2013.0,11040000.0,False
Slovenia,,importer_consumption_kg,2014.0,11220000.0,False
Slovenia,,importer_consumption_kg,2015.0,11280000.0,False
Slovenia,,importer_consumption_kg,2016.0,11580000.0,False
Slovenia,,importer_consumption_kg,2017.0,11400000.0,False
Slovenia,,importer_consumption_kg,2018.0,13080000.0,False
Slovenia,,importer_consumption_kg,2019.0,12240000.0,False
Spain,,importer_consumption_kg,1990.0,162840000.0,False
Spain,,importer_consumption_kg,1991.0,159060000.0,False
Spain,,importer_consumption_kg,1992.0,182700000.0,False
Spain,,importer_consumption_kg,1993.0,163680000.0,False
Spain,,importer_consumption_kg,1994.0,166440000.0,False
Spain,,importer_consumption_kg,1995.0,163920000.0,False
Spain,,importer_consumption_kg,1996.0,174060000.0,False
Spain,,importer_consumption_kg,1997.0,178620000.0,False
Spain,,importer_consumption_kg,1998.0,179760000.0,False
Spain,,importer_consumption_kg,1999.0,199440000.0,False
Spain,,importer_consumption_kg,2000.0,179460000.0,False
Spain,,importer_consumption_kg,2001.0,167700000.0,False
Spain,,importer_consumption_kg,2002.0,169980000.0,False
Spain,,importer_consumption_kg,2003.0,164400000.0,False
Spain,,importer_consumption_kg,2004.0,162300000.0,False
Spain,,importer_consumption_kg,2005.0,180420000.0,False
Spain,,importer_consumption_kg,2006.0,181020000.0,False
Spain,,importer_consumption_kg,2007.0,191880000.0,False
Spain,,importer_consumption_kg,2008.0,209100000.0,False
Spain,,importer_consumption_kg,2009.0,201120000.0,False
Spain,,importer_consumption_kg,2010.0,193920000.0,False
Spain,,importer_consumption_kg,2011.0,188940000.0,False
Spain,,importer_consumption_kg,2012.0,206100000.0,False
Spain,,importer_consumption_kg,2013.0,194040000.0,False
Spain,,importer_consumption_kg,2014.0,221760000.0,False
Spain,,importer_consumption_kg,2015.0,211440000.0,False
Spain,,importer_consumption_kg,2016.0,206220000.0,False
Spain,,importer_consumption_kg,2017.0,189060000.0,False
Spain,,importer_consumption_kg,2018.0,185700000.0,False
Spain,,importer_consumption_kg,2019.0,195180000.0,False
Sweden,,importer_consumption_kg,1990.0,101340000.0,False
Sweden,,importer_consumption_kg,1991.0,96240000.0,False
Sweden,,importer_consumption_kg,1992.0,98040000.0,False
Sweden,,importer_consumption_kg,1993.0,97080000.0,False
Sweden,,importer_consumption_kg,1994.0,100140000.0,False
Sweden,,importer_consumption_kg,1995.0,72240000.0,False
Sweden,,importer_consumption_kg,1996.0,77880000.0,False
Sweden,,importer_consumption_kg,1997.0,74460000.0,False
Sweden,,importer_consumption_kg,1998.0,74880000.0,False
Sweden,,importer_consumption_kg,1999.0,76740000.0,False
Sweden,,importer_consumption_kg,2000.0,70380000.0,False
Sweden,,importer_consumption_kg,2001.0,75060000.0,False
Sweden,,importer_consumption_kg,2002.0,73440000.0,False
Sweden,,importer_consumption_kg,2003.0,70680000.0,False
Sweden,,importer_consumption_kg,2004.0,74040000.0,False
Sweden,,importer_consumption_kg,2005.0,70200000.0,False
Sweden,,importer_consumption_kg,2006.0,78900000.0,False
Sweden,,importer_consumption_kg,2007.0,74640000.0,False
Sweden,,importer_consumption_kg,2008.0,76320000.0,False
Sweden,,importer_consumption_kg,2009.0,67980000.0,False
Sweden,,importer_consumption_kg,2010.0,73260000.0,False
Sweden,,importer_consumption_kg,2011.0,67500000.0,False
Sweden,,importer_consumption_kg,2012.0,69540000.0,False
Sweden,,importer_consumption_kg,2013.0,70500000.0,False
Sweden,,importer_consumption_kg,2014.0,99120000.0,False
Sweden,,importer_consumption_kg,2015.0,97380000.0,False
Sweden,,importer_consumption_kg,2016.0,107880000.0,False
Sweden,,importer_consumption_kg,2017.0,103560000.0,False
Sweden,,importer_consumption_kg,2018.0,100980000.0,False
Sweden,,importer_consumption_kg,2019.0,106140000.0,False
Switzerland,,importer_consumption_kg,1990.0,54420000.0,False
Switzerland,,importer_consumption_kg,1991.0,56940000.0,False
Switzerland,,importer_consumption_kg,1992.0,59700000.0,False
Switzerland,,importer_consumption_kg,1993.0,52140000.0,False
Switzerland,,importer_consumption_kg,1994.0,56640000.0,False
Switzerland,,importer_consumption_kg,1995.0,56100000.0,False
Switzerland,,importer_consumption_kg,1996.0,55320000.0,False
Switzerland,,importer_consumption_kg,1997.0,42720000.0,False
Switzerland,,importer_consumption_kg,1998.0,48660000.0,False
Switzerland,,importer_consumption_kg,1999.0,51780000.0,False
Switzerland,,importer_consumption_kg,2000.0,49620000.0,False
Switzerland,,importer_consumption_kg,2001.0,48960000.0,False
Switzerland,,importer_consumption_kg,2002.0,49260000.0,False
Switzerland,,importer_consumption_kg,2003.0,51120000.0,False
Switzerland,,importer_consumption_kg,2004.0,43320000.0,False
Switzerland,,importer_consumption_kg,2005.0,65940000.0,False
Switzerland,,importer_consumption_kg,2006.0,55920000.0,False
Switzerland,,importer_consumption_kg,2007.0,59340000.0,False
Switzerland,,importer_consumption_kg,2008.0,68940000.0,False
Switzerland,,importer_consumption_kg,2009.0,57960000.0,False
Switzerland,,importer_consumption_kg,2010.0,60720000.0,False
Switzerland,,importer_consumption_kg,2011.0,62040000.0,False
Switzerland,,importer_consumption_kg,2012.0,62820000.0,False
Switzerland,,importer_consumption_kg,2013.0,67380000.0,False
Switzerland,,importer_consumption_kg,2014.0,61680000.0,False
Switzerland,,importer_consumption_kg,2015.0,65760000.0,False
Switzerland,,importer_consumption_kg,2016.0,63960000.0,False
Switzerland,,importer_consumption_kg,2017.0,53640000.0,False
Switzerland,,importer_consumption_kg,2018.0,70200000.0,False
Switzerland,,importer_consumption_kg,2019.0,64380000.0,False
Tunisia,,importer_consumption_kg,1990.0,6060000.0,False
Tunisia,,importer_consumption_kg,1991.0,5400000.0,False
Tunisia,,importer_consumption_kg,1992.0,6660000.0,False
Tunisia,,importer_consumption_kg,1993.0,6060000.0,False
Tunisia,,importer_consumption_kg,1994.0,8220000.0,False
Tunisia,,importer_consumption_kg,1995.0,8220000.0,False
Tunisia,,importer_consumption_kg,1996.0,8640000.0,False
Tunisia,,importer_consumption_kg,1997.0,9900000.0,False
Tunisia,,importer_consumption_kg,1998.0,8820000.0,False
Tunisia,,importer_consumption_kg,1999.0,11100000.0,False
Tunisia,,importer_consumption_kg,2000.0,11520000.0,False
Tunisia,,importer_consumption_kg,2001.0,13920000.0,False
Tunisia,,importer_consumption_kg,2002.0,14040000.0,False
Tunisia,,importer_consumption_kg,2003.0,7200000.0,False
Tunisia,,importer_consumption_kg,2004.0,15780000.0,False
Tunisia,,importer_consumption_kg,2005.0,11400000.0,False
Tunisia,,importer_consumption_kg,2006.0,12000000.0,False
Tunisia,,importer_consumption_kg,2007.0,15180000.0,False
Tunisia,,importer_consumption_kg,2008.0,19020000.0,False
Tunisia,,importer_consumption_kg,2009.0,17340000.0,False
Tunisia,,importer_consumption_kg,2010.0,18060000.0,False
Tunisia,,importer_consumption_kg,2011.0,24900000.0,False
Tunisia,,importer_consumption_kg,2012.0,25260000.0,False
Tunisia,,importer_consumption_kg,2013.0,25740000.0,False
Tunisia,,importer_consumption_kg,2014.0,27600000.0,False
Tunisia,,importer_consumption_kg,2015.0,27480000.0,False
Tunisia,,importer_consumption_kg,2016.0,27900000.0,False
Tunisia,,importer_consumption_kg,2017.0,32760000.0,False
Tunisia,,importer_consumption_kg,2018.0,31980000.0,False
Tunisia,,importer_consumption_kg,2019.0,30480000.0,False
United Kingdom,,importer_consumption_kg,1990.0,140880000.0,False
United Kingdom,,importer_consumption_kg,1991.0,140520000.0,False
United Kingdom,,importer_consumption_kg,1992.0,150960000.0,False
United Kingdom,,importer_consumption_kg,1993.0,152040000.0,False
United Kingdom,,importer_consumption_kg,1994.0,158400000.0,False
United Kingdom,,importer_consumption_kg,1995.0,132000000.0,False
United Kingdom,,importer_consumption_kg,1996.0,144360000.0,False
United Kingdom,,importer_consumption_kg,1997.0,146460000.0,False
United Kingdom,,importer_consumption_kg,1998.0,155280000.0,False
United Kingdom,,importer_consumption_kg,1999.0,136560000.0,False
United Kingdom,,importer_consumption_kg,2000.0,140520000.0,False
United Kingdom,,importer_consumption_kg,2001.0,132900000.0,False
United Kingdom,,importer_consumption_kg,2002.0,135660000.0,False
United Kingdom,,importer_consumption_kg,2003.0,134160000.0,False
United Kingdom,,importer_consumption_kg,2004.0,147480000.0,False
United Kingdom,,importer_consumption_kg,2005.0,160800000.0,False
United Kingdom,,importer_consumption_kg,2006.0,183540000.0,False
United Kingdom,,importer_consumption_kg,2007.0,169440000.0,False
United Kingdom,,importer_consumption_kg,2008.0,184020000.0,False
United Kingdom,,importer_consumption_kg,2009.0,193200000.0,False
United Kingdom,,importer_consumption_kg,2010.0,188040000.0,False
United Kingdom,,importer_consumption_kg,2011.0,175500000.0,False
United Kingdom,,importer_consumption_kg,2012.0,175560000.0,False
United Kingdom,,importer_consumption_kg,2013.0,169680000.0,False
United Kingdom,,importer_consumption_kg,2014.0,175680000.0,False
United Kingdom,,importer_consumption_kg,2015.0,215460000.0,False
United Kingdom,,importer_consumption_kg,2016.0,210060000.0,False
United Kingdom,,importer_consumption_kg,2017.0,199980000.0,False
United Kingdom,,importer_consumption_kg,2018.0,227280000.0,False
United Kingdom,,importer_consumption_kg,2019.0,226200000.0,False
United States of America,,importer_consumption_kg,1990.0,1097880000.0,False
United States of America,,importer_consumption_kg,1991.0,1119660000.0,False
United States of America,,importer_consumption_kg,1992.0,1097400000.0,False
United States of America,,importer_consumption_kg,1993.0,1153020000.0,False
United States of America,,importer_consumption_kg,1994.0,1039560000.0,False
United States of America,,importer_consumption_kg,1995.0,1041780000.0,False
United States of America,,importer_consumption_kg,1996.0,1083540000.0,False
United States of America,,importer_consumption_kg,1997.0,1067700000.0,False
United States of America,,importer_consumption_kg,1998.0,1116240000.0,False
United States of America,,importer_consumption_kg,1999.0,1161540000.0,False
United States of America,,importer_consumption_kg,2000.0,1124760000.0,False
United States of America,,importer_consumption_kg,2001.0,1173240000.0,False
United States of America,,importer_consumption_kg,2002.0,1147500000.0,False
United States of America,,importer_consumption_kg,2003.0,1211580000.0,False
United States of America,,importer_consumption_kg,2004.0,1258380000.0,False
United States of America,,importer_consumption_kg,2005.0,1259880000.0,False
United States of America,,importer_consumption_kg,2006.0,1240020000.0,False
United States of America,,importer_consumption_kg,2007.0,1261980000.0,False
United States of America,,importer_consumption_kg,2008.0,1299120000.0,False
United States of America,,importer_consumption_kg,2009.0,1286160000.0,False
United States of America,,importer_consumption_kg,2010.0,1306980000.0,False
United States of America,,importer_consumption_kg,2011.0,1322640000.0,False
United States of America,,importer_consumption_kg,2012.0,1333920000.0,False
United States of America,,importer_consumption_kg,2013.0,1405020000.0,False
United States of America,,importer_consumption_kg,2014.0,1426020000.0,False
United States of America,,importer_consumption_kg,2015.0,1466280000.0,False
United States of America,,importer_consumption_kg,2016.0,1514580000.0,False
United States of America,,importer_consumption_kg,2017.0,1570980000.0,False
United States of America,,importer_consumption_kg,2018.0,1590840000.0,False
United States of America,,importer_consumption_kg,2019.0,1638600000.0,False
Angola,Robusta/Arabica,production_kg,1990.0,3000000.0,False
Angola,Robusta/Arabica,production_kg,1991.0,4740000.0,False
Angola,Robusta/Arabica,production_kg,1992.0,4680000.0,False
Angola,Robusta/Arabica,production_kg,1993.0,1980000.0,False
Angola,Robusta/Arabica,production_kg,1994.0,4620000.0,False
Angola,Robusta/Arabica,production_kg,1995.0,3720000.0,False
Angola,Robusta/Arabica,production_kg,1996.0,4260000.0,False
Angola,Robusta/Arabica,production_kg,1997.0,3840000.0,False
Angola,Robusta/Arabica,production_kg,1998.0,5100000.0,False
Angola,Robusta/Arabica,production_kg,1999.0,3300000.0,False
Angola,Robusta/Arabica,production_kg,2000.0,3000000.0,False
Angola,Robusta/Arabica,production_kg,2001.0,1260000.0,False
Angola,Robusta/Arabica,production_kg,2002.0,3420000.0,False
Angola,Robusta/Arabica,production_kg,2003.0,2280000.0,False
Angola,Robusta/Arabica,production_kg,2004.0,900000.0,False
Angola,Robusta/Arabica,production_kg,2005.0,1500000.0,False
Angola,Robusta/Arabica,production_kg,2006.0,2100000.0,False
Angola,Robusta/Arabica,production_kg,2007.0,2160000.0,False
Angola,Robusta/Arabica,production_kg,2008.0,2280000.0,False
Angola,Robusta/Arabica,production_kg,2009.0,780000.0,False
Angola,Robusta/Arabica,production_kg,2010.0,2100000.0,False
Angola,Robusta/Arabica,production_kg,2011.0,1740000.0,False
Angola,Robusta/Arabica,production_kg,2012.0,1980000.0,False
Angola,Robusta/Arabica,production_kg,2013.0,2100000.0,False
Angola,Robusta/Arabica,production_kg,2014.0,2340000.0,False
Angola,Robusta/Arabica,production_kg,2015.0,2460000.0,False
Angola,Robusta/Arabica,production_kg,2016.0,2700000.0,False
Angola,Robusta/Arabica,production_kg,2017.0,2100000.0,False
Angola,Robusta/Arabica,production_kg,2018.0,2520000.0,False
Angola,Robusta/Arabica,production_kg,2019.0,3120000.0,False
Bolivia (Plurinational State of),Arabica,production_kg,1990.0,7380000.0,False
Bolivia (Plurinational State of),Arabica,production_kg,1991.0,6240000.0,False
Bolivia (Plurinational State of),Arabica,production_kg,1992.0,7200000.0,False
Bolivia (Plurinational State of),Arabica,production_kg,1993.0,3060000.0,False
Bolivia (Plurinational State of),Arabica,production_kg,1994.0,7020000.0,False
Bolivia (Plurinational State of),Arabica,production_kg,1995.0,8520000.0,False
Bolivia (Plurinational State of),Arabica,production_kg,1996.0,7500000.0,False
Bolivia (Plurinational State of),Arabica,production_kg,1997.0,8460000.0,False
Bolivia (Plurinational State of),Arabica,production_kg,1998.0,8280000.0,False
Bolivia (Plurinational State of),Arabica,production_kg,1999.0,9480000.0,False
Bolivia (Plurinational State of),Arabica,production_kg,2000.0,8880000.0,False
Bolivia (Plurinational State of),Arabica,production_kg,2001.0,5640000.0,False
Bolivia (Plurinational State of),Arabica,production_kg,2002.0,7620000.0,False
Bolivia (Plurinational State of),Arabica,production_kg,2003.0,6180000.0,False
Bolivia (Plurinational State of),Arabica,production_kg,2004.0,9300000.0,False
Bolivia (Plurinational State of),Arabica,production_kg,2005.0,6600000.0,False
Bolivia (Plurinational State of),Arabica,production_kg,2006.0,8760000.0,False
Bolivia (Plurinational State of),Arabica,production_kg,2007.0,6960000.0,False
Bolivia (Plurinational State of),Arabica,production_kg,2008.0,7200000.0,False
Bolivia (Plurinational State of),Arabica,production_kg,2009.0,7680000.0,False
Bolivia (Plurinational State of),Arabica,production_kg,2010.0,7020000.0,False
Bolivia (Plurinational State of),Arabica,production_kg,2011.0,7920000.0,False
Bolivia (Plurinational State of),Arabica,production_kg,2012.0,6300000.0,False
Bolivia (Plurinational State of),Arabica,production_kg,2013.0,7200000.0,False
Bolivia (Plurinational State of),Arabica,production_kg,2014.0,6000000.0,False
Bolivia (Plurinational State of),Arabica,production_kg,2015.0,5040000.0,False
Bolivia (Plurinational State of),Arabica,production_kg,2016.0,4680000.0,False
Bolivia (Plurinational State of),Arabica,production_kg,2017.0,5040000.0,False
Bolivia (Plurinational State of),Arabica,production_kg,2018.0,4980000.0,False
Bolivia (Plurinational State of),Arabica,production_kg,2019.0,4860000.0,False
Brazil,Arabica/Robusta,production_kg,1990.0,1637160000.0,False
Brazil,Arabica/Robusta,production_kg,1991.0,1637580000.0,False
Brazil,Arabica/Robusta,production_kg,1992.0,2076180000.0,False
Brazil,Arabica/Robusta,production_kg,1993.0,1690020000.0,False
Brazil,Arabica/Robusta,production_kg,1994.0,1691520000.0,False
Brazil,Arabica/Robusta,production_kg,1995.0,1083600000.0,False
Brazil,Arabica/Robusta,production_kg,1996.0,1751820000.0,False
Brazil,Arabica/Robusta,production_kg,1997.0,1568880000.0,False
Brazil,Arabica/Robusta,production_kg,1998.0,2205660000.0,False
Brazil,Arabica/Robusta,production_kg,1999.0,2854680000.0,False
Brazil,Arabica/Robusta,production_kg,2000.0,1878600000.0,False
Brazil,Arabica/Robusta,production_kg,2001.0,1881900000.0,False
Brazil,Arabica/Robusta,production_kg,2002.0,2901120000.0,False
Brazil,Arabica/Robusta,production_kg,2003.0,1732380000.0,False
Brazil,Arabica/Robusta,production_kg,2004.0,2356860000.0,False
Brazil,Arabica/Robusta,production_kg,2005.0,1975980000.0,False
Brazil,Arabica/Robusta,production_kg,2006.0,2905920000.0,False
Brazil,Arabica/Robusta,production_kg,2007.0,2334660000.0,False
Brazil,Arabica/Robusta,production_kg,2008.0,3089460000.0,False
Brazil,Arabica/Robusta,production_kg,2009.0,2638620000.0,False
Brazil,Arabica/Robusta,production_kg,2010.0,3325680000.0,False
Brazil,Arabica/Robusta,production_kg,2011.0,2915520000.0,False
Brazil,Arabica/Robusta,production_kg,2012.0,3325080000.0,False
Brazil,Arabica/Robusta,production_kg,2013.0,3281340000.0,False
Brazil,Arabica/Robusta,production_kg,2014.0,3198300000.0,False
Brazil,Arabica/Robusta,production_kg,2015.0,3172260000.0,False
Brazil,Arabica/Robusta,production_kg,2016.0,3407280000.0,False
Brazil,Arabica/Robusta,production_kg,2017.0,3164400000.0,False
Brazil,Arabica/Robusta,production_kg,2018.0,3907860000.0,False
Brazil,Arabica/Robusta,production_kg,2019.0,3492660000.0,False
Burundi,Arabica/Robusta,production_kg,1990.0,29220000.0,False
Burundi,Arabica/Robusta,production_kg,1991.0,40020000.0,False
Burundi,Arabica/Robusta,production_kg,1992.0,37200000.0,False
Burundi,Arabica/Robusta,production_kg,1993.0,23580000.0,False
Burundi,Arabica/Robusta,production_kg,1994.0,39840000.0,False
Burundi,Arabica/Robusta,production_kg,1995.0,26040000.0,False
Burundi,Arabica/Robusta,production_kg,1996.0,24060000.0,False
Burundi,Arabica/Robusta,production_kg,1997.0,15000000.0,False
Burundi,Arabica/Robusta,production_kg,1998.0,29520000.0,False
Burundi,Arabica/Robusta,production_kg,1999.0,21060000.0,False
Burundi,Arabica/Robusta,production_kg,2000.0,29220000.0,False
Burundi,Arabica/Robusta,production_kg,2001.0,8640000.0,False
Burundi,Arabica/Robusta,production_kg,2002.0,27240000.0,False
Burundi,Arabica/Robusta,production_kg,2003.0,20280000.0,False
Burundi,Arabica/Robusta,production_kg,2004.0,26220000.0,False
Burundi,Arabica/Robusta,production_kg,2005.0,6180000.0,False
Burundi,Arabica/Robusta,production_kg,2006.0,29880000.0,False
Burundi,Arabica/Robusta,production_kg,2007.0,7980000.0,False
Burundi,Arabica/Robusta,production_kg,2008.0,24720000.0,False
Burundi,Arabica/Robusta,production_kg,2009.0,6720000.0,False
Burundi,Arabica/Robusta,production_kg,2010.0,21180000.0,False
Burundi,Arabica/Robusta,production_kg,2011.0,12240000.0,False
Burundi,Arabica/Robusta,production_kg,2012.0,24360000.0,False
Burundi,Arabica/Robusta,production_kg,2013.0,9780000.0,False
Burundi,Arabica/Robusta,production_kg,2014.0,14880000.0,False
Burundi,Arabica/Robusta,production_kg,2015.0,16140000.0,False
Burundi,Arabica/Robusta,production_kg,2016.0,11760000.0,False
Burundi,Arabica/Robusta,production_kg,2017.0,12120000.0,False
Burundi,Arabica/Robusta,production_kg,2018.0,12240000.0,False
Burundi,Arabica/Robusta,production_kg,2019.0,16320000.0,False
Cameroon,Robusta/Arabica,production_kg,1990.0,100920000.0,False
Cameroon,Robusta/Arabica,production_kg,1991.0,103560000.0,False
Cameroon,Robusta/Arabica,production_kg,1992.0,15600000.0,False
Cameroon,Robusta/Arabica,production_kg,1993.0,40980000.0,False
Cameroon,Robusta/Arabica,production_kg,1994.0,24360000.0,False
Cameroon,Robusta/Arabica,production_kg,1995.0,39600000.0,False
Cameroon,Robusta/Arabica,production_kg,1996.0,85920000.0,False
Cameroon,Robusta/Arabica,production_kg,1997.0,53340000.0,False
Cameroon,Robusta/Arabica,production_kg,1998.0,66840000.0,False
Cameroon,Robusta/Arabica,production_kg,1999.0,82200000.0,False
Cameroon,Robusta/Arabica,production_kg,2000.0,66780000.0,False
Cameroon,Robusta/Arabica,production_kg,2001.0,41160000.0,False
Cameroon,Robusta/Arabica,production_kg,2002.0,48060000.0,False
Cameroon,Robusta/Arabica,production_kg,2003.0,54000000.0,False
Cameroon,Robusta/Arabica,production_kg,2004.0,43620000.0,False
Cameroon,Robusta/Arabica,production_kg,2005.0,52200000.0,False
Cameroon,Robusta/Arabica,production_kg,2006.0,49080000.0,False
Cameroon,Robusta/Arabica,production_kg,2007.0,47700000.0,False
Cameroon,Robusta/Arabica,production_kg,2008.0,43500000.0,False
Cameroon,Robusta/Arabica,production_kg,2009.0,54120000.0,False
Cameroon,Robusta/Arabica,production_kg,2010.0,31620000.0,False
Cameroon,Robusta/Arabica,production_kg,2011.0,40140000.0,False
Cameroon,Robusta/Arabica,production_kg,2012.0,22260000.0,False
Cameroon,Robusta/Arabica,production_kg,2013.0,24240000.0,False
Cameroon,Robusta/Arabica,production_kg,2014.0,28980000.0,False
Cameroon,Robusta/Arabica,production_kg,2015.0,23460000.0,False
Cameroon,Robusta/Arabica,production_kg,2016.0,17520000.0,False
Cameroon,Robusta/Arabica,production_kg,2017.0,22200000.0,False
Cameroon,Robusta/Arabica,production_kg,2018.0,18600000.0,False
Cameroon,Robusta/Arabica,production_kg,2019.0,16080000.0,False
Central African Republic,Robusta,production_kg,1990.0,10500000.0,False
Central African Republic,Robusta,production_kg,1991.0,7500000.0,False
Central African Republic,Robusta,production_kg,1992.0,8040000.0,False
Central African Republic,Robusta,production_kg,1993.0,9960000.0,False
Central African Republic,Robusta,production_kg,1994.0,15000000.0,False
Central African Republic,Robusta,production_kg,1995.0,6480000.0,False
Central African Republic,Robusta,production_kg,1996.0,12480000.0,False
Central African Republic,Robusta,production_kg,1997.0,6840000.0,False
Central African Republic,Robusta,production_kg,1998.0,12900000.0,False
Central African Republic,Robusta,production_kg,1999.0,14460000.0,False
Central African Republic,Robusta,production_kg,2000.0,6780000.0,False
Central African Republic,Robusta,production_kg,2001.0,4080000.0,False
Central African Republic,Robusta,production_kg,2002.0,5520000.0,False
Central African Republic,Robusta,production_kg,2003.0,2580000.0,False
Central African Republic,Robusta,production_kg,2004.0,1740000.0,False
Central African Republic,Robusta,production_kg,2005.0,1380000.0,False
Central African Republic,Robusta,production_kg,2006.0,6840000.0,False
Central African Republic,Robusta,production_kg,2007.0,2580000.0,False
Central African Republic,Robusta,production_kg,2008.0,3600000.0,False
Central African Republic,Robusta,production_kg,2009.0,6720000.0,False
Central African Republic,Robusta,production_kg,2010.0,4680000.0,False
Central African Republic,Robusta,production_kg,2011.0,5460000.0,False
Central African Republic,Robusta,production_kg,2012.0,1380000.0,False
Central African Republic,Robusta,production_kg,2013.0,5400000.0,False
Central African Republic,Robusta,production_kg,2014.0,3780000.0,False
Central African Republic,Robusta,production_kg,2015.0,6000000.0,False
Central African Republic,Robusta,production_kg,2016.0,2220000.0,False
Central African Republic,Robusta,production_kg,2017.0,3600000.0,False
Central African Republic,Robusta,production_kg,2018.0,2220000.0,False
Central African Republic,Robusta,production_kg,2019.0,3300000.0,False
Colombia,Arabica,production_kg,1990.0,863760000.0,False
Colombia,Arabica,production_kg,1991.0,1078800000.0,False
Colombia,Arabica,production_kg,1992.0,896820000.0,False
Colombia,Arabica,production_kg,1993.0,685320000.0,False
Colombia,Arabica,production_kg,1994.0,777840000.0,False
Colombia,Arabica,production_kg,1995.0,776280000.0,False
Colombia,Arabica,production_kg,1996.0,646740000.0,False
Colombia,Arabica,production_kg,1997.0,727320000.0,False
Colombia,Arabica,production_kg,1998.0,652080000.0,False
Colombia,Arabica,production_kg,1999.0,570720000.0,False
Colombia,Arabica,production_kg,2000.0,631140000.0,False
Colombia,Arabica,production_kg,2001.0,717000000.0,False
Colombia,Arabica,production_kg,2002.0,702720000.0,False
Colombia,Arabica,production_kg,2003.0,663180000.0,False
Colombia,Arabica,production_kg,2004.0,685740000.0,False
Colombia,Arabica,production_kg,2005.0,717120000.0,False
Colombia,Arabica,production_kg,2006.0,729840000.0,False
Colombia,Arabica,production_kg,2007.0,750900000.0,False
Colombia,Arabica,production_kg,2008.0,519840000.0,False
Colombia,Arabica,production_kg,2009.0,485880000.0,False
Colombia,Arabica,production_kg,2010.0,511380000.0,False
Colombia,Arabica,production_kg,2011.0,459180000.0,False
Colombia,Arabica,production_kg,2012.0,595620000.0,False
Colombia,Arabica,production_kg,2013.0,727440000.0,False
Colombia,Arabica,production_kg,2014.0,799980000.0,False
Colombia,Arabica,production_kg,2015.0,840540000.0,False
Colombia,Arabica,production_kg,2016.0,878040000.0,False
Colombia,Arabica,production_kg,2017.0,829440000.0,False
Colombia,Arabica,production_kg,2018.0,831960000.0,False
Colombia,Arabica,production_kg,2019.0,846000000.0,False
Congo,Robusta,production_kg,1990.0,180000.0,False
Congo,Robusta,production_kg,1991.0,180000.0,False
Congo,Robusta,production_kg,1992.0,180000.0,False
Congo,Robusta,production_kg,1993.0,180000.0,False
Congo,Robusta,production_kg,1994.0,480000.0,False
Congo,Robusta,production_kg,1995.0,720000.0,False
Congo,Robusta,production_kg,1996.0,840000.0,False
Congo,Robusta,production_kg,1997.0,180000.0,False
Congo,Robusta,production_kg,1998.0,180000.0,False
Congo,Robusta,production_kg,1999.0,180000.0,False
Congo,Robusta,production_kg,2000.0,180000.0,False
Congo,Robusta,production_kg,2001.0,180000.0,False
Congo,Robusta,production_kg,2002.0,180000.0,False
Congo,Robusta,production_kg,2003.0,180000.0,False
Congo,Robusta,production_kg,2004.0,180000.0,False
Congo,Robusta,production_kg,2005.0,180000.0,False
Congo,Robusta,production_kg,2006.0,180000.0,False
Congo,Robusta,production_kg,2007.0,180000.0,False
Congo,Robusta,production_kg,2008.0,180000.0,False
Congo,Robusta,production_kg,2009.0,180000.0,False
Congo,Robusta,production_kg,2010.0,180000.0,False
Congo,Robusta,production_kg,2011.0,180000.0,False
Congo,Robusta,production_kg,2012.0,180000.0,False
Congo,Robusta,production_kg,2013.0,180000.0,False
Congo,Robusta,production_kg,2014.0,180000.0,False
Congo,Robusta,production_kg,2015.0,180000.0,False
Congo,Robusta,production_kg,2016.0,180000.0,False
Congo,Robusta,production_kg,2017.0,180000.0,False
Congo,Robusta,production_kg,2018.0,180000.0,False
Congo,Robusta,production_kg,2019.0,180000.0,False
Costa Rica,Arabica,production_kg,1990.0,153720000.0,False
Costa Rica,Arabica,production_kg,1991.0,165600000.0,False
Costa Rica,Arabica,production_kg,1992.0,179880000.0,False
Costa Rica,Arabica,production_kg,1993.0,141540000.0,False
Costa Rica,Arabica,production_kg,1994.0,148920000.0,False
Costa Rica,Arabica,production_kg,1995.0,170640000.0,False
Costa Rica,Arabica,production_kg,1996.0,133320000.0,False
Costa Rica,Arabica,production_kg,1997.0,157020000.0,False
Costa Rica,Arabica,production_kg,1998.0,146700000.0,False
Costa Rica,Arabica,production_kg,1999.0,149100000.0,False
Costa Rica,Arabica,production_kg,2000.0,145140000.0,False
Costa Rica,Arabica,production_kg,2001.0,134820000.0,False
Costa Rica,Arabica,production_kg,2002.0,122580000.0,False
Costa Rica,Arabica,production_kg,2003.0,113160000.0,False
Costa Rica,Arabica,production_kg,2004.0,112560000.0,False
Costa Rica,Arabica,production_kg,2005.0,99180000.0,False
Costa Rica,Arabica,production_kg,2006.0,102360000.0,False
Costa Rica,Arabica,production_kg,2007.0,107820000.0,False
Costa Rica,Arabica,production_kg,2008.0,90000000.0,False
Costa Rica,Arabica,production_kg,2009.0,88620000.0,False
Costa Rica,Arabica,production_kg,2010.0,96840000.0,False
Costa Rica,Arabica,production_kg,2011.0,109860000.0,False
Costa Rica,Arabica,production_kg,2012.0,109380000.0,False
Costa Rica,Arabica,production_kg,2013.0,93120000.0,False
Costa Rica,Arabica,production_kg,2014.0,88500000.0,False
Costa Rica,Arabica,production_kg,2015.0,86400000.0,False
Costa Rica,Arabica,production_kg,2016.0,82320000.0,False
Costa Rica,Arabica,production_kg,2017.0,93660000.0,False
Costa Rica,Arabica,production_kg,2018.0,85620000.0,False
Costa Rica,Arabica,production_kg,2019.0,88320000.0,False
Cuba,Arabica,production_kg,1990.0,24840000.0,False
Cuba,Arabica,production_kg,1991.0,18120000.0,False
Cuba,Arabica,production_kg,1992.0,17040000.0,False
Cuba,Arabica,production_kg,1993.0,17100000.0,False
Cuba,Arabica,production_kg,1994.0,17040000.0,False
Cuba,Arabica,production_kg,1995.0,17100000.0,False
Cuba,Arabica,production_kg,1996.0,21960000.0,False
Cuba,Arabica,production_kg,1997.0,18000000.0,False
Cuba,Arabica,production_kg,1998.0,16800000.0,False
Cuba,Arabica,production_kg,1999.0,19680000.0,False
Cuba,Arabica,production_kg,2000.0,18720000.0,False
Cuba,Arabica,production_kg,2001.0,17100000.0,False
Cuba,Arabica,production_kg,2002.0,14340000.0,False
Cuba,Arabica,production_kg,2003.0,13440000.0,False
Cuba,Arabica,production_kg,2004.0,10800000.0,False
Cuba,Arabica,production_kg,2005.0,6000000.0,False
Cuba,Arabica,production_kg,2006.0,6300000.0,False
Cuba,Arabica,production_kg,2007.0,6600000.0,False
Cuba,Arabica,production_kg,2008.0,7980000.0,False
Cuba,Arabica,production_kg,2009.0,5520000.0,False
Cuba,Arabica,production_kg,2010.0,6480000.0,False
Cuba,Arabica,production_kg,2011.0,6000000.0,False
Cuba,Arabica,production_kg,2012.0,5280000.0,False
Cuba,Arabica,production_kg,2013.0,6420000.0,False
Cuba,Arabica,production_kg,2014.0,6060000.0,False
Cuba,Arabica,production_kg,2015.0,6000000.0,False
Cuba,Arabica,production_kg,2016.0,6180000.0,False
Cuba,Arabica,production_kg,2017.0,6780000.0,False
Cuba,Arabica,production_kg,2018.0,7680000.0,False
Cuba,Arabica,production_kg,2019.0,7800000.0,False
Côte d'Ivoire,Robusta,production_kg,1990.0,176400000.0,False
Côte d'Ivoire,Robusta,production_kg,1991.0,247740000.0,False
Côte d'Ivoire,Robusta,production_kg,1992.0,134760000.0,False
Côte d'Ivoire,Robusta,production_kg,1993.0,137580000.0,False
Côte d'Ivoire,Robusta,production_kg,1994.0,180360000.0,False
Côte d'Ivoire,Robusta,production_kg,1995.0,151920000.0,False
Côte d'Ivoire,Robusta,production_kg,1996.0,291540000.0,False
Côte d'Ivoire,Robusta,production_kg,1997.0,249840000.0,False
Côte d'Ivoire,Robusta,production_kg,1998.0,119520000.0,False
Côte d'Ivoire,Robusta,production_kg,1999.0,379200000.0,False
Côte d'Ivoire,Robusta,production_kg,2000.0,290760000.0,False
Côte d'Ivoire,Robusta,production_kg,2001.0,215760000.0,False
Côte d'Ivoire,Robusta,production_kg,2002.0,180600000.0,False
Côte d'Ivoire,Robusta,production_kg,2003.0,178860000.0,False
Côte d'Ivoire,Robusta,production_kg,2004.0,128160000.0,False
Côte d'Ivoire,Robusta,production_kg,2005.0,125940000.0,False
Côte d'Ivoire,Robusta,production_kg,2006.0,170880000.0,False
Côte d'Ivoire,Robusta,production_kg,2007.0,80280000.0,False
Côte d'Ivoire,Robusta,production_kg,2008.0,151560000.0,False
Côte d'Ivoire,Robusta,production_kg,2009.0,119340000.0,False
Côte d'Ivoire,Robusta,production_kg,2010.0,50220000.0,False
Côte d'Ivoire,Robusta,production_kg,2011.0,132960000.0,False
Côte d'Ivoire,Robusta,production_kg,2012.0,119640000.0,False
Côte d'Ivoire,Robusta,production_kg,2013.0,155880000.0,False
Côte d'Ivoire,Robusta,production_kg,2014.0,103680000.0,False
Côte d'Ivoire,Robusta,production_kg,2015.0,77340000.0,False
Côte d'Ivoire,Robusta,production_kg,2016.0,67020000.0,False
Côte d'Ivoire,Robusta,production_kg,2017.0,97440000.0,False
Côte d'Ivoire,Robusta,production_kg,2018.0,130500000.0,False
Côte d'Ivoire,Robusta,production_kg,2019.0,115740000.0,False
Democratic Republic of Congo,Robusta/Arabica,production_kg,1990.0,94800000.0,False
Democratic Republic of Congo,Robusta/Arabica,production_kg,1991.0,73800000.0,False
Democratic Republic of Congo,Robusta/Arabica,production_kg,1992.0,70800000.0,False
Democratic Republic of Congo,Robusta/Arabica,production_kg,1993.0,58800000.0,False
Democratic Republic of Congo,Robusta/Arabica,production_kg,1994.0,77880000.0,False
Democratic Republic of Congo,Robusta/Arabica,production_kg,1995.0,65880000.0,False
Democratic Republic of Congo,Robusta/Arabica,production_kg,1996.0,47700000.0,False
Democratic Republic of Congo,Robusta/Arabica,production_kg,1997.0,48660000.0,False
Democratic Republic of Congo,Robusta/Arabica,production_kg,1998.0,44280000.0,False
Democratic Republic of Congo,Robusta/Arabica,production_kg,1999.0,28620000.0,False
Democratic Republic of Congo,Robusta/Arabica,production_kg,2000.0,21780000.0,False
Democratic Republic of Congo,Robusta/Arabica,production_kg,2001.0,25380000.0,False
Democratic Republic of Congo,Robusta/Arabica,production_kg,2002.0,20280000.0,False
Democratic Republic of Congo,Robusta/Arabica,production_kg,2003.0,27060000.0,False
Democratic Republic of Congo,Robusta/Arabica,production_kg,2004.0,21600000.0,False
Democratic Republic of Congo,Robusta/Arabica,production_kg,2005.0,20160000.0,False
Democratic Republic of Congo,Robusta/Arabica,production_kg,2006.0,22680000.0,False
Democratic Republic of Congo,Robusta/Arabica,production_kg,2007.0,24960000.0,False
Democratic Republic of Congo,Robusta/Arabica,production_kg,2008.0,25320000.0,False
Democratic Republic of Congo,Robusta/Arabica,production_kg,2009.0,20760000.0,False
Democratic Republic of Congo,Robusta/Arabica,production_kg,2010.0,18300000.0,False
Democratic Republic of Congo,Robusta/Arabica,production_kg,2011.0,21420000.0,False
Democratic Republic of Congo,Robusta/Arabica,production_kg,2012.0,20040000.0,False
Democratic Republic of Congo,Robusta/Arabica,production_kg,2013.0,20820000.0,False
Democratic Republic of Congo,Robusta/Arabica,production_kg,2014.0,20100000.0,False
Democratic Republic of Congo,Robusta/Arabica,production_kg,2015.0,22260000.0,False
Democratic Republic of Congo,Robusta/Arabica,production_kg,2016.0,16740000.0,False
Democratic Republic of Congo,Robusta/Arabica,production_kg,2017.0,22920000.0,False
Democratic Republic of Congo,Robusta/Arabica,production_kg,2018.0,23820000.0,False
Democratic Republic of Congo,Robusta/Arabica,production_kg,2019.0,23460000.0,False
Dominican Republic,Arabica/Robusta,production_kg,1990.0,52800000.0,False
Dominican Republic,Arabica/Robusta,production_kg,1991.0,19260000.0,False
Dominican Republic,Arabica/Robusta,production_kg,1992.0,38280000.0,False
Dominican Republic,Arabica/Robusta,production_kg,1993.0,36240000.0,False
Dominican Republic,Arabica/Robusta,production_kg,1994.0,43800000.0,False
Dominican Republic,Arabica/Robusta,production_kg,1995.0,53160000.0,False
Dominican Republic,Arabica/Robusta,production_kg,1996.0,31140000.0,False
Dominican Republic,Arabica/Robusta,production_kg,1997.0,56460000.0,False
Dominican Republic,Arabica/Robusta,production_kg,1998.0,29220000.0,False
Dominican Republic,Arabica/Robusta,production_kg,1999.0,36420000.0,False
Dominican Republic,Arabica/Robusta,production_kg,2000.0,28020000.0,False
Dominican Republic,Arabica/Robusta,production_kg,2001.0,23220000.0,False
Dominican Republic,Arabica/Robusta,production_kg,2002.0,27300000.0,False
Dominican Republic,Arabica/Robusta,production_kg,2003.0,21060000.0,False
Dominican Republic,Arabica/Robusta,production_kg,2004.0,29460000.0,False
Dominican Republic,Arabica/Robusta,production_kg,2005.0,18600000.0,False
Dominican Republic,Arabica/Robusta,production_kg,2006.0,23220000.0,False
Dominican Republic,Arabica/Robusta,production_kg,2007.0,27900000.0,False
Dominican Republic,Arabica/Robusta,production_kg,2008.0,38700000.0,False
Dominican Republic,Arabica/Robusta,production_kg,2009.0,21120000.0,False
Dominican Republic,Arabica/Robusta,production_kg,2010.0,22680000.0,False
Dominican Republic,Arabica/Robusta,production_kg,2011.0,29460000.0,False
Dominican Republic,Arabica/Robusta,production_kg,2012.0,29280000.0,False
Dominican Republic,Arabica/Robusta,production_kg,2013.0,25500000.0,False
Dominican Republic,Arabica/Robusta,production_kg,2014.0,23820000.0,False
Dominican Republic,Arabica/Robusta,production_kg,2015.0,24000000.0,False
Dominican Republic,Arabica/Robusta,production_kg,2016.0,24720000.0,False
Dominican Republic,Arabica/Robusta,production_kg,2017.0,24720000.0,False
Dominican Republic,Arabica/Robusta,production_kg,2018.0,25860000.0,False
Dominican Republic,Arabica/Robusta,production_kg,2019.0,24120000.0,False
Ecuador,Arabica/Robusta,production_kg,1990.0,90240000.0,False
Ecuador,Arabica/Robusta,production_kg,1991.0,127440000.0,False
Ecuador,Arabica/Robusta,production_kg,1992.0,71100000.0,False
Ecuador,Arabica/Robusta,production_kg,1993.0,124140000.0,False
Ecuador,Arabica/Robusta,production_kg,1994.0,142560000.0,False
Ecuador,Arabica/Robusta,production_kg,1995.0,113280000.0,False
Ecuador,Arabica/Robusta,production_kg,1996.0,119580000.0,False
Ecuador,Arabica/Robusta,production_kg,1997.0,71460000.0,False
Ecuador,Arabica/Robusta,production_kg,1998.0,72360000.0,False
Ecuador,Arabica/Robusta,production_kg,1999.0,71880000.0,False
Ecuador,Arabica/Robusta,production_kg,2000.0,51240000.0,False
Ecuador,Arabica/Robusta,production_kg,2001.0,47580000.0,False
Ecuador,Arabica/Robusta,production_kg,2002.0,34920000.0,False
Ecuador,Arabica/Robusta,production_kg,2003.0,38460000.0,False
Ecuador,Arabica/Robusta,production_kg,2004.0,46800000.0,False
Ecuador,Arabica/Robusta,production_kg,2005.0,56100000.0,False
Ecuador,Arabica/Robusta,production_kg,2006.0,62100000.0,False
Ecuador,Arabica/Robusta,production_kg,2007.0,57000000.0,False
Ecuador,Arabica/Robusta,production_kg,2008.0,46260000.0,False
Ecuador,Arabica/Robusta,production_kg,2009.0,48780000.0,False
Ecuador,Arabica/Robusta,production_kg,2010.0,51240000.0,False
Ecuador,Arabica/Robusta,production_kg,2011.0,49500000.0,False
Ecuador,Arabica/Robusta,production_kg,2012.0,49680000.0,False
Ecuador,Arabica/Robusta,production_kg,2013.0,39960000.0,False
Ecuador,Arabica/Robusta,production_kg,2014.0,38640000.0,False
Ecuador,Arabica/Robusta,production_kg,2015.0,38640000.0,False
Ecuador,Arabica/Robusta,production_kg,2016.0,38700000.0,False
Ecuador,Arabica/Robusta,production_kg,2017.0,37440000.0,False
Ecuador,Arabica/Robusta,production_kg,2018.0,29760000.0,False
Ecuador,Arabica/Robusta,production_kg,2019.0,33540000.0,False
El Salvador,Arabica,production_kg,1990.0,147900000.0,False
El Salvador,Arabica,production_kg,1991.0,131880000.0,False
El Salvador,Arabica,production_kg,1992.0,180060000.0,False
El Salvador,Arabica,production_kg,1993.0,142680000.0,False
El Salvador,Arabica,production_kg,1994.0,137580000.0,False
El Salvador,Arabica,production_kg,1995.0,155100000.0,False
El Salvador,Arabica,production_kg,1996.0,152040000.0,False
El Salvador,Arabica,production_kg,1997.0,130500000.0,False
El Salvador,Arabica,production_kg,1998.0,123300000.0,False
El Salvador,Arabica,production_kg,1999.0,155880000.0,False
El Salvador,Arabica,production_kg,2000.0,102240000.0,False
El Salvador,Arabica,production_kg,2001.0,101640000.0,False
El Salvador,Arabica,production_kg,2002.0,81660000.0,False
El Salvador,Arabica,production_kg,2003.0,82800000.0,False
El Salvador,Arabica,production_kg,2004.0,71820000.0,False
El Salvador,Arabica,production_kg,2005.0,79140000.0,False
El Salvador,Arabica,production_kg,2006.0,74040000.0,False
El Salvador,Arabica,production_kg,2007.0,90300000.0,False
El Salvador,Arabica,production_kg,2008.0,87000000.0,False
El Salvador,Arabica,production_kg,2009.0,64500000.0,False
El Salvador,Arabica,production_kg,2010.0,112380000.0,False
El Salvador,Arabica,production_kg,2011.0,69840000.0,False
El Salvador,Arabica,production_kg,2012.0,74400000.0,False
El Salvador,Arabica,production_kg,2013.0,30900000.0,False
El Salvador,Arabica,production_kg,2014.0,39900000.0,False
El Salvador,Arabica,production_kg,2015.0,33900000.0,False
El Salvador,Arabica,production_kg,2016.0,36600000.0,False
El Salvador,Arabica,production_kg,2017.0,45600000.0,False
El Salvador,Arabica,production_kg,2018.0,45660000.0,False
El Salvador,Arabica,production_kg,2019.0,39660000.0,False
Equatorial Guinea,Robusta,production_kg,1990.0,240000.0,False
Equatorial Guinea,Robusta,production_kg,1991.0,180000.0,False
Equatorial Guinea,Robusta,production_kg,1992.0,120000.0,False
Equatorial Guinea,Robusta,production_kg,1993.0,0.0,False
Equatorial Guinea,Robusta,production_kg,1994.0,180000.0,False
Equatorial Guinea,Robusta,production_kg,1995.0,120000.0,False
Equatorial Guinea,Robusta,production_kg,1996.0,60000.0,False
Equatorial Guinea,Robusta,production_kg,1997.0,120000.0,False
Equatorial Guinea,Robusta,production_kg,1998.0,60000.0,False
Equatorial Guinea,Robusta,production_kg,1999.0,0.0,False
Equatorial Guinea,Robusta,production_kg,2000.0,0.0,False
Equatorial Guinea,Robusta,production_kg,2001.0,0.0,False
Equatorial Guinea,Robusta,production_kg,2002.0,0.0,False
Equatorial Guinea,Robusta,production_kg,2003.0,0.0,False
Equatorial Guinea,Robusta,production_kg,2004.0,0.0,False
Equatorial Guinea,Robusta,production_kg,2005.0,0.0,False
Equatorial Guinea,Robusta,production_kg,2006.0,0.0,False
Equatorial Guinea,Robusta,production_kg,2007.0,0.0,False
Equatorial Guinea,Robusta,production_kg,2008.0,0.0,False
Equatorial Guinea,Robusta,production_kg,2009.0,0.0,False
Equatorial Guinea,Robusta,production_kg,2010.0,0.0,False
Equatorial Guinea,Robusta,production_kg,2011.0,0.0,False
Equatorial Guinea,Robusta,production_kg,2012.0,0.0,False
Equatorial Guinea,Robusta,production_kg,2013.0,0.0,False
Equatorial Guinea,Robusta,production_kg,2014.0,0.0,False
Equatorial Guinea,Robusta,production_kg,2015.0,0.0,False
Equatorial Guinea,Robusta,production_kg,2016.0,0.0,False
Equatorial Guinea,Robusta,production_kg,2017.0,0.0,False
Equatorial Guinea,Robusta,production_kg,2018.0,0.0,False
Equatorial Guinea,Robusta,production_kg,2019.0,0.0,False
Ethiopia,Arabica,production_kg,1990.0,174540000.0,False
Ethiopia,Arabica,production_kg,1991.0,175500000.0,False
Ethiopia,Arabica,production_kg,1992.0,109500000.0,False
Ethiopia,Arabica,production_kg,1993.0,178020000.0,False
Ethiopia,Arabica,production_kg,1994.0,165780000.0,False
Ethiopia,Arabica,production_kg,1995.0,189900000.0,False
Ethiopia,Arabica,production_kg,1996.0,204420000.0,False
Ethiopia,Arabica,production_kg,1997.0,183420000.0,False
Ethiopia,Arabica,production_kg,1998.0,175680000.0,False
Ethiopia,Arabica,production_kg,1999.0,227040000.0,False
Ethiopia,Arabica,production_kg,2000.0,186900000.0,False
Ethiopia,Arabica,production_kg,2001.0,242640000.0,False
Ethiopia,Arabica,production_kg,2002.0,245640000.0,False
Ethiopia,Arabica,production_kg,2003.0,263640000.0,False
Ethiopia,Arabica,production_kg,2004.0,312780000.0,False
Ethiopia,Arabica,production_kg,2005.0,286740000.0,False
Ethiopia,Arabica,production_kg,2006.0,333060000.0,False
Ethiopia,Arabica,production_kg,2007.0,358020000.0,False
Ethiopia,Arabica,production_kg,2008.0,296940000.0,False
Ethiopia,Arabica,production_kg,2009.0,409800000.0,False
Ethiopia,Arabica,production_kg,2010.0,333600000.0,False
Ethiopia,Arabica,production_kg,2011.0,339000000.0,False
Ethiopia,Arabica,production_kg,2012.0,367920000.0,False
Ethiopia,Arabica,production_kg,2013.0,374520000.0,False
Ethiopia,Arabica,production_kg,2014.0,382980000.0,False
Ethiopia,Arabica,production_kg,2015.0,390900000.0,False
Ethiopia,Arabica,production_kg,2016.0,428580000.0,False
Ethiopia,Arabica,production_kg,2017.0,440820000.0,False
Ethiopia,Arabica,production_kg,2018.0,450660000.0,False
Ethiopia,Arabica,production_kg,2019.0,440580000.0,False
Gabon,Robusta,production_kg,1990.0,180000.0,False
Gabon,Robusta,production_kg,1991.0,120000.0,False
Gabon,Robusta,production_kg,1992.0,180000.0,False
Gabon,Robusta,production_kg,1993.0,180000.0,False
Gabon,Robusta,production_kg,1994.0,480000.0,False
Gabon,Robusta,production_kg,1995.0,120000.0,False
Gabon,Robusta,production_kg,1996.0,60000.0,False
Gabon,Robusta,production_kg,1997.0,180000.0,False
Gabon,Robusta,production_kg,1998.0,240000.0,False
Gabon,Robusta,production_kg,1999.0,120000.0,False
Gabon,Robusta,production_kg,2000.0,0.0,False
Gabon,Robusta,production_kg,2001.0,60000.0,False
Gabon,Robusta,production_kg,2002.0,60000.0,False
Gabon,Robusta,production_kg,2003.0,0.0,False
Gabon,Robusta,production_kg,2004.0,0.0,False
Gabon,Robusta,production_kg,2005.0,60000.0,False
Gabon,Robusta,production_kg,2006.0,60000.0,False
Gabon,Robusta,production_kg,2007.0,60000.0,False
Gabon,Robusta,production_kg,2008.0,120000.0,False
Gabon,Robusta,production_kg,2009.0,0.0,False
Gabon,Robusta,production_kg,2010.0,120000.0,False
Gabon,Robusta,production_kg,2011.0,60000.0,False
Gabon,Robusta,production_kg,2012.0,60000.0,False
Gabon,Robusta,production_kg,2013.0,0.0,False
Gabon,Robusta,production_kg,2014.0,60000.0,False
Gabon,Robusta,production_kg,2015.0,60000.0,False
Gabon,Robusta,production_kg,2016.0,0.0,False
Gabon,Robusta,production_kg,2017.0,0.0,False
Gabon,Robusta,production_kg,2018.0,60000.0,False
Gabon,Robusta,production_kg,2019.0,0.0,False
Ghana,Robusta,production_kg,1990.0,2280000.0,False
Ghana,Robusta,production_kg,1991.0,4560000.0,False
Ghana,Robusta,production_kg,1992.0,2220000.0,False
Ghana,Robusta,production_kg,1993.0,2700000.0,False
Ghana,Robusta,production_kg,1994.0,3420000.0,False
Ghana,Robusta,production_kg,1995.0,3420000.0,False
Ghana,Robusta,production_kg,1996.0,1920000.0,False
Ghana,Robusta,production_kg,1997.0,1620000.0,False
Ghana,Robusta,production_kg,1998.0,3240000.0,False
Ghana,Robusta,production_kg,1999.0,5340000.0,False
Ghana,Robusta,production_kg,2000.0,4560000.0,False
Ghana,Robusta,production_kg,2001.0,420000.0,False
Ghana,Robusta,production_kg,2002.0,2040000.0,False
Ghana,Robusta,production_kg,2003.0,1080000.0,False
Ghana,Robusta,production_kg,2004.0,1080000.0,False
Ghana,Robusta,production_kg,2005.0,720000.0,False
Ghana,Robusta,production_kg,2006.0,1200000.0,False
Ghana,Robusta,production_kg,2007.0,2100000.0,False
Ghana,Robusta,production_kg,2008.0,1560000.0,False
Ghana,Robusta,production_kg,2009.0,1140000.0,False
Ghana,Robusta,production_kg,2010.0,4140000.0,False
Ghana,Robusta,production_kg,2011.0,1800000.0,False
Ghana,Robusta,production_kg,2012.0,1260000.0,False
Ghana,Robusta,production_kg,2013.0,1500000.0,False
Ghana,Robusta,production_kg,2014.0,2100000.0,False
Ghana,Robusta,production_kg,2015.0,2160000.0,False
Ghana,Robusta,production_kg,2016.0,1560000.0,False
Ghana,Robusta,production_kg,2017.0,780000.0,False
Ghana,Robusta,production_kg,2018.0,900000.0,False
Ghana,Robusta,production_kg,2019.0,840000.0,False
Guatemala,Arabica/Robusta,production_kg,1990.0,196260000.0,False
Guatemala,Arabica/Robusta,production_kg,1991.0,209820000.0,False
Guatemala,Arabica/Robusta,production_kg,1992.0,259080000.0,False
Guatemala,Arabica/Robusta,production_kg,1993.0,212160000.0,False
Guatemala,Arabica/Robusta,production_kg,1994.0,227220000.0,False
Guatemala,Arabica/Robusta,production_kg,1995.0,240120000.0,False
Guatemala,Arabica/Robusta,production_kg,1996.0,271500000.0,False
Guatemala,Arabica/Robusta,production_kg,1997.0,253140000.0,False
Guatemala,Arabica/Robusta,production_kg,1998.0,293580000.0,False
Guatemala,Arabica/Robusta,production_kg,1999.0,307200000.0,False
Guatemala,Arabica/Robusta,production_kg,2000.0,296400000.0,False
Guatemala,Arabica/Robusta,production_kg,2001.0,220140000.0,False
Guatemala,Arabica/Robusta,production_kg,2002.0,244200000.0,False
Guatemala,Arabica/Robusta,production_kg,2003.0,216600000.0,False
Guatemala,Arabica/Robusta,production_kg,2004.0,222180000.0,False
Guatemala,Arabica/Robusta,production_kg,2005.0,220560000.0,False
Guatemala,Arabica/Robusta,production_kg,2006.0,237000000.0,False
Guatemala,Arabica/Robusta,production_kg,2007.0,246000000.0,False
Guatemala,Arabica/Robusta,production_kg,2008.0,227100000.0,False
Guatemala,Arabica/Robusta,production_kg,2009.0,230100000.0,False
Guatemala,Arabica/Robusta,production_kg,2010.0,237000000.0,False
Guatemala,Arabica/Robusta,production_kg,2011.0,231000000.0,False
Guatemala,Arabica/Robusta,production_kg,2012.0,225780000.0,False
Guatemala,Arabica/Robusta,production_kg,2013.0,191340000.0,False
Guatemala,Arabica/Robusta,production_kg,2014.0,198600000.0,False
Guatemala,Arabica/Robusta,production_kg,2015.0,204600000.0,False
Guatemala,Arabica/Robusta,production_kg,2016.0,221040000.0,False
Guatemala,Arabica/Robusta,production_kg,2017.0,224040000.0,False
Guatemala,Arabica/Robusta,production_kg,2018.0,240420000.0,False
Guatemala,Arabica/Robusta,production_kg,2019.0,216360000.0,False
Guinea,Robusta,production_kg,1990.0,2640000.0,False
Guinea,Robusta,production_kg,1991.0,5460000.0,False
Guinea,Robusta,production_kg,1992.0,4560000.0,False
Guinea,Robusta,production_kg,1993.0,3840000.0,False
Guinea,Robusta,production_kg,1994.0,11880000.0,False
Guinea,Robusta,production_kg,1995.0,6240000.0,False
Guinea,Robusta,production_kg,1996.0,8880000.0,False
Guinea,Robusta,production_kg,1997.0,10320000.0,False
Guinea,Robusta,production_kg,1998.0,25260000.0,False
Guinea,Robusta,production_kg,1999.0,21840000.0,False
Guinea,Robusta,production_kg,2000.0,24000000.0,False
Guinea,Robusta,production_kg,2001.0,14160000.0,False
Guinea,Robusta,production_kg,2002.0,19680000.0,False
Guinea,Robusta,production_kg,2003.0,21960000.0,False
Guinea,Robusta,production_kg,2004.0,18960000.0,False
Guinea,Robusta,production_kg,2005.0,31500000.0,False
Guinea,Robusta,production_kg,2006.0,28380000.0,False
Guinea,Robusta,production_kg,2007.0,19380000.0,False
Guinea,Robusta,production_kg,2008.0,30300000.0,False
Guinea,Robusta,production_kg,2009.0,29940000.0,False
Guinea,Robusta,production_kg,2010.0,23160000.0,False
Guinea,Robusta,production_kg,2011.0,23160000.0,False
Guinea,Robusta,production_kg,2012.0,14040000.0,False
Guinea,Robusta,production_kg,2013.0,6060000.0,False
Guinea,Robusta,production_kg,2014.0,9900000.0,False
Guinea,Robusta,production_kg,2015.0,17160000.0,False
Guinea,Robusta,production_kg,2016.0,16200000.0,False
Guinea,Robusta,production_kg,2017.0,13740000.0,False
Guinea,Robusta,production_kg,2018.0,9180000.0,False
Guinea,Robusta,production_kg,2019.0,10680000.0,False
Guyana,Robusta,production_kg,1990.0,0.0,False
Guyana,Robusta,production_kg,1991.0,0.0,False
Guyana,Robusta,production_kg,1992.0,0.0,False
Guyana,Robusta,production_kg,1993.0,0.0,False
Guyana,Robusta,production_kg,1994.0,0.0,False
Guyana,Robusta,production_kg,1995.0,0.0,False
Guyana,Robusta,production_kg,1996.0,0.0,False
Guyana,Robusta,production_kg,1997.0,0.0,False
Guyana,Robusta,production_kg,1998.0,360000.0,False
Guyana,Robusta,production_kg,1999.0,300000.0,False
Guyana,Robusta,production_kg,2000.0,180000.0,False
Guyana,Robusta,production_kg,2001.0,300000.0,False
Guyana,Robusta,production_kg,2002.0,300000.0,False
Guyana,Robusta,production_kg,2003.0,300000.0,False
Guyana,Robusta,production_kg,2004.0,360000.0,False
Guyana,Robusta,production_kg,2005.0,420000.0,False
Guyana,Robusta,production_kg,2006.0,480000.0,False
Guyana,Robusta,production_kg,2007.0,540000.0,False
Guyana,Robusta,production_kg,2008.0,600000.0,False
Guyana,Robusta,production_kg,2009.0,540000.0,False
Guyana,Robusta,production_kg,2010.0,540000.0,False
Guyana,Robusta,production_kg,2011.0,600000.0,False
Guyana,Robusta,production_kg,2012.0,600000.0,False
Guyana,Robusta,production_kg,2013.0,780000.0,False
Guyana,Robusta,production_kg,2014.0,540000.0,False
Guyana,Robusta,production_kg,2015.0,660000.0,False
Guyana,Robusta,production_kg,2016.0,600000.0,False
Guyana,Robusta,production_kg,2017.0,600000.0,False
Guyana,Robusta,production_kg,2018.0,600000.0,False
Guyana,Robusta,production_kg,2019.0,600000.0,False
Haiti,Arabica,production_kg,1990.0,23580000.0,False
Haiti,Arabica,production_kg,1991.0,27780000.0,False
Haiti,Arabica,production_kg,1992.0,30000000.0,False
Haiti,Arabica,production_kg,1993.0,27060000.0,False
Haiti,Arabica,production_kg,1994.0,27000000.0,False
Haiti,Arabica,production_kg,1995.0,30840000.0,False
Haiti,Arabica,production_kg,1996.0,25680000.0,False
Haiti,Arabica,production_kg,1997.0,25920000.0,False
Haiti,Arabica,production_kg,1998.0,26340000.0,False
Haiti,Arabica,production_kg,1999.0,23940000.0,False
Haiti,Arabica,production_kg,2000.0,25200000.0,False
Haiti,Arabica,production_kg,2001.0,24180000.0,False
Haiti,Arabica,production_kg,2002.0,22440000.0,False
Haiti,Arabica,production_kg,2003.0,22440000.0,False
Haiti,Arabica,production_kg,2004.0,21900000.0,False
Haiti,Arabica,production_kg,2005.0,21360000.0,False
Haiti,Arabica,production_kg,2006.0,21720000.0,False
Haiti,Arabica,production_kg,2007.0,21540000.0,False
Haiti,Arabica,production_kg,2008.0,21540000.0,False
Haiti,Arabica,production_kg,2009.0,21060000.0,False
Haiti,Arabica,production_kg,2010.0,21000000.0,False
Haiti,Arabica,production_kg,2011.0,20940000.0,False
Haiti,Arabica,production_kg,2012.0,21000000.0,False
Haiti,Arabica,production_kg,2013.0,20700000.0,False
Haiti,Arabica,production_kg,2014.0,20580000.0,False
Haiti,Arabica,production_kg,2015.0,20460000.0,False
Haiti,Arabica,production_kg,2016.0,20520000.0,False
Haiti,Arabica,production_kg,2017.0,20520000.0,False
Haiti,Arabica,production_kg,2018.0,20820000.0,False
Haiti,Arabica,production_kg,2019.0,20820000.0,False
Honduras,Arabica,production_kg,1990.0,94080000.0,False
Honduras,Arabica,production_kg,1991.0,139320000.0,False
Honduras,Arabica,production_kg,1992.0,115080000.0,False
Honduras,Arabica,production_kg,1993.0,109740000.0,False
Honduras,Arabica,production_kg,1994.0,130860000.0,False
Honduras,Arabica,production_kg,1995.0,114540000.0,False
Honduras,Arabica,production_kg,1996.0,120240000.0,False
Honduras,Arabica,production_kg,1997.0,153840000.0,False
Honduras,Arabica,production_kg,1998.0,131700000.0,False
Honduras,Arabica,production_kg,1999.0,179100000.0,False
Honduras,Arabica,production_kg,2000.0,160020000.0,False
Honduras,Arabica,production_kg,2001.0,182160000.0,False
Honduras,Arabica,production_kg,2002.0,149760000.0,False
Honduras,Arabica,production_kg,2003.0,178080000.0,False
Honduras,Arabica,production_kg,2004.0,154500000.0,False
Honduras,Arabica,production_kg,2005.0,192240000.0,False
Honduras,Arabica,production_kg,2006.0,207660000.0,False
Honduras,Arabica,production_kg,2007.0,218400000.0,False
Honduras,Arabica,production_kg,2008.0,207000000.0,False
Honduras,Arabica,production_kg,2009.0,216180000.0,False
Honduras,Arabica,production_kg,2010.0,259860000.0,False
Honduras,Arabica,production_kg,2011.0,352920000.0,False
Honduras,Arabica,production_kg,2012.0,281160000.0,False
Honduras,Arabica,production_kg,2013.0,274980000.0,False
Honduras,Arabica,production_kg,2014.0,316080000.0,False
Honduras,Arabica,production_kg,2015.0,347160000.0,False
Honduras,Arabica,production_kg,2016.0,447420000.0,False
Honduras,Arabica,production_kg,2017.0,453600000.0,False
Honduras,Arabica,production_kg,2018.0,429180000.0,False
Honduras,Arabica,production_kg,2019.0,355860000.0,False
India,Robusta/Arabica,production_kg,1990.0,169740000.0,False
India,Robusta/Arabica,production_kg,1991.0,180000000.0,False
India,Robusta/Arabica,production_kg,1992.0,169380000.0,False
India,Robusta/Arabica,production_kg,1993.0,211980000.0,False
India,Robusta/Arabica,production_kg,1994.0,180120000.0,False
India,Robusta/Arabica,production_kg,1995.0,240720000.0,False
India,Robusta/Arabica,production_kg,1996.0,205020000.0,False
India,Robusta/Arabica,production_kg,1997.0,246540000.0,False
India,Robusta/Arabica,production_kg,1998.0,265020000.0,False
India,Robusta/Arabica,production_kg,1999.0,292020000.0,False
India,Robusta/Arabica,production_kg,2000.0,301200000.0,False
India,Robusta/Arabica,production_kg,2001.0,288600000.0,False
India,Robusta/Arabica,production_kg,2002.0,275280000.0,False
India,Robusta/Arabica,production_kg,2003.0,282480000.0,False
India,Robusta/Arabica,production_kg,2004.0,275460000.0,False
India,Robusta/Arabica,production_kg,2005.0,273960000.0,False
India,Robusta/Arabica,production_kg,2006.0,270000000.0,False
India,Robusta/Arabica,production_kg,2007.0,262020000.0,False
India,Robusta/Arabica,production_kg,2008.0,244320000.0,False
India,Robusta/Arabica,production_kg,2009.0,289620000.0,False
India,Robusta/Arabica,production_kg,2010.0,336000000.0,False
India,Robusta/Arabica,production_kg,2011.0,320040000.0,False
India,Robusta/Arabica,production_kg,2012.0,324180000.0,False
India,Robusta/Arabica,production_kg,2013.0,304500000.0,False
India,Robusta/Arabica,production_kg,2014.0,327000000.0,False
India,Robusta/Arabica,production_kg,2015.0,349800000.0,False
India,Robusta/Arabica,production_kg,2016.0,369660000.0,False
India,Robusta/Arabica,production_kg,2017.0,348780000.0,False
India,Robusta/Arabica,production_kg,2018.0,319500000.0,False
India,Robusta/Arabica,production_kg,2019.0,299280000.0,False
Indonesia,Robusta/Arabica,production_kg,1990.0,446460000.0,False
Indonesia,Robusta/Arabica,production_kg,1991.0,509580000.0,False
Indonesia,Robusta/Arabica,production_kg,1992.0,334140000.0,False
Indonesia,Robusta/Arabica,production_kg,1993.0,404580000.0,False
Indonesia,Robusta/Arabica,production_kg,1994.0,322080000.0,False
Indonesia,Robusta/Arabica,production_kg,1995.0,274380000.0,False
Indonesia,Robusta/Arabica,production_kg,1996.0,493260000.0,False
Indonesia,Robusta/Arabica,production_kg,1997.0,457260000.0,False
Indonesia,Robusta/Arabica,production_kg,1998.0,437760000.0,False
Indonesia,Robusta/Arabica,production_kg,1999.0,393420000.0,False
Indonesia,Robusta/Arabica,production_kg,2000.0,419220000.0,False
Indonesia,Robusta/Arabica,production_kg,2001.0,409980000.0,False
Indonesia,Robusta/Arabica,production_kg,2002.0,403860000.0,False
Indonesia,Robusta/Arabica,production_kg,2003.0,384240000.0,False
Indonesia,Robusta/Arabica,production_kg,2004.0,452160000.0,False
Indonesia,Robusta/Arabica,production_kg,2005.0,549540000.0,False
Indonesia,Robusta/Arabica,production_kg,2006.0,448980000.0,False
Indonesia,Robusta/Arabica,production_kg,2007.0,466620000.0,False
Indonesia,Robusta/Arabica,production_kg,2008.0,576720000.0,False
Indonesia,Robusta/Arabica,production_kg,2009.0,682800000.0,False
Indonesia,Robusta/Arabica,production_kg,2010.0,547740000.0,False
Indonesia,Robusta/Arabica,production_kg,2011.0,413340000.0,False
Indonesia,Robusta/Arabica,production_kg,2012.0,784200000.0,False
Indonesia,Robusta/Arabica,production_kg,2013.0,774060000.0,False
Indonesia,Robusta/Arabica,production_kg,2014.0,656760000.0,False
Indonesia,Robusta/Arabica,production_kg,2015.0,755100000.0,False
Indonesia,Robusta/Arabica,production_kg,2016.0,692460000.0,False
Indonesia,Robusta/Arabica,production_kg,2017.0,651120000.0,False
Indonesia,Robusta/Arabica,production_kg,2018.0,577080000.0,False
Indonesia,Robusta/Arabica,production_kg,2019.0,685980000.0,False
Jamaica,Arabica,production_kg,1990.0,1380000.0,False
Jamaica,Arabica,production_kg,1991.0,2340000.0,False
Jamaica,Arabica,production_kg,1992.0,1560000.0,False
Jamaica,Arabica,production_kg,1993.0,2040000.0,False
Jamaica,Arabica,production_kg,1994.0,2700000.0,False
Jamaica,Arabica,production_kg,1995.0,2580000.0,False
Jamaica,Arabica,production_kg,1996.0,3240000.0,False
Jamaica,Arabica,production_kg,1997.0,2820000.0,False
Jamaica,Arabica,production_kg,1998.0,1740000.0,False
Jamaica,Arabica,production_kg,1999.0,2280000.0,False
Jamaica,Arabica,production_kg,2000.0,2220000.0,False
Jamaica,Arabica,production_kg,2001.0,1860000.0,False
Jamaica,Arabica,production_kg,2002.0,2220000.0,False
Jamaica,Arabica,production_kg,2003.0,2220000.0,False
Jamaica,Arabica,production_kg,2004.0,1260000.0,False
Jamaica,Arabica,production_kg,2005.0,2040000.0,False
Jamaica,Arabica,production_kg,2006.0,2400000.0,False
Jamaica,Arabica,production_kg,2007.0,1200000.0,False
Jamaica,Arabica,production_kg,2008.0,1920000.0,False
Jamaica,Arabica,production_kg,2009.0,1500000.0,False
Jamaica,Arabica,production_kg,2010.0,1260000.0,False
Jamaica,Arabica,production_kg,2011.0,1440000.0,False
Jamaica,Arabica,production_kg,2012.0,1440000.0,False
Jamaica,Arabica,production_kg,2013.0,1200000.0,False
Jamaica,Arabica,production_kg,2014.0,1260000.0,False
Jamaica,Arabica,production_kg,2015.0,1200000.0,False
Jamaica,Arabica,production_kg,2016.0,1080000.0,False
Jamaica,Arabica,production_kg,2017.0,1140000.0,False
Jamaica,Arabica,production_kg,2018.0,1080000.0,False
Jamaica,Arabica,production_kg,2019.0,1380000.0,False
Kenya,Arabica,production_kg,1990.0,89100000.0,False
Kenya,Arabica,production_kg,1991.0,90840000.0,False
Kenya,Arabica,production_kg,1992.0,78960000.0,False
Kenya,Arabica,production_kg,1993.0,79680000.0,False
Kenya,Arabica,production_kg,1994.0,99780000.0,False
Kenya,Arabica,production_kg,1995.0,99840000.0,False
Kenya,Arabica,production_kg,1996.0,74820000.0,False
Kenya,Arabica,production_kg,1997.0,52920000.0,False
Kenya,Arabica,production_kg,1998.0,70380000.0,False
Kenya,Arabica,production_kg,1999.0,90120000.0,False
Kenya,Arabica,production_kg,2000.0,60120000.0,False
Kenya,Arabica,production_kg,2001.0,59460000.0,False
Kenya,Arabica,production_kg,2002.0,56700000.0,False
Kenya,Arabica,production_kg,2003.0,40380000.0,False
Kenya,Arabica,production_kg,2004.0,44160000.0,False
Kenya,Arabica,production_kg,2005.0,39600000.0,False
Kenya,Arabica,production_kg,2006.0,49560000.0,False
Kenya,Arabica,production_kg,2007.0,39120000.0,False
Kenya,Arabica,production_kg,2008.0,32460000.0,False
Kenya,Arabica,production_kg,2009.0,37800000.0,False
Kenya,Arabica,production_kg,2010.0,38460000.0,False
Kenya,Arabica,production_kg,2011.0,45420000.0,False
Kenya,Arabica,production_kg,2012.0,52500000.0,False
Kenya,Arabica,production_kg,2013.0,50580000.0,False
Kenya,Arabica,production_kg,2014.0,46200000.0,False
Kenya,Arabica,production_kg,2015.0,47940000.0,False
Kenya,Arabica,production_kg,2016.0,47580000.0,False
Kenya,Arabica,production_kg,2017.0,47400000.0,False
Kenya,Arabica,production_kg,2018.0,55800000.0,False
Kenya,Arabica,production_kg,2019.0,50640000.0,False
Lao People's Democratic Republic,Robusta,production_kg,1990.0,0.0,False
Lao People's Democratic Republic,Robusta,production_kg,1991.0,0.0,False
Lao People's Democratic Republic,Robusta,production_kg,1992.0,0.0,False
Lao People's Democratic Republic,Robusta,production_kg,1993.0,0.0,False
Lao People's Democratic Republic,Robusta,production_kg,1994.0,0.0,False
Lao People's Democratic Republic,Robusta,production_kg,1995.0,0.0,False
Lao People's Democratic Republic,Robusta,production_kg,1996.0,0.0,False
Lao People's Democratic Republic,Robusta,production_kg,1997.0,0.0,False
Lao People's Democratic Republic,Robusta,production_kg,1998.0,10260000.0,False
Lao People's Democratic Republic,Robusta,production_kg,1999.0,14340000.0,False
Lao People's Democratic Republic,Robusta,production_kg,2000.0,12720000.0,False
Lao People's Democratic Republic,Robusta,production_kg,2001.0,15480000.0,False
Lao People's Democratic Republic,Robusta,production_kg,2002.0,24120000.0,False
Lao People's Democratic Republic,Robusta,production_kg,2003.0,21660000.0,False
Lao People's Democratic Republic,Robusta,production_kg,2004.0,22740000.0,False
Lao People's Democratic Republic,Robusta,production_kg,2005.0,16800000.0,False
Lao People's Democratic Republic,Robusta,production_kg,2006.0,23460000.0,False
Lao People's Democratic Republic,Robusta,production_kg,2007.0,23580000.0,False
Lao People's Democratic Republic,Robusta,production_kg,2008.0,24360000.0,False
Lao People's Democratic Republic,Robusta,production_kg,2009.0,26040000.0,False
Lao People's Democratic Republic,Robusta,production_kg,2010.0,32640000.0,False
Lao People's Democratic Republic,Robusta,production_kg,2011.0,30840000.0,False
Lao People's Democratic Republic,Robusta,production_kg,2012.0,32460000.0,False
Lao People's Democratic Republic,Robusta,production_kg,2013.0,32640000.0,False
Lao People's Democratic Republic,Robusta,production_kg,2014.0,33120000.0,False
Lao People's Democratic Republic,Robusta,production_kg,2015.0,32100000.0,False
Lao People's Democratic Republic,Robusta,production_kg,2016.0,30600000.0,False
Lao People's Democratic Republic,Robusta,production_kg,2017.0,31980000.0,False
Lao People's Democratic Republic,Robusta,production_kg,2018.0,38820000.0,False
Lao People's Democratic Republic,Robusta,production_kg,2019.0,37320000.0,False
Liberia,Robusta,production_kg,1990.0,180000.0,False
Liberia,Robusta,production_kg,1991.0,180000.0,False
Liberia,Robusta,production_kg,1992.0,180000.0,False
Liberia,Robusta,production_kg,1993.0,300000.0,False
Liberia,Robusta,production_kg,1994.0,300000.0,False
Liberia,Robusta,production_kg,1995.0,300000.0,False
Liberia,Robusta,production_kg,1996.0,300000.0,False
Liberia,Robusta,production_kg,1997.0,300000.0,False
Liberia,Robusta,production_kg,1998.0,1080000.0,False
Liberia,Robusta,production_kg,1999.0,720000.0,False
Liberia,Robusta,production_kg,2000.0,720000.0,False
Liberia,Robusta,production_kg,2001.0,720000.0,False
Liberia,Robusta,production_kg,2002.0,720000.0,False
Liberia,Robusta,production_kg,2003.0,300000.0,False
Liberia,Robusta,production_kg,2004.0,360000.0,False
Liberia,Robusta,production_kg,2005.0,300000.0,False
Liberia,Robusta,production_kg,2006.0,420000.0,False
Liberia,Robusta,production_kg,2007.0,420000.0,False
Liberia,Robusta,production_kg,2008.0,720000.0,False
Liberia,Robusta,production_kg,2009.0,780000.0,False
Liberia,Robusta,production_kg,2010.0,600000.0,False
Liberia,Robusta,production_kg,2011.0,600000.0,False
Liberia,Robusta,production_kg,2012.0,600000.0,False
Liberia,Robusta,production_kg,2013.0,360000.0,False
Liberia,Robusta,production_kg,2014.0,420000.0,False
Liberia,Robusta,production_kg,2015.0,600000.0,False
Liberia,Robusta,production_kg,2016.0,720000.0,False
Liberia,Robusta,production_kg,2017.0,960000.0,False
Liberia,Robusta,production_kg,2018.0,360000.0,False
Liberia,Robusta,production_kg,2019.0,360000.0,False
Madagascar,Robusta,production_kg,1990.0,58920000.0,False
Madagascar,Robusta,production_kg,1991.0,55980000.0,False
Madagascar,Robusta,production_kg,1992.0,67320000.0,False
Madagascar,Robusta,production_kg,1993.0,26520000.0,False
Madagascar,Robusta,production_kg,1994.0,38460000.0,False
Madagascar,Robusta,production_kg,1995.0,47100000.0,False
Madagascar,Robusta,production_kg,1996.0,50940000.0,False
Madagascar,Robusta,production_kg,1997.0,37440000.0,False
Madagascar,Robusta,production_kg,1998.0,59520000.0,False
Madagascar,Robusta,production_kg,1999.0,25620000.0,False
Madagascar,Robusta,production_kg,2000.0,21720000.0,False
Madagascar,Robusta,production_kg,2001.0,8820000.0,False
Madagascar,Robusta,production_kg,2002.0,26700000.0,False
Madagascar,Robusta,production_kg,2003.0,26100000.0,False
Madagascar,Robusta,production_kg,2004.0,31320000.0,False
Madagascar,Robusta,production_kg,2005.0,35940000.0,False
Madagascar,Robusta,production_kg,2006.0,35220000.0,False
Madagascar,Robusta,production_kg,2007.0,36840000.0,False
Madagascar,Robusta,production_kg,2008.0,43680000.0,False
Madagascar,Robusta,production_kg,2009.0,27420000.0,False
Madagascar,Robusta,production_kg,2010.0,31800000.0,False
Madagascar,Robusta,production_kg,2011.0,35100000.0,False
Madagascar,Robusta,production_kg,2012.0,30000000.0,False
Madagascar,Robusta,production_kg,2013.0,35040000.0,False
Madagascar,Robusta,production_kg,2014.0,30060000.0,False
Madagascar,Robusta,production_kg,2015.0,24840000.0,False
Madagascar,Robusta,production_kg,2016.0,27180000.0,False
Madagascar,Robusta,production_kg,2017.0,24240000.0,False
Madagascar,Robusta,production_kg,2018.0,22740000.0,False
Madagascar,Robusta,production_kg,2019.0,22980000.0,False
Malawi,Arabica,production_kg,1990.0,6300000.0,False
Malawi,Arabica,production_kg,1991.0,7440000.0,False
Malawi,Arabica,production_kg,1992.0,8220000.0,False
Malawi,Arabica,production_kg,1993.0,3720000.0,False
Malawi,Arabica,production_kg,1994.0,5040000.0,False
Malawi,Arabica,production_kg,1995.0,5460000.0,False
Malawi,Arabica,production_kg,1996.0,2940000.0,False
Malawi,Arabica,production_kg,1997.0,3660000.0,False
Malawi,Arabica,production_kg,1998.0,3840000.0,False
Malawi,Arabica,production_kg,1999.0,3540000.0,False
Malawi,Arabica,production_kg,2000.0,3780000.0,False
Malawi,Arabica,production_kg,2001.0,3600000.0,False
Malawi,Arabica,production_kg,2002.0,2520000.0,False
Malawi,Arabica,production_kg,2003.0,2880000.0,False
Malawi,Arabica,production_kg,2004.0,1260000.0,False
Malawi,Arabica,production_kg,2005.0,1440000.0,False
Malawi,Arabica,production_kg,2006.0,1020000.0,False
Malawi,Arabica,production_kg,2007.0,1140000.0,False
Malawi,Arabica,production_kg,2008.0,1260000.0,False
Malawi,Arabica,production_kg,2009.0,1020000.0,False
Malawi,Arabica,production_kg,2010.0,1020000.0,False
Malawi,Arabica,production_kg,2011.0,1560000.0,False
Malawi,Arabica,production_kg,2012.0,1380000.0,False
Malawi,Arabica,production_kg,2013.0,1680000.0,False
Malawi,Arabica,production_kg,2014.0,1500000.0,False
Malawi,Arabica,production_kg,2015.0,1260000.0,False
Malawi,Arabica,production_kg,2016.0,1200000.0,False
Malawi,Arabica,production_kg,2017.0,840000.0,False
Malawi,Arabica,production_kg,2018.0,780000.0,False
Malawi,Arabica,production_kg,2019.0,960000.0,False
Mexico,Arabica/Robusta,production_kg,1990.0,280440000.0,False
Mexico,Arabica/Robusta,production_kg,1991.0,283620000.0,False
Mexico,Arabica/Robusta,production_kg,1992.0,204060000.0,False
Mexico,Arabica/Robusta,production_kg,1993.0,301380000.0,False
Mexico,Arabica/Robusta,production_kg,1994.0,249540000.0,False
Mexico,Arabica/Robusta,production_kg,1995.0,318000000.0,False
Mexico,Arabica/Robusta,production_kg,1996.0,306600000.0,False
Mexico,Arabica/Robusta,production_kg,1997.0,288120000.0,False
Mexico,Arabica/Robusta,production_kg,1998.0,288060000.0,False
Mexico,Arabica/Robusta,production_kg,1999.0,373140000.0,False
Mexico,Arabica/Robusta,production_kg,2000.0,288900000.0,False
Mexico,Arabica/Robusta,production_kg,2001.0,266280000.0,False
Mexico,Arabica/Robusta,production_kg,2002.0,261060000.0,False
Mexico,Arabica/Robusta,production_kg,2003.0,252060000.0,False
Mexico,Arabica/Robusta,production_kg,2004.0,232020000.0,False
Mexico,Arabica/Robusta,production_kg,2005.0,253500000.0,False
Mexico,Arabica/Robusta,production_kg,2006.0,252000000.0,False
Mexico,Arabica/Robusta,production_kg,2007.0,249000000.0,False
Mexico,Arabica/Robusta,production_kg,2008.0,279060000.0,False
Mexico,Arabica/Robusta,production_kg,2009.0,246540000.0,False
Mexico,Arabica/Robusta,production_kg,2010.0,240060000.0,False
Mexico,Arabica/Robusta,production_kg,2011.0,273660000.0,False
Mexico,Arabica/Robusta,production_kg,2012.0,259620000.0,False
Mexico,Arabica/Robusta,production_kg,2013.0,234960000.0,False
Mexico,Arabica/Robusta,production_kg,2014.0,218160000.0,False
Mexico,Arabica/Robusta,production_kg,2015.0,166320000.0,False
Mexico,Arabica/Robusta,production_kg,2016.0,218100000.0,False
Mexico,Arabica/Robusta,production_kg,2017.0,269100000.0,False
Mexico,Arabica/Robusta,production_kg,2018.0,261060000.0,False
Mexico,Arabica/Robusta,production_kg,2019.0,239100000.0,False
Nepal,Arabica,production_kg,1990.0,0.0,False
Nepal,Arabica,production_kg,1991.0,0.0,False
Nepal,Arabica,production_kg,1992.0,0.0,False
Nepal,Arabica,production_kg,1993.0,0.0,False
Nepal,Arabica,production_kg,1994.0,0.0,False
Nepal,Arabica,production_kg,1995.0,0.0,False
Nepal,Arabica,production_kg,1996.0,0.0,False
Nepal,Arabica,production_kg,1997.0,0.0,False
Nepal,Arabica,production_kg,1998.0,0.0,False
Nepal,Arabica,production_kg,1999.0,0.0,False
Nepal,Arabica,production_kg,2000.0,0.0,False
Nepal,Arabica,production_kg,2001.0,0.0,False
Nepal,Arabica,production_kg,2002.0,0.0,False
Nepal,Arabica,production_kg,2003.0,60000.0,False
Nepal,Arabica,production_kg,2004.0,60000.0,False
Nepal,Arabica,production_kg,2005.0,60000.0,False
Nepal,Arabica,production_kg,2006.0,120000.0,False
Nepal,Arabica,production_kg,2007.0,60000.0,False
Nepal,Arabica,production_kg,2008.0,60000.0,False
Nepal,Arabica,production_kg,2009.0,60000.0,False
Nepal,Arabica,production_kg,2010.0,180000.0,False
Nepal,Arabica,production_kg,2011.0,120000.0,False
Nepal,Arabica,production_kg,2012.0,60000.0,False
Nepal,Arabica,production_kg,2013.0,60000.0,False
Nepal,Arabica,production_kg,2014.0,120000.0,False
Nepal,Arabica,production_kg,2015.0,120000.0,False
Nepal,Arabica,production_kg,2016.0,60000.0,False
Nepal,Arabica,production_kg,2017.0,120000.0,False
Nepal,Arabica,production_kg,2018.0,60000.0,False
Nepal,Arabica,production_kg,2019.0,60000.0,False
Nicaragua,Arabica,production_kg,1990.0,27660000.0,False
Nicaragua,Arabica,production_kg,1991.0,42420000.0,False
Nicaragua,Arabica,production_kg,1992.0,32820000.0,False
Nicaragua,Arabica,production_kg,1993.0,42360000.0,False
Nicaragua,Arabica,production_kg,1994.0,40980000.0,False
Nicaragua,Arabica,production_kg,1995.0,59100000.0,False
Nicaragua,Arabica,production_kg,1996.0,47580000.0,False
Nicaragua,Arabica,production_kg,1997.0,65040000.0,False
Nicaragua,Arabica,production_kg,1998.0,64380000.0,False
Nicaragua,Arabica,production_kg,1999.0,93240000.0,False
Nicaragua,Arabica,production_kg,2000.0,94320000.0,False
Nicaragua,Arabica,production_kg,2001.0,64740000.0,False
Nicaragua,Arabica,production_kg,2002.0,70200000.0,False
Nicaragua,Arabica,production_kg,2003.0,90540000.0,False
Nicaragua,Arabica,production_kg,2004.0,64080000.0,False
Nicaragua,Arabica,production_kg,2005.0,85920000.0,False
Nicaragua,Arabica,production_kg,2006.0,85680000.0,False
Nicaragua,Arabica,production_kg,2007.0,114360000.0,False
Nicaragua,Arabica,production_kg,2008.0,86700000.0,False
Nicaragua,Arabica,production_kg,2009.0,112260000.0,False
Nicaragua,Arabica,production_kg,2010.0,98280000.0,False
Nicaragua,Arabica,production_kg,2011.0,131580000.0,False
Nicaragua,Arabica,production_kg,2012.0,112380000.0,False
Nicaragua,Arabica,production_kg,2013.0,123600000.0,False
Nicaragua,Arabica,production_kg,2014.0,113880000.0,False
Nicaragua,Arabica,production_kg,2015.0,127800000.0,False
Nicaragua,Arabica,production_kg,2016.0,153300000.0,False
Nicaragua,Arabica,production_kg,2017.0,158520000.0,False
Nicaragua,Arabica,production_kg,2018.0,172740000.0,False
Nicaragua,Arabica,production_kg,2019.0,172920000.0,False
Nigeria,Robusta,production_kg,1990.0,1740000.0,False
Nigeria,Robusta,production_kg,1991.0,2640000.0,False
Nigeria,Robusta,production_kg,1992.0,2940000.0,False
Nigeria,Robusta,production_kg,1993.0,2700000.0,False
Nigeria,Robusta,production_kg,1994.0,3120000.0,False
Nigeria,Robusta,production_kg,1995.0,3180000.0,False
Nigeria,Robusta,production_kg,1996.0,2760000.0,False
Nigeria,Robusta,production_kg,1997.0,2700000.0,False
Nigeria,Robusta,production_kg,1998.0,3180000.0,False
Nigeria,Robusta,production_kg,1999.0,2700000.0,False
Nigeria,Robusta,production_kg,2000.0,2940000.0,False
Nigeria,Robusta,production_kg,2001.0,2640000.0,False
Nigeria,Robusta,production_kg,2002.0,3000000.0,False
Nigeria,Robusta,production_kg,2003.0,2760000.0,False
Nigeria,Robusta,production_kg,2004.0,2700000.0,False
Nigeria,Robusta,production_kg,2005.0,4140000.0,False
Nigeria,Robusta,production_kg,2006.0,3060000.0,False
Nigeria,Robusta,production_kg,2007.0,2520000.0,False
Nigeria,Robusta,production_kg,2008.0,3000000.0,False
Nigeria,Robusta,production_kg,2009.0,2040000.0,False
Nigeria,Robusta,production_kg,2010.0,2520000.0,False
Nigeria,Robusta,production_kg,2011.0,2820000.0,False
Nigeria,Robusta,production_kg,2012.0,2460000.0,False
Nigeria,Robusta,production_kg,2013.0,2460000.0,False
Nigeria,Robusta,production_kg,2014.0,2580000.0,False
Nigeria,Robusta,production_kg,2015.0,2460000.0,False
Nigeria,Robusta,production_kg,2016.0,2580000.0,False
Nigeria,Robusta,production_kg,2017.0,2520000.0,False
Nigeria,Robusta,production_kg,2018.0,2520000.0,False
Nigeria,Robusta,production_kg,2019.0,2520000.0,False
Panama,Arabica,production_kg,1990.0,12900000.0,False
Panama,Arabica,production_kg,1991.0,11580000.0,False
Panama,Arabica,production_kg,1992.0,11820000.0,False
Panama,Arabica,production_kg,1993.0,8520000.0,False
Panama,Arabica,production_kg,1994.0,14880000.0,False
Panama,Arabica,production_kg,1995.0,12540000.0,False
Panama,Arabica,production_kg,1996.0,12660000.0,False
Panama,Arabica,production_kg,1997.0,13020000.0,False
Panama,Arabica,production_kg,1998.0,11520000.0,False
Panama,Arabica,production_kg,1999.0,9960000.0,False
Panama,Arabica,production_kg,2000.0,10200000.0,False
Panama,Arabica,production_kg,2001.0,9600000.0,False
Panama,Arabica,production_kg,2002.0,8400000.0,False
Panama,Arabica,production_kg,2003.0,10320000.0,False
Panama,Arabica,production_kg,2004.0,5400000.0,False
Panama,Arabica,production_kg,2005.0,10560000.0,False
Panama,Arabica,production_kg,2006.0,10380000.0,False
Panama,Arabica,production_kg,2007.0,10560000.0,False
Panama,Arabica,production_kg,2008.0,8940000.0,False
Panama,Arabica,production_kg,2009.0,8280000.0,False
Panama,Arabica,production_kg,2010.0,6840000.0,False
Panama,Arabica,production_kg,2011.0,6360000.0,False
Panama,Arabica,production_kg,2012.0,6960000.0,False
Panama,Arabica,production_kg,2013.0,6780000.0,False
Panama,Arabica,production_kg,2014.0,6360000.0,False
Panama,Arabica,production_kg,2015.0,7620000.0,False
Panama,Arabica,production_kg,2016.0,7200000.0,False
Panama,Arabica,production_kg,2017.0,6300000.0,False
Panama,Arabica,production_kg,2018.0,7680000.0,False
Panama,Arabica,production_kg,2019.0,6840000.0,False
Papua New Guinea,Arabica/Robusta,production_kg,1990.0,57780000.0,False
Papua New Guinea,Arabica/Robusta,production_kg,1991.0,44820000.0,False
Papua New Guinea,Arabica/Robusta,production_kg,1992.0,54000000.0,False
Papua New Guinea,Arabica/Robusta,production_kg,1993.0,61140000.0,False
Papua New Guinea,Arabica/Robusta,production_kg,1994.0,68340000.0,False
Papua New Guinea,Arabica/Robusta,production_kg,1995.0,60120000.0,False
Papua New Guinea,Arabica/Robusta,production_kg,1996.0,65340000.0,False
Papua New Guinea,Arabica/Robusta,production_kg,1997.0,64440000.0,False
Papua New Guinea,Arabica/Robusta,production_kg,1998.0,81120000.0,False
Papua New Guinea,Arabica/Robusta,production_kg,1999.0,83220000.0,False
Papua New Guinea,Arabica/Robusta,production_kg,2000.0,62460000.0,False
Papua New Guinea,Arabica/Robusta,production_kg,2001.0,63780000.0,False
Papua New Guinea,Arabica/Robusta,production_kg,2002.0,65100000.0,False
Papua New Guinea,Arabica/Robusta,production_kg,2003.0,69300000.0,False
Papua New Guinea,Arabica/Robusta,production_kg,2004.0,59880000.0,False
Papua New Guinea,Arabica/Robusta,production_kg,2005.0,76080000.0,False
Papua New Guinea,Arabica/Robusta,production_kg,2006.0,48420000.0,False
Papua New Guinea,Arabica/Robusta,production_kg,2007.0,58080000.0,False
Papua New Guinea,Arabica/Robusta,production_kg,2008.0,61680000.0,False
Papua New Guinea,Arabica/Robusta,production_kg,2009.0,62280000.0,False
Papua New Guinea,Arabica/Robusta,production_kg,2010.0,52020000.0,False
Papua New Guinea,Arabica/Robusta,production_kg,2011.0,84840000.0,False
Papua New Guinea,Arabica/Robusta,production_kg,2012.0,42960000.0,False
Papua New Guinea,Arabica/Robusta,production_kg,2013.0,50100000.0,False
Papua New Guinea,Arabica/Robusta,production_kg,2014.0,47880000.0,False
Papua New Guinea,Arabica/Robusta,production_kg,2015.0,42720000.0,False
Papua New Guinea,Arabica/Robusta,production_kg,2016.0,70260000.0,False
Papua New Guinea,Arabica/Robusta,production_kg,2017.0,44040000.0,False
Papua New Guinea,Arabica/Robusta,production_kg,2018.0,55800000.0,False
Papua New Guinea,Arabica/Robusta,production_kg,2019.0,45120000.0,False
Paraguay,Arabica,production_kg,1990.0,7860000.0,False
Paraguay,Arabica,production_kg,1991.0,4800000.0,False
Paraguay,Arabica,production_kg,1992.0,3240000.0,False
Paraguay,Arabica,production_kg,1993.0,4020000.0,False
Paraguay,Arabica,production_kg,1994.0,1500000.0,False
Paraguay,Arabica,production_kg,1995.0,1560000.0,False
Paraguay,Arabica,production_kg,1996.0,1860000.0,False
Paraguay,Arabica,production_kg,1997.0,2940000.0,False
Paraguay,Arabica,production_kg,1998.0,1920000.0,False
Paraguay,Arabica,production_kg,1999.0,1140000.0,False
Paraguay,Arabica,production_kg,2000.0,1320000.0,False
Paraguay,Arabica,production_kg,2001.0,1320000.0,False
Paraguay,Arabica,production_kg,2002.0,2160000.0,False
Paraguay,Arabica,production_kg,2003.0,2820000.0,False
Paraguay,Arabica,production_kg,2004.0,2280000.0,False
Paraguay,Arabica,production_kg,2005.0,2640000.0,False
Paraguay,Arabica,production_kg,2006.0,2100000.0,False
Paraguay,Arabica,production_kg,2007.0,2340000.0,False
Paraguay,Arabica,production_kg,2008.0,1200000.0,False
Paraguay,Arabica,production_kg,2009.0,1200000.0,False
Paraguay,Arabica,production_kg,2010.0,1200000.0,False
Paraguay,Arabica,production_kg,2011.0,1200000.0,False
Paraguay,Arabica,production_kg,2012.0,1200000.0,False
Paraguay,Arabica,production_kg,2013.0,1200000.0,False
Paraguay,Arabica,production_kg,2014.0,1200000.0,False
Paraguay,Arabica,production_kg,2015.0,1200000.0,False
Paraguay,Arabica,production_kg,2016.0,1200000.0,False
Paraguay,Arabica,production_kg,2017.0,1200000.0,False
Paraguay,Arabica,production_kg,2018.0,1200000.0,False
Paraguay,Arabica,production_kg,2019.0,1200000.0,False
Peru,Arabica,production_kg,1990.0,56220000.0,False
Peru,Arabica,production_kg,1991.0,72000000.0,False
Peru,Arabica,production_kg,1992.0,105720000.0,False
Peru,Arabica,production_kg,1993.0,39900000.0,False
Peru,Arabica,production_kg,1994.0,70740000.0,False
Peru,Arabica,production_kg,1995.0,112260000.0,False
Peru,Arabica,production_kg,1996.0,108360000.0,False
Peru,Arabica,production_kg,1997.0,115800000.0,False
Peru,Arabica,production_kg,1998.0,126120000.0,False
Peru,Arabica,production_kg,1999.0,164640000.0,False
Peru,Arabica,production_kg,2000.0,160560000.0,False
Peru,Arabica,production_kg,2001.0,169740000.0,False
Peru,Arabica,production_kg,2002.0,180000000.0,False
Peru,Arabica,production_kg,2003.0,161160000.0,False
Peru,Arabica,production_kg,2004.0,205500000.0,False
Peru,Arabica,production_kg,2005.0,149340000.0,False
Peru,Arabica,production_kg,2006.0,259140000.0,False
Peru,Arabica,production_kg,2007.0,183780000.0,False
Peru,Arabica,production_kg,2008.0,232320000.0,False
Peru,Arabica,production_kg,2009.0,197160000.0,False
Peru,Arabica,production_kg,2010.0,244140000.0,False
Peru,Arabica,production_kg,2011.0,322380000.0,False
Peru,Arabica,production_kg,2012.0,267000000.0,False
Peru,Arabica,production_kg,2013.0,246360000.0,False
Peru,Arabica,production_kg,2014.0,172980000.0,False
Peru,Arabica,production_kg,2015.0,198240000.0,False
Peru,Arabica,production_kg,2016.0,253380000.0,False
Peru,Arabica,production_kg,2017.0,256740000.0,False
Peru,Arabica,production_kg,2018.0,255780000.0,False
Peru,Arabica,production_kg,2019.0,230160000.0,False
Philippines,Robusta/Arabica,production_kg,1990.0,58440000.0,False
Philippines,Robusta/Arabica,production_kg,1991.0,61080000.0,False
Philippines,Robusta/Arabica,production_kg,1992.0,55200000.0,False
Philippines,Robusta/Arabica,production_kg,1993.0,52500000.0,False
Philippines,Robusta/Arabica,production_kg,1994.0,52620000.0,False
Philippines,Robusta/Arabica,production_kg,1995.0,51000000.0,False
Philippines,Robusta/Arabica,production_kg,1996.0,53400000.0,False
Philippines,Robusta/Arabica,production_kg,1997.0,56100000.0,False
Philippines,Robusta/Arabica,production_kg,1998.0,40620000.0,False
Philippines,Robusta/Arabica,production_kg,1999.0,37320000.0,False
Philippines,Robusta/Arabica,production_kg,2000.0,20460000.0,False
Philippines,Robusta/Arabica,production_kg,2001.0,15780000.0,False
Philippines,Robusta/Arabica,production_kg,2002.0,15300000.0,False
Philippines,Robusta/Arabica,production_kg,2003.0,17580000.0,False
Philippines,Robusta/Arabica,production_kg,2004.0,21300000.0,False
Philippines,Robusta/Arabica,production_kg,2005.0,25920000.0,False
Philippines,Robusta/Arabica,production_kg,2006.0,26460000.0,False
Philippines,Robusta/Arabica,production_kg,2007.0,26760000.0,False
Philippines,Robusta/Arabica,production_kg,2008.0,35220000.0,False
Philippines,Robusta/Arabica,production_kg,2009.0,43800000.0,False
Philippines,Robusta/Arabica,production_kg,2010.0,11340000.0,False
Philippines,Robusta/Arabica,production_kg,2011.0,10800000.0,False
Philippines,Robusta/Arabica,production_kg,2012.0,10620000.0,False
Philippines,Robusta/Arabica,production_kg,2013.0,11160000.0,False
Philippines,Robusta/Arabica,production_kg,2014.0,11580000.0,False
Philippines,Robusta/Arabica,production_kg,2015.0,12480000.0,False
Philippines,Robusta/Arabica,production_kg,2016.0,12900000.0,False
Philippines,Robusta/Arabica,production_kg,2017.0,12180000.0,False
Philippines,Robusta/Arabica,production_kg,2018.0,12360000.0,False
Philippines,Robusta/Arabica,production_kg,2019.0,18420000.0,False
Rwanda,Arabica,production_kg,1990.0,32100000.0,False
Rwanda,Arabica,production_kg,1991.0,29040000.0,False
Rwanda,Arabica,production_kg,1992.0,38340000.0,False
Rwanda,Arabica,production_kg,1993.0,26640000.0,False
Rwanda,Arabica,production_kg,1994.0,1320000.0,False
Rwanda,Arabica,production_kg,1995.0,19740000.0,False
Rwanda,Arabica,production_kg,1996.0,17580000.0,False
Rwanda,Arabica,production_kg,1997.0,11580000.0,False
Rwanda,Arabica,production_kg,1998.0,13380000.0,False
Rwanda,Arabica,production_kg,1999.0,18420000.0,False
Rwanda,Arabica,production_kg,2000.0,16380000.0,False
Rwanda,Arabica,production_kg,2001.0,17760000.0,False
Rwanda,Arabica,production_kg,2002.0,19200000.0,False
Rwanda,Arabica,production_kg,2003.0,15960000.0,False
Rwanda,Arabica,production_kg,2004.0,27000000.0,False
Rwanda,Arabica,production_kg,2005.0,20220000.0,False
Rwanda,Arabica,production_kg,2006.0,21060000.0,False
Rwanda,Arabica,production_kg,2007.0,13440000.0,False
Rwanda,Arabica,production_kg,2008.0,22140000.0,False
Rwanda,Arabica,production_kg,2009.0,15540000.0,False
Rwanda,Arabica,production_kg,2010.0,19380000.0,False
Rwanda,Arabica,production_kg,2011.0,15060000.0,False
Rwanda,Arabica,production_kg,2012.0,15540000.0,False
Rwanda,Arabica,production_kg,2013.0,15480000.0,False
Rwanda,Arabica,production_kg,2014.0,14280000.0,False
Rwanda,Arabica,production_kg,2015.0,17580000.0,False
Rwanda,Arabica,production_kg,2016.0,13860000.0,False
Rwanda,Arabica,production_kg,2017.0,15840000.0,False
Rwanda,Arabica,production_kg,2018.0,22800000.0,False
Rwanda,Arabica,production_kg,2019.0,20880000.0,False
Sierra Leone,Robusta,production_kg,1990.0,2580000.0,False
Sierra Leone,Robusta,production_kg,1991.0,3240000.0,False
Sierra Leone,Robusta,production_kg,1992.0,2340000.0,False
Sierra Leone,Robusta,production_kg,1993.0,2220000.0,False
Sierra Leone,Robusta,production_kg,1994.0,4380000.0,False
Sierra Leone,Robusta,production_kg,1995.0,2640000.0,False
Sierra Leone,Robusta,production_kg,1996.0,2460000.0,False
Sierra Leone,Robusta,production_kg,1997.0,3000000.0,False
Sierra Leone,Robusta,production_kg,1998.0,1620000.0,False
Sierra Leone,Robusta,production_kg,1999.0,3540000.0,False
Sierra Leone,Robusta,production_kg,2000.0,2940000.0,False
Sierra Leone,Robusta,production_kg,2001.0,4740000.0,False
Sierra Leone,Robusta,production_kg,2002.0,2520000.0,False
Sierra Leone,Robusta,production_kg,2003.0,2160000.0,False
Sierra Leone,Robusta,production_kg,2004.0,900000.0,False
Sierra Leone,Robusta,production_kg,2005.0,3600000.0,False
Sierra Leone,Robusta,production_kg,2006.0,1860000.0,False
Sierra Leone,Robusta,production_kg,2007.0,2400000.0,False
Sierra Leone,Robusta,production_kg,2008.0,5160000.0,False
Sierra Leone,Robusta,production_kg,2009.0,5460000.0,False
Sierra Leone,Robusta,production_kg,2010.0,1980000.0,False
Sierra Leone,Robusta,production_kg,2011.0,4680000.0,False
Sierra Leone,Robusta,production_kg,2012.0,3660000.0,False
Sierra Leone,Robusta,production_kg,2013.0,1920000.0,False
Sierra Leone,Robusta,production_kg,2014.0,2760000.0,False
Sierra Leone,Robusta,production_kg,2015.0,2760000.0,False
Sierra Leone,Robusta,production_kg,2016.0,2280000.0,False
Sierra Leone,Robusta,production_kg,2017.0,2280000.0,False
Sierra Leone,Robusta,production_kg,2018.0,2700000.0,False
Sierra Leone,Robusta,production_kg,2019.0,2400000.0,False
Sri Lanka,Robusta/Arabica,production_kg,1990.0,5760000.0,False
Sri Lanka,Robusta/Arabica,production_kg,1991.0,4920000.0,False
Sri Lanka,Robusta/Arabica,production_kg,1992.0,3180000.0,False
Sri Lanka,Robusta/Arabica,production_kg,1993.0,3240000.0,False
Sri Lanka,Robusta/Arabica,production_kg,1994.0,2520000.0,False
Sri Lanka,Robusta/Arabica,production_kg,1995.0,2160000.0,False
Sri Lanka,Robusta/Arabica,production_kg,1996.0,2220000.0,False
Sri Lanka,Robusta/Arabica,production_kg,1997.0,3480000.0,False
Sri Lanka,Robusta/Arabica,production_kg,1998.0,2760000.0,False
Sri Lanka,Robusta/Arabica,production_kg,1999.0,1920000.0,False
Sri Lanka,Robusta/Arabica,production_kg,2000.0,1980000.0,False
Sri Lanka,Robusta/Arabica,production_kg,2001.0,1920000.0,False
Sri Lanka,Robusta/Arabica,production_kg,2002.0,2040000.0,False
Sri Lanka,Robusta/Arabica,production_kg,2003.0,2220000.0,False
Sri Lanka,Robusta/Arabica,production_kg,2004.0,1920000.0,False
Sri Lanka,Robusta/Arabica,production_kg,2005.0,2100000.0,False
Sri Lanka,Robusta/Arabica,production_kg,2006.0,1980000.0,False
Sri Lanka,Robusta/Arabica,production_kg,2007.0,1980000.0,False
Sri Lanka,Robusta/Arabica,production_kg,2008.0,1860000.0,False
Sri Lanka,Robusta/Arabica,production_kg,2009.0,1920000.0,False
Sri Lanka,Robusta/Arabica,production_kg,2010.0,2220000.0,False
Sri Lanka,Robusta/Arabica,production_kg,2011.0,2160000.0,False
Sri Lanka,Robusta/Arabica,production_kg,2012.0,2100000.0,False
Sri Lanka,Robusta/Arabica,production_kg,2013.0,2220000.0,False
Sri Lanka,Robusta/Arabica,production_kg,2014.0,2160000.0,False
Sri Lanka,Robusta/Arabica,production_kg,2015.0,2160000.0,False
Sri Lanka,Robusta/Arabica,production_kg,2016.0,2220000.0,False
Sri Lanka,Robusta/Arabica,production_kg,2017.0,2220000.0,False
Sri Lanka,Robusta/Arabica,production_kg,2018.0,2160000.0,False
Sri Lanka,Robusta/Arabica,production_kg,2019.0,2160000.0,False
Tanzania,Arabica/Robusta,production_kg,1990.0,55920000.0,False
Tanzania,Arabica/Robusta,production_kg,1991.0,47400000.0,False
Tanzania,Arabica/Robusta,production_kg,1992.0,47160000.0,False
Tanzania,Arabica/Robusta,production_kg,1993.0,44040000.0,False
Tanzania,Arabica/Robusta,production_kg,1994.0,40740000.0,False
Tanzania,Arabica/Robusta,production_kg,1995.0,53820000.0,False
Tanzania,Arabica/Robusta,production_kg,1996.0,45840000.0,False
Tanzania,Arabica/Robusta,production_kg,1997.0,37440000.0,False
Tanzania,Arabica/Robusta,production_kg,1998.0,44340000.0,False
Tanzania,Arabica/Robusta,production_kg,1999.0,50520000.0,False
Tanzania,Arabica/Robusta,production_kg,2000.0,48540000.0,False
Tanzania,Arabica/Robusta,production_kg,2001.0,37440000.0,False
Tanzania,Arabica/Robusta,production_kg,2002.0,49440000.0,False
Tanzania,Arabica/Robusta,production_kg,2003.0,36720000.0,False
Tanzania,Arabica/Robusta,production_kg,2004.0,45780000.0,False
Tanzania,Arabica/Robusta,production_kg,2005.0,48240000.0,False
Tanzania,Arabica/Robusta,production_kg,2006.0,49320000.0,False
Tanzania,Arabica/Robusta,production_kg,2007.0,48600000.0,False
Tanzania,Arabica/Robusta,production_kg,2008.0,71160000.0,False
Tanzania,Arabica/Robusta,production_kg,2009.0,40500000.0,False
Tanzania,Arabica/Robusta,production_kg,2010.0,50760000.0,False
Tanzania,Arabica/Robusta,production_kg,2011.0,38460000.0,False
Tanzania,Arabica/Robusta,production_kg,2012.0,69060000.0,False
Tanzania,Arabica/Robusta,production_kg,2013.0,48660000.0,False
Tanzania,Arabica/Robusta,production_kg,2014.0,45180000.0,False
Tanzania,Arabica/Robusta,production_kg,2015.0,55800000.0,False
Tanzania,Arabica/Robusta,production_kg,2016.0,50760000.0,False
Tanzania,Arabica/Robusta,production_kg,2017.0,46980000.0,False
Tanzania,Arabica/Robusta,production_kg,2018.0,70500000.0,False
Tanzania,Arabica/Robusta,production_kg,2019.0,55560000.0,False
Thailand,Robusta/Arabica,production_kg,1990.0,45420000.0,False
Thailand,Robusta/Arabica,production_kg,1991.0,88140000.0,False
Thailand,Robusta/Arabica,production_kg,1992.0,75300000.0,False
Thailand,Robusta/Arabica,production_kg,1993.0,76500000.0,False
Thailand,Robusta/Arabica,production_kg,1994.0,83940000.0,False
Thailand,Robusta/Arabica,production_kg,1995.0,79020000.0,False
Thailand,Robusta/Arabica,production_kg,1996.0,84240000.0,False
Thailand,Robusta/Arabica,production_kg,1997.0,77580000.0,False
Thailand,Robusta/Arabica,production_kg,1998.0,54960000.0,False
Thailand,Robusta/Arabica,production_kg,1999.0,76380000.0,False
Thailand,Robusta/Arabica,production_kg,2000.0,101520000.0,False
Thailand,Robusta/Arabica,production_kg,2001.0,42840000.0,False
Thailand,Robusta/Arabica,production_kg,2002.0,43920000.0,False
Thailand,Robusta/Arabica,production_kg,2003.0,49620000.0,False
Thailand,Robusta/Arabica,production_kg,2004.0,53040000.0,False
Thailand,Robusta/Arabica,production_kg,2005.0,63840000.0,False
Thailand,Robusta/Arabica,production_kg,2006.0,49320000.0,False
Thailand,Robusta/Arabica,production_kg,2007.0,39000000.0,False
Thailand,Robusta/Arabica,production_kg,2008.0,40500000.0,False
Thailand,Robusta/Arabica,production_kg,2009.0,47700000.0,False
Thailand,Robusta/Arabica,production_kg,2010.0,49680000.0,False
Thailand,Robusta/Arabica,production_kg,2011.0,49860000.0,False
Thailand,Robusta/Arabica,production_kg,2012.0,36480000.0,False
Thailand,Robusta/Arabica,production_kg,2013.0,38280000.0,False
Thailand,Robusta/Arabica,production_kg,2014.0,50700000.0,False
Thailand,Robusta/Arabica,production_kg,2015.0,45720000.0,False
Thailand,Robusta/Arabica,production_kg,2016.0,32280000.0,False
Thailand,Robusta/Arabica,production_kg,2017.0,38280000.0,False
Thailand,Robusta/Arabica,production_kg,2018.0,28920000.0,False
Thailand,Robusta/Arabica,production_kg,2019.0,31020000.0,False
Timor-Leste,Arabica,production_kg,1990.0,0.0,False
Timor-Leste,Arabica,production_kg,1991.0,0.0,False
Timor-Leste,Arabica,production_kg,1992.0,0.0,False
Timor-Leste,Arabica,production_kg,1993.0,0.0,False
Timor-Leste,Arabica,production_kg,1994.0,0.0,False
Timor-Leste,Arabica,production_kg,1995.0,0.0,False
Timor-Leste,Arabica,production_kg,1996.0,0.0,False
Timor-Leste,Arabica,production_kg,1997.0,0.0,False
Timor-Leste,Arabica,production_kg,1998.0,0.0,False
Timor-Leste,Arabica,production_kg,1999.0,0.0,False
Timor-Leste,Arabica,production_kg,2000.0,420000.0,False
Timor-Leste,Arabica,production_kg,2001.0,1980000.0,False
Timor-Leste,Arabica,production_kg,2002.0,2220000.0,False
Timor-Leste,Arabica,production_kg,2003.0,2520000.0,False
Timor-Leste,Arabica,production_kg,2004.0,1020000.0,False
Timor-Leste,Arabica,production_kg,2005.0,1440000.0,False
Timor-Leste,Arabica,production_kg,2006.0,2760000.0,False
Timor-Leste,Arabica,production_kg,2007.0,2160000.0,False
Timor-Leste,Arabica,production_kg,2008.0,2880000.0,False
Timor-Leste,Arabica,production_kg,2009.0,2820000.0,False
Timor-Leste,Arabica,production_kg,2010.0,3600000.0,False
Timor-Leste,Arabica,production_kg,2011.0,2820000.0,False
Timor-Leste,Arabica,production_kg,2012.0,3660000.0,False
Timor-Leste,Arabica,production_kg,2013.0,4800000.0,False
Timor-Leste,Arabica,production_kg,2014.0,6660000.0,False
Timor-Leste,Arabica,production_kg,2015.0,3540000.0,False
Timor-Leste,Arabica,production_kg,2016.0,4920000.0,False
Timor-Leste,Arabica,production_kg,2017.0,3900000.0,False
Timor-Leste,Arabica,production_kg,2018.0,8340000.0,False
Timor-Leste,Arabica,production_kg,2019.0,6180000.0,False
Togo,Robusta,production_kg,1990.0,9660000.0,False
Togo,Robusta,production_kg,1991.0,25980000.0,False
Togo,Robusta,production_kg,1992.0,5160000.0,False
Togo,Robusta,production_kg,1993.0,11700000.0,False
Togo,Robusta,production_kg,1994.0,10560000.0,False
Togo,Robusta,production_kg,1995.0,5040000.0,False
Togo,Robusta,production_kg,1996.0,17460000.0,False
Togo,Robusta,production_kg,1997.0,13260000.0,False
Togo,Robusta,production_kg,1998.0,19260000.0,False
Togo,Robusta,production_kg,1999.0,15780000.0,False
Togo,Robusta,production_kg,2000.0,11820000.0,False
Togo,Robusta,production_kg,2001.0,6720000.0,False
Togo,Robusta,production_kg,2002.0,4080000.0,False
Togo,Robusta,production_kg,2003.0,8640000.0,False
Togo,Robusta,production_kg,2004.0,9960000.0,False
Togo,Robusta,production_kg,2005.0,8400000.0,False
Togo,Robusta,production_kg,2006.0,8040000.0,False
Togo,Robusta,production_kg,2007.0,7500000.0,False
Togo,Robusta,production_kg,2008.0,8280000.0,False
Togo,Robusta,production_kg,2009.0,12120000.0,False
Togo,Robusta,production_kg,2010.0,9600000.0,False
Togo,Robusta,production_kg,2011.0,9600000.0,False
Togo,Robusta,production_kg,2012.0,5040000.0,False
Togo,Robusta,production_kg,2013.0,10320000.0,False
Togo,Robusta,production_kg,2014.0,8580000.0,False
Togo,Robusta,production_kg,2015.0,4860000.0,False
Togo,Robusta,production_kg,2016.0,1380000.0,False
Togo,Robusta,production_kg,2017.0,6900000.0,False
Togo,Robusta,production_kg,2018.0,3240000.0,False
Togo,Robusta,production_kg,2019.0,2460000.0,False
Trinidad & Tobago,Robusta,production_kg,1990.0,900000.0,False
Trinidad & Tobago,Robusta,production_kg,1991.0,1080000.0,False
Trinidad & Tobago,Robusta,production_kg,1992.0,840000.0,False
Trinidad & Tobago,Robusta,production_kg,1993.0,960000.0,False
Trinidad & Tobago,Robusta,production_kg,1994.0,1080000.0,False
Trinidad & Tobago,Robusta,production_kg,1995.0,1080000.0,False
Trinidad & Tobago,Robusta,production_kg,1996.0,1080000.0,False
Trinidad & Tobago,Robusta,production_kg,1997.0,1140000.0,False
Trinidad & Tobago,Robusta,production_kg,1998.0,1020000.0,False
Trinidad & Tobago,Robusta,production_kg,1999.0,1020000.0,False
Trinidad & Tobago,Robusta,production_kg,2000.0,960000.0,False
Trinidad & Tobago,Robusta,production_kg,2001.0,960000.0,False
Trinidad & Tobago,Robusta,production_kg,2002.0,1020000.0,False
Trinidad & Tobago,Robusta,production_kg,2003.0,960000.0,False
Trinidad & Tobago,Robusta,production_kg,2004.0,900000.0,False
Trinidad & Tobago,Robusta,production_kg,2005.0,900000.0,False
Trinidad & Tobago,Robusta,production_kg,2006.0,720000.0,False
Trinidad & Tobago,Robusta,production_kg,2007.0,720000.0,False
Trinidad & Tobago,Robusta,production_kg,2008.0,660000.0,False
Trinidad & Tobago,Robusta,production_kg,2009.0,660000.0,False
Trinidad & Tobago,Robusta,production_kg,2010.0,600000.0,False
Trinidad & Tobago,Robusta,production_kg,2011.0,660000.0,False
Trinidad & Tobago,Robusta,production_kg,2012.0,720000.0,False
Trinidad & Tobago,Robusta,production_kg,2013.0,720000.0,False
Trinidad & Tobago,Robusta,production_kg,2014.0,720000.0,False
Trinidad & Tobago,Robusta,production_kg,2015.0,720000.0,False
Trinidad & Tobago,Robusta,production_kg,2016.0,720000.0,False
Trinidad & Tobago,Robusta,production_kg,2017.0,720000.0,False
Trinidad & Tobago,Robusta,production_kg,2018.0,780000.0,False
Trinidad & Tobago,Robusta,production_kg,2019.0,720000.0,False
Uganda,Robusta/Arabica,production_kg,1990.0,117300000.0,False
Uganda,Robusta/Arabica,production_kg,1991.0,125280000.0,False
Uganda,Robusta/Arabica,production_kg,1992.0,131100000.0,False
Uganda,Robusta/Arabica,production_kg,1993.0,188520000.0,False
Uganda,Robusta/Arabica,production_kg,1994.0,143580000.0,False
Uganda,Robusta/Arabica,production_kg,1995.0,194640000.0,False
Uganda,Robusta/Arabica,production_kg,1996.0,205140000.0,False
Uganda,Robusta/Arabica,production_kg,1997.0,206400000.0,False
Uganda,Robusta/Arabica,production_kg,1998.0,203160000.0,False
Uganda,Robusta/Arabica,production_kg,1999.0,171720000.0,False
Uganda,Robusta/Arabica,production_kg,2000.0,204060000.0,False
Uganda,Robusta/Arabica,production_kg,2001.0,189480000.0,False
Uganda,Robusta/Arabica,production_kg,2002.0,173400000.0,False
Uganda,Robusta/Arabica,production_kg,2003.0,155940000.0,False
Uganda,Robusta/Arabica,production_kg,2004.0,156780000.0,False
Uganda,Robusta/Arabica,production_kg,2005.0,130500000.0,False
Uganda,Robusta/Arabica,production_kg,2006.0,173640000.0,False
Uganda,Robusta/Arabica,production_kg,2007.0,209400000.0,False
Uganda,Robusta/Arabica,production_kg,2008.0,200100000.0,False
Uganda,Robusta/Arabica,production_kg,2009.0,173640000.0,False
Uganda,Robusta/Arabica,production_kg,2010.0,196020000.0,False
Uganda,Robusta/Arabica,production_kg,2011.0,186900000.0,False
Uganda,Robusta/Arabica,production_kg,2012.0,234840000.0,False
Uganda,Robusta/Arabica,production_kg,2013.0,217980000.0,False
Uganda,Robusta/Arabica,production_kg,2014.0,224640000.0,False
Uganda,Robusta/Arabica,production_kg,2015.0,219000000.0,False
Uganda,Robusta/Arabica,production_kg,2016.0,297720000.0,False
Uganda,Robusta/Arabica,production_kg,2017.0,275820000.0,False
Uganda,Robusta/Arabica,production_kg,2018.0,282240000.0,False
Uganda,Robusta/Arabica,production_kg,2019.0,330540000.0,False
Venezuela,Arabica,production_kg,1990.0,67320000.0,False
Venezuela,Arabica,production_kg,1991.0,56460000.0,False
Venezuela,Arabica,production_kg,1992.0,72900000.0,False
Venezuela,Arabica,production_kg,1993.0,79980000.0,False
Venezuela,Arabica,production_kg,1994.0,59340000.0,False
Venezuela,Arabica,production_kg,1995.0,88020000.0,False
Venezuela,Arabica,production_kg,1996.0,72360000.0,False
Venezuela,Arabica,production_kg,1997.0,57060000.0,False
Venezuela,Arabica,production_kg,1998.0,95820000.0,False
Venezuela,Arabica,production_kg,1999.0,82020000.0,False
Venezuela,Arabica,production_kg,2000.0,87000000.0,False
Venezuela,Arabica,production_kg,2001.0,75900000.0,False
Venezuela,Arabica,production_kg,2002.0,89040000.0,False
Venezuela,Arabica,production_kg,2003.0,85260000.0,False
Venezuela,Arabica,production_kg,2004.0,79620000.0,False
Venezuela,Arabica,production_kg,2005.0,90360000.0,False
Venezuela,Arabica,production_kg,2006.0,94260000.0,False
Venezuela,Arabica,production_kg,2007.0,91200000.0,False
Venezuela,Arabica,production_kg,2008.0,55920000.0,False
Venezuela,Arabica,production_kg,2009.0,72840000.0,False
Venezuela,Arabica,production_kg,2010.0,72120000.0,False
Venezuela,Arabica,production_kg,2011.0,54120000.0,False
Venezuela,Arabica,production_kg,2012.0,57120000.0,False
Venezuela,Arabica,production_kg,2013.0,48240000.0,False
Venezuela,Arabica,production_kg,2014.0,39000000.0,False
Venezuela,Arabica,production_kg,2015.0,30000000.0,False
Venezuela,Arabica,production_kg,2016.0,31500000.0,False
Venezuela,Arabica,production_kg,2017.0,34320000.0,False
Venezuela,Arabica,production_kg,2018.0,34680000.0,False
Venezuela,Arabica,production_kg,2019.0,39000000.0,False
Viet Nam,Robusta/Arabica,production_kg,1990.0,78600000.0,False
Viet Nam,Robusta/Arabica,production_kg,1991.0,86280000.0,False
Viet Nam,Robusta/Arabica,production_kg,1992.0,140400000.0,False
Viet Nam,Robusta/Arabica,production_kg,1993.0,181200000.0,False
Viet Nam,Robusta/Arabica,production_kg,1994.0,217920000.0,False
Viet Nam,Robusta/Arabica,production_kg,1995.0,238200000.0,False
Viet Nam,Robusta/Arabica,production_kg,1996.0,345120000.0,False
Viet Nam,Robusta/Arabica,production_kg,1997.0,418740000.0,False
Viet Nam,Robusta/Arabica,production_kg,1998.0,423120000.0,False
Viet Nam,Robusta/Arabica,production_kg,1999.0,697860000.0,False
Viet Nam,Robusta/Arabica,production_kg,2000.0,890460000.0,False
Viet Nam,Robusta/Arabica,production_kg,2001.0,785580000.0,False
Viet Nam,Robusta/Arabica,production_kg,2002.0,694440000.0,False
Viet Nam,Robusta/Arabica,production_kg,2003.0,920220000.0,False
Viet Nam,Robusta/Arabica,production_kg,2004.0,862200000.0,False
Viet Nam,Robusta/Arabica,production_kg,2005.0,830520000.0,False
Viet Nam,Robusta/Arabica,production_kg,2006.0,1160400000.0,False
Viet Nam,Robusta/Arabica,production_kg,2007.0,984300000.0,False
Viet Nam,Robusta/Arabica,production_kg,2008.0,1106280000.0,False
Viet Nam,Robusta/Arabica,production_kg,2009.0,1069500000.0,False
Viet Nam,Robusta/Arabica,production_kg,2010.0,1200000000.0,False
Viet Nam,Robusta/Arabica,production_kg,2011.0,1590000000.0,False
Viet Nam,Robusta/Arabica,production_kg,2012.0,1404120000.0,False
Viet Nam,Robusta/Arabica,production_kg,2013.0,1656600000.0,False
Viet Nam,Robusta/Arabica,production_kg,2014.0,1634460000.0,False
Viet Nam,Robusta/Arabica,production_kg,2015.0,1865400000.0,False
Viet Nam,Robusta/Arabica,production_kg,2016.0,1669140000.0,False
Viet Nam,Robusta/Arabica,production_kg,2017.0,2005920000.0,False
Viet Nam,Robusta/Arabica,production_kg,2018.0,1816980000.0,False
Viet Nam,Robusta/Arabica,production_kg,2019.0,1829220000.0,False
Yemen,Arabica,production_kg,1990.0,0.0,False
Yemen,Arabica,production_kg,1991.0,0.0,False
Yemen,Arabica,production_kg,1992.0,0.0,False
Yemen,Arabica,production_kg,1993.0,0.0,False
Yemen,Arabica,production_kg,1994.0,0.0,False
Yemen,Arabica,production_kg,1995.0,0.0,False
Yemen,Arabica,production_kg,1996.0,0.0,False
Yemen,Arabica,production_kg,1997.0,0.0,False
Yemen,Arabica,production_kg,1998.0,4140000.0,False
Yemen,Arabica,production_kg,1999.0,3660000.0,False
Yemen,Arabica,production_kg,2000.0,3840000.0,False
Yemen,Arabica,production_kg,2001.0,3720000.0,False
Yemen,Arabica,production_kg,2002.0,3420000.0,False
Yemen,Arabica,production_kg,2003.0,11580000.0,False
Yemen,Arabica,production_kg,2004.0,12360000.0,False
Yemen,Arabica,production_kg,2005.0,12180000.0,False
Yemen,Arabica,production_kg,2006.0,12420000.0,False
Yemen,Arabica,production_kg,2007.0,11880000.0,False
Yemen,Arabica,production_kg,2008.0,13200000.0,False
Yemen,Arabica,production_kg,2009.0,8100000.0,False
Yemen,Arabica,production_kg,2010.0,9660000.0,False
Yemen,Arabica,production_kg,2011.0,11100000.0,False
Yemen,Arabica,production_kg,2012.0,11280000.0,False
Yemen,Arabica,production_kg,2013.0,11220000.0,False
Yemen,Arabica,production_kg,2014.0,10680000.0,False
Yemen,Arabica,production_kg,2015.0,9360000.0,False
Yemen,Arabica,production_kg,2016.0,8580000.0,False
Yemen,Arabica,production_kg,2017.0,7920000.0,False
Yemen,Arabica,production_kg,2018.0,5160000.0,False
Yemen,Arabica,production_kg,2019.0,5460000.0,False
Zambia,Arabica,production_kg,1990.0,1380000.0,False
Zambia,Arabica,production_kg,1991.0,1740000.0,False
Zambia,Arabica,production_kg,1992.0,1740000.0,False
Zambia,Arabica,production_kg,1993.0,1620000.0,False
Zambia,Arabica,production_kg,1994.0,1260000.0,False
Zambia,Arabica,production_kg,1995.0,1560000.0,False
Zambia,Arabica,production_kg,1996.0,1980000.0,False
Zambia,Arabica,production_kg,1997.0,2280000.0,False
Zambia,Arabica,production_kg,1998.0,3720000.0,False
Zambia,Arabica,production_kg,1999.0,3540000.0,False
Zambia,Arabica,production_kg,2000.0,5580000.0,False
Zambia,Arabica,production_kg,2001.0,6000000.0,False
Zambia,Arabica,production_kg,2002.0,7140000.0,False
Zambia,Arabica,production_kg,2003.0,6000000.0,False
Zambia,Arabica,production_kg,2004.0,6600000.0,False
Zambia,Arabica,production_kg,2005.0,6180000.0,False
Zambia,Arabica,production_kg,2006.0,3360000.0,False
Zambia,Arabica,production_kg,2007.0,3660000.0,False
Zambia,Arabica,production_kg,2008.0,2100000.0,False
Zambia,Arabica,production_kg,2009.0,1680000.0,False
Zambia,Arabica,production_kg,2010.0,780000.0,False
Zambia,Arabica,production_kg,2011.0,660000.0,False
Zambia,Arabica,production_kg,2012.0,300000.0,False
Zambia,Arabica,production_kg,2013.0,660000.0,False
Zambia,Arabica,production_kg,2014.0,180000.0,False
Zambia,Arabica,production_kg,2015.0,240000.0,False
Zambia,Arabica,production_kg,2016.0,780000.0,False
Zambia,Arabica,production_kg,2017.0,1140000.0,False
Zambia,Arabica,production_kg,2018.0,2040000.0,False
Zambia,Arabica,production_kg,2019.0,900000.0,False
Zimbabwe,Arabica,production_kg,1990.0,15120000.0,False
Zimbabwe,Arabica,production_kg,1991.0,12060000.0,False
Zimbabwe,Arabica,production_kg,1992.0,4680000.0,False
Zimbabwe,Arabica,production_kg,1993.0,720000.0,False
Zimbabwe,Arabica,production_kg,1994.0,6360000.0,False
Zimbabwe,Arabica,production_kg,1995.0,7860000.0,False
Zimbabwe,Arabica,production_kg,1996.0,10440000.0,False
Zimbabwe,Arabica,production_kg,1997.0,7800000.0,False
Zimbabwe,Arabica,production_kg,1998.0,8940000.0,False
Zimbabwe,Arabica,production_kg,1999.0,7500000.0,False
Zimbabwe,Arabica,production_kg,2000.0,6540000.0,False
Zimbabwe,Arabica,production_kg,2001.0,7260000.0,False
Zimbabwe,Arabica,production_kg,2002.0,6600000.0,False
Zimbabwe,Arabica,production_kg,2003.0,5520000.0,False
Zimbabwe,Arabica,production_kg,2004.0,7200000.0,False
Zimbabwe,Arabica,production_kg,2005.0,3960000.0,False
Zimbabwe,Arabica,production_kg,2006.0,2700000.0,False
Zimbabwe,Arabica,production_kg,2007.0,1860000.0,False
Zimbabwe,Arabica,production_kg,2008.0,1440000.0,False
Zimbabwe,Arabica,production_kg,2009.0,1260000.0,False
Zimbabwe,Arabica,production_kg,2010.0,600000.0,False
Zimbabwe,Arabica,production_kg,2011.0,540000.0,False
Zimbabwe,Arabica,production_kg,2012.0,420000.0,False
Zimbabwe,Arabica,production_kg,2013.0,540000.0,False
Zimbabwe,Arabica,production_kg,2014.0,900000.0,False
Zimbabwe,Arabica,production_kg,2015.0,840000.0,False
Zimbabwe,Arabica,production_kg,2016.0,900000.0,False
Zimbabwe,Arabica,production_kg,2017.0,420000.0,False
Zimbabwe,Arabica,production_kg,2018.0,600000.0,False
Zimbabwe,Arabica,production_kg,2019.0,540000.0,False
Austria,,re_export_kg,1990.0,24900000.0,False
Austria,,re_export_kg,1991.0,45360000.0,False
Austria,,re_export_kg,1992.0,57600000.0,False
Austria,,re_export_kg,1993.0,32100000.0,False
Austria,,re_export_kg,1994.0,22860000.0,False
Austria,,re_export_kg,1995.0,13740000.0,False
Austria,,re_export_kg,1996.0,9780000.0,False
Austria,,re_export_kg,1997.0,13320000.0,False
Austria,,re_export_kg,1998.0,12600000.0,False
Austria,,re_export_kg,1999.0,23880000.0,False
Austria,,re_export_kg,2000.0,24540000.0,False
Austria,,re_export_kg,2001.0,26400000.0,False
Austria,,re_export_kg,2002.0,31680000.0,False
Austria,,re_export_kg,2003.0,37200000.0,False
Austria,,re_export_kg,2004.0,32580000.0,False
Austria,,re_export_kg,2005.0,48360000.0,False
Austria,,re_export_kg,2006.0,59460000.0,False
Austria,,re_export_kg,2007.0,67200000.0,False
Austria,,re_export_kg,2008.0,59520000.0,False
Austria,,re_export_kg,2009.0,24900000.0,False
Austria,,re_export_kg,2010.0,27780000.0,False
Austria,,re_export_kg,2011.0,21900000.0,False
Austria,,re_export_kg,2012.0,18240000.0,False
Austria,,re_export_kg,2013.0,18660000.0,False
Austria,,re_export_kg,2014.0,23160000.0,False
Austria,,re_export_kg,2015.0,22680000.0,False
Austria,,re_export_kg,2016.0,18480000.0,False
Austria,,re_export_kg,2017.0,18480000.0,False
Austria,,re_export_kg,2018.0,15420000.0,False
Austria,,re_export_kg,2019.0,16440000.0,False
Belgium,,re_export_kg,1990.0,0.0,False
Belgium,,re_export_kg,1991.0,0.0,False
Belgium,,re_export_kg,1992.0,0.0,False
Belgium,,re_export_kg,1993.0,0.0,False
Belgium,,re_export_kg,1994.0,0.0,False
Belgium,,re_export_kg,1995.0,0.0,False
Belgium,,re_export_kg,1996.0,0.0,False
Belgium,,re_export_kg,1997.0,0.0,False
Belgium,,re_export_kg,1998.0,0.0,False
Belgium,,re_export_kg,1999.0,130140000.0,False
Belgium,,re_export_kg,2000.0,141420000.0,False
Belgium,,re_export_kg,2001.0,139440000.0,False
Belgium,,re_export_kg,2002.0,138480000.0,False
Belgium,,re_export_kg,2003.0,134280000.0,False
Belgium,,re_export_kg,2004.0,154320000.0,False
Belgium,,re_export_kg,2005.0,174300000.0,False
Belgium,,re_export_kg,2006.0,184020000.0,False
Belgium,,re_export_kg,2007.0,174660000.0,False
Belgium,,re_export_kg,2008.0,368520000.0,False
Belgium,,re_export_kg,2009.0,298860000.0,False
Belgium,,re_export_kg,2010.0,303180000.0,False
Belgium,,re_export_kg,2011.0,293640000.0,False
Belgium,,re_export_kg,2012.0,285240000.0,False
Belgium,,re_export_kg,2013.0,255420000.0,False
Belgium,,re_export_kg,2014.0,237180000.0,False
Belgium,,re_export_kg,2015.0,267600000.0,False
Belgium,,re_export_kg,2016.0,273000000.0,False
Belgium,,re_export_kg,2017.0,262620000.0,False
Belgium,,re_export_kg,2018.0,262620000.0,False
Belgium,,re_export_kg,2019.0,300840000.0,False
Belgium/Luxembourg,,re_export_kg,1990.0,53460000.0,False
Belgium/Luxembourg,,re_export_kg,1991.0,62280000.0,False
Belgium/Luxembourg,,re_export_kg,1992.0,67860000.0,False
Belgium/Luxembourg,,re_export_kg,1993.0,76440000.0,False
Belgium/Luxembourg,,re_export_kg,1994.0,78240000.0,False
Belgium/Luxembourg,,re_export_kg,1995.0,79680000.0,False
Belgium/Luxembourg,,re_export_kg,1996.0,89220000.0,False
Belgium/Luxembourg,,re_export_kg,1997.0,99480000.0,False
Belgium/Luxembourg,,re_export_kg,1998.0,136200000.0,False
Belgium/Luxembourg,,re_export_kg,1999.0,0.0,False
Belgium/Luxembourg,,re_export_kg,2000.0,0.0,False
Belgium/Luxembourg,,re_export_kg,2001.0,0.0,False
Belgium/Luxembourg,,re_export_kg,2002.0,0.0,False
Belgium/Luxembourg,,re_export_kg,2003.0,0.0,False
Belgium/Luxembourg,,re_export_kg,2004.0,0.0,False
Belgium/Luxembourg,,re_export_kg,2005.0,0.0,False
Belgium/Luxembourg,,re_export_kg,2006.0,0.0,False
Belgium/Luxembourg,,re_export_kg,2007.0,0.0,False
Belgium/Luxembourg,,re_export_kg,2008.0,0.0,False
Belgium/Luxembourg,,re_export_kg,2009.0,0.0,False
Belgium/Luxembourg,,re_export_kg,2010.0,0.0,False
Belgium/Luxembourg,,re_export_kg,2011.0,0.0,False
Belgium/Luxembourg,,re_export_kg,2012.0,0.0,False
Belgium/Luxembourg,,re_export_kg,2013.0,0.0,False
Belgium/Luxembourg,,re_export_kg,2014.0,0.0,False
Belgium/Luxembourg,,re_export_kg,2015.0,0.0,False
Belgium/Luxembourg,,re_export_kg,2016.0,0.0,False
Belgium/Luxembourg,,re_export_kg,2017.0,0.0,False
Belgium/Luxembourg,,re_export_kg,2018.0,0.0,False
Belgium/Luxembourg,,re_export_kg,2019.0,0.0,False
Bulgaria,,re_export_kg,1990.0,9960000.0,False
Bulgaria,,re_export_kg,1991.0,10980000.0,False
Bulgaria,,re_export_kg,1992.0,420000.0,False
Bulgaria,,re_export_kg,1993.0,4200000.0,False
Bulgaria,,re_export_kg,1994.0,6600000.0,False
Bulgaria,,re_export_kg,1995.0,7320000.0,False
Bulgaria,,re_export_kg,1996.0,1560000.0,False
Bulgaria,,re_export_kg,1997.0,1140000.0,False
Bulgaria,,re_export_kg,1998.0,1080000.0,False
Bulgaria,,re_export_kg,1999.0,240000.0,False
Bulgaria,,re_export_kg,2000.0,360000.0,False
Bulgaria,,re_export_kg,2001.0,300000.0,False
Bulgaria,,re_export_kg,2002.0,180000.0,False
Bulgaria,,re_export_kg,2003.0,180000.0,False
Bulgaria,,re_export_kg,2004.0,180000.0,False
Bulgaria,,re_export_kg,2005.0,660000.0,False
Bulgaria,,re_export_kg,2006.0,840000.0,False
Bulgaria,,re_export_kg,2007.0,1740000.0,False
Bulgaria,,re_export_kg,2008.0,4320000.0,False
Bulgaria,,re_export_kg,2009.0,6840000.0,False
Bulgaria,,re_export_kg,2010.0,7980000.0,False
Bulgaria,,re_export_kg,2011.0,7320000.0,False
Bulgaria,,re_export_kg,2012.0,11040000.0,False
Bulgaria,,re_export_kg,2013.0,11460000.0,False
Bulgaria,,re_export_kg,2014.0,14640000.0,False
Bulgaria,,re_export_kg,2015.0,16500000.0,False
Bulgaria,,re_export_kg,2016.0,19620000.0,False
Bulgaria,,re_export_kg,2017.0,17520000.0,False
Bulgaria,,re_export_kg,2018.0,18720000.0,False
Bulgaria,,re_export_kg,2019.0,21720000.0,False
Croatia,,re_export_kg,1990.0,0.0,False
Croatia,,re_export_kg,1991.0,0.0,False
Croatia,,re_export_kg,1992.0,2040000.0,False
Croatia,,re_export_kg,1993.0,1860000.0,False
Croatia,,re_export_kg,1994.0,1800000.0,False
Croatia,,re_export_kg,1995.0,1920000.0,False
Croatia,,re_export_kg,1996.0,1020000.0,False
Croatia,,re_export_kg,1997.0,1440000.0,False
Croatia,,re_export_kg,1998.0,1140000.0,False
Croatia,,re_export_kg,1999.0,900000.0,False
Croatia,,re_export_kg,2000.0,1020000.0,False
Croatia,,re_export_kg,2001.0,900000.0,False
Croatia,,re_export_kg,2002.0,960000.0,False
Croatia,,re_export_kg,2003.0,1020000.0,False
Croatia,,re_export_kg,2004.0,1080000.0,False
Croatia,,re_export_kg,2005.0,1080000.0,False
Croatia,,re_export_kg,2006.0,1080000.0,False
Croatia,,re_export_kg,2007.0,1620000.0,False
Croatia,,re_export_kg,2008.0,1680000.0,False
Croatia,,re_export_kg,2009.0,1680000.0,False
Croatia,,re_export_kg,2010.0,1440000.0,False
Croatia,,re_export_kg,2011.0,1440000.0,False
Croatia,,re_export_kg,2012.0,1440000.0,False
Croatia,,re_export_kg,2013.0,1560000.0,False
Croatia,,re_export_kg,2014.0,3060000.0,False
Croatia,,re_export_kg,2015.0,3780000.0,False
Croatia,,re_export_kg,2016.0,5940000.0,False
Croatia,,re_export_kg,2017.0,4680000.0,False
Croatia,,re_export_kg,2018.0,5160000.0,False
Croatia,,re_export_kg,2019.0,5160000.0,False
Cyprus,,re_export_kg,1990.0,960000.0,False
Cyprus,,re_export_kg,1991.0,420000.0,False
Cyprus,,re_export_kg,1992.0,240000.0,False
Cyprus,,re_export_kg,1993.0,120000.0,False
Cyprus,,re_export_kg,1994.0,60000.0,False
Cyprus,,re_export_kg,1995.0,60000.0,False
Cyprus,,re_export_kg,1996.0,60000.0,False
Cyprus,,re_export_kg,1997.0,60000.0,False
Cyprus,,re_export_kg,1998.0,60000.0,False
Cyprus,,re_export_kg,1999.0,120000.0,False
Cyprus,,re_export_kg,2000.0,60000.0,False
Cyprus,,re_export_kg,2001.0,240000.0,False
Cyprus,,re_export_kg,2002.0,240000.0,False
Cyprus,,re_export_kg,2003.0,360000.0,False
Cyprus,,re_export_kg,2004.0,420000.0,False
Cyprus,,re_export_kg,2005.0,540000.0,False
Cyprus,,re_export_kg,2006.0,1080000.0,False
Cyprus,,re_export_kg,2007.0,120000.0,False
Cyprus,,re_export_kg,2008.0,0.0,False
Cyprus,,re_export_kg,2009.0,0.0,False
Cyprus,,re_export_kg,2010.0,120000.0,False
Cyprus,,re_export_kg,2011.0,0.0,False
Cyprus,,re_export_kg,2012.0,60000.0,False
Cyprus,,re_export_kg,2013.0,120000.0,False
Cyprus,,re_export_kg,2014.0,480000.0,False
Cyprus,,re_export_kg,2015.0,180000.0,False
Cyprus,,re_export_kg,2016.0,240000.0,False
Cyprus,,re_export_kg,2017.0,120000.0,False
Cyprus,,re_export_kg,2018.0,60000.0,False
Cyprus,,re_export_kg,2019.0,1380000.0,False
Czechia,,re_export_kg,1990.0,0.0,False
Czechia,,re_export_kg,1991.0,0.0,False
Czechia,,re_export_kg,1992.0,180000.0,False
Czechia,,re_export_kg,1993.0,3960000.0,False
Czechia,,re_export_kg,1994.0,2700000.0,False
Czechia,,re_export_kg,1995.0,2520000.0,False
Czechia,,re_export_kg,1996.0,3000000.0,False
Czechia,,re_export_kg,1997.0,4560000.0,False
Czechia,,re_export_kg,1998.0,14460000.0,False
Czechia,,re_export_kg,1999.0,10200000.0,False
Czechia,,re_export_kg,2000.0,14940000.0,False
Czechia,,re_export_kg,2001.0,15960000.0,False
Czechia,,re_export_kg,2002.0,14760000.0,False
Czechia,,re_export_kg,2003.0,21060000.0,False
Czechia,,re_export_kg,2004.0,19440000.0,False
Czechia,,re_export_kg,2005.0,24420000.0,False
Czechia,,re_export_kg,2006.0,18540000.0,False
Czechia,,re_export_kg,2007.0,21480000.0,False
Czechia,,re_export_kg,2008.0,24960000.0,False
Czechia,,re_export_kg,2009.0,24300000.0,False
Czechia,,re_export_kg,2010.0,28860000.0,False
Czechia,,re_export_kg,2011.0,22800000.0,False
Czechia,,re_export_kg,2012.0,26460000.0,False
Czechia,,re_export_kg,2013.0,32760000.0,False
Czechia,,re_export_kg,2014.0,49500000.0,False
Czechia,,re_export_kg,2015.0,81540000.0,False
Czechia,,re_export_kg,2016.0,58380000.0,False
Czechia,,re_export_kg,2017.0,42180000.0,False
Czechia,,re_export_kg,2018.0,44760000.0,False
Czechia,,re_export_kg,2019.0,45960000.0,False
Denmark,,re_export_kg,1990.0,5640000.0,False
Denmark,,re_export_kg,1991.0,4440000.0,False
Denmark,,re_export_kg,1992.0,6180000.0,False
Denmark,,re_export_kg,1993.0,6180000.0,False
Denmark,,re_export_kg,1994.0,7500000.0,False
Denmark,,re_export_kg,1995.0,7140000.0,False
Denmark,,re_export_kg,1996.0,6660000.0,False
Denmark,,re_export_kg,1997.0,8460000.0,False
Denmark,,re_export_kg,1998.0,9600000.0,False
Denmark,,re_export_kg,1999.0,13500000.0,False
Denmark,,re_export_kg,2000.0,13860000.0,False
Denmark,,re_export_kg,2001.0,14100000.0,False
Denmark,,re_export_kg,2002.0,16260000.0,False
Denmark,,re_export_kg,2003.0,16680000.0,False
Denmark,,re_export_kg,2004.0,16260000.0,False
Denmark,,re_export_kg,2005.0,11940000.0,False
Denmark,,re_export_kg,2006.0,10920000.0,False
Denmark,,re_export_kg,2007.0,12060000.0,False
Denmark,,re_export_kg,2008.0,12720000.0,False
Denmark,,re_export_kg,2009.0,11040000.0,False
Denmark,,re_export_kg,2010.0,12480000.0,False
Denmark,,re_export_kg,2011.0,8820000.0,False
Denmark,,re_export_kg,2012.0,6780000.0,False
Denmark,,re_export_kg,2013.0,5940000.0,False
Denmark,,re_export_kg,2014.0,6300000.0,False
Denmark,,re_export_kg,2015.0,6540000.0,False
Denmark,,re_export_kg,2016.0,9120000.0,False
Denmark,,re_export_kg,2017.0,7200000.0,False
Denmark,,re_export_kg,2018.0,7680000.0,False
Denmark,,re_export_kg,2019.0,7800000.0,False
Estonia,,re_export_kg,1990.0,0.0,False
Estonia,,re_export_kg,1991.0,0.0,False
Estonia,,re_export_kg,1992.0,180000.0,False
Estonia,,re_export_kg,1993.0,420000.0,False
Estonia,,re_export_kg,1994.0,1200000.0,False
Estonia,,re_export_kg,1995.0,1500000.0,False
Estonia,,re_export_kg,1996.0,1980000.0,False
Estonia,,re_export_kg,1997.0,2520000.0,False
Estonia,,re_export_kg,1998.0,2700000.0,False
Estonia,,re_export_kg,1999.0,2160000.0,False
Estonia,,re_export_kg,2000.0,480000.0,False
Estonia,,re_export_kg,2001.0,3240000.0,False
Estonia,,re_export_kg,2002.0,540000.0,False
Estonia,,re_export_kg,2003.0,1140000.0,False
Estonia,,re_export_kg,2004.0,2820000.0,False
Estonia,,re_export_kg,2005.0,4560000.0,False
Estonia,,re_export_kg,2006.0,5220000.0,False
Estonia,,re_export_kg,2007.0,10560000.0,False
Estonia,,re_export_kg,2008.0,10860000.0,False
Estonia,,re_export_kg,2009.0,14040000.0,False
Estonia,,re_export_kg,2010.0,9480000.0,False
Estonia,,re_export_kg,2011.0,6000000.0,False
Estonia,,re_export_kg,2012.0,3180000.0,False
Estonia,,re_export_kg,2013.0,2160000.0,False
Estonia,,re_export_kg,2014.0,840000.0,False
Estonia,,re_export_kg,2015.0,420000.0,False
Estonia,,re_export_kg,2016.0,780000.0,False
Estonia,,re_export_kg,2017.0,1500000.0,False
Estonia,,re_export_kg,2018.0,1260000.0,False
Estonia,,re_export_kg,2019.0,1500000.0,False
Finland,,re_export_kg,1990.0,1140000.0,False
Finland,,re_export_kg,1991.0,1260000.0,False
Finland,,re_export_kg,1992.0,2100000.0,False
Finland,,re_export_kg,1993.0,11880000.0,False
Finland,,re_export_kg,1994.0,13020000.0,False
Finland,,re_export_kg,1995.0,5820000.0,False
Finland,,re_export_kg,1996.0,10320000.0,False
Finland,,re_export_kg,1997.0,12300000.0,False
Finland,,re_export_kg,1998.0,11160000.0,False
Finland,,re_export_kg,1999.0,12900000.0,False
Finland,,re_export_kg,2000.0,10320000.0,False
Finland,,re_export_kg,2001.0,8880000.0,False
Finland,,re_export_kg,2002.0,7140000.0,False
Finland,,re_export_kg,2003.0,7320000.0,False
Finland,,re_export_kg,2004.0,7740000.0,False
Finland,,re_export_kg,2005.0,3240000.0,False
Finland,,re_export_kg,2006.0,7260000.0,False
Finland,,re_export_kg,2007.0,9000000.0,False
Finland,,re_export_kg,2008.0,10200000.0,False
Finland,,re_export_kg,2009.0,11100000.0,False
Finland,,re_export_kg,2010.0,11580000.0,False
Finland,,re_export_kg,2011.0,11640000.0,False
Finland,,re_export_kg,2012.0,9360000.0,False
Finland,,re_export_kg,2013.0,10860000.0,False
Finland,,re_export_kg,2014.0,10980000.0,False
Finland,,re_export_kg,2015.0,12660000.0,False
Finland,,re_export_kg,2016.0,14520000.0,False
Finland,,re_export_kg,2017.0,17880000.0,False
Finland,,re_export_kg,2018.0,10740000.0,False
Finland,,re_export_kg,2019.0,10080000.0,False
France,,re_export_kg,1990.0,54780000.0,False
France,,re_export_kg,1991.0,60420000.0,False
France,,re_export_kg,1992.0,61380000.0,False
France,,re_export_kg,1993.0,58560000.0,False
France,,re_export_kg,1994.0,69900000.0,False
France,,re_export_kg,1995.0,64860000.0,False
France,,re_export_kg,1996.0,70920000.0,False
France,,re_export_kg,1997.0,69960000.0,False
France,,re_export_kg,1998.0,71580000.0,False
France,,re_export_kg,1999.0,68460000.0,False
France,,re_export_kg,2000.0,64380000.0,False
France,,re_export_kg,2001.0,76020000.0,False
France,,re_export_kg,2002.0,75840000.0,False
France,,re_export_kg,2003.0,79680000.0,False
France,,re_export_kg,2004.0,62400000.0,False
France,,re_export_kg,2005.0,61680000.0,False
France,,re_export_kg,2006.0,57420000.0,False
France,,re_export_kg,2007.0,54060000.0,False
France,,re_export_kg,2008.0,57840000.0,False
France,,re_export_kg,2009.0,60840000.0,False
France,,re_export_kg,2010.0,63600000.0,False
France,,re_export_kg,2011.0,62580000.0,False
France,,re_export_kg,2012.0,61140000.0,False
France,,re_export_kg,2013.0,60840000.0,False
France,,re_export_kg,2014.0,65820000.0,False
France,,re_export_kg,2015.0,72540000.0,False
France,,re_export_kg,2016.0,77880000.0,False
France,,re_export_kg,2017.0,90840000.0,False
France,,re_export_kg,2018.0,98940000.0,False
France,,re_export_kg,2019.0,108720000.0,False
Germany,,re_export_kg,1990.0,197520000.0,False
Germany,,re_export_kg,1991.0,195120000.0,False
Germany,,re_export_kg,1992.0,199080000.0,False
Germany,,re_export_kg,1993.0,196920000.0,False
Germany,,re_export_kg,1994.0,208140000.0,False
Germany,,re_export_kg,1995.0,193200000.0,False
Germany,,re_export_kg,1996.0,216780000.0,False
Germany,,re_export_kg,1997.0,236100000.0,False
Germany,,re_export_kg,1998.0,243780000.0,False
Germany,,re_export_kg,1999.0,238320000.0,False
Germany,,re_export_kg,2000.0,289500000.0,False
Germany,,re_export_kg,2001.0,320640000.0,False
Germany,,re_export_kg,2002.0,377280000.0,False
Germany,,re_export_kg,2003.0,391080000.0,False
Germany,,re_export_kg,2004.0,420660000.0,False
Germany,,re_export_kg,2005.0,501360000.0,False
Germany,,re_export_kg,2006.0,550620000.0,False
Germany,,re_export_kg,2007.0,641820000.0,False
Germany,,re_export_kg,2008.0,628260000.0,False
Germany,,re_export_kg,2009.0,649140000.0,False
Germany,,re_export_kg,2010.0,692520000.0,False
Germany,,re_export_kg,2011.0,700980000.0,False
Germany,,re_export_kg,2012.0,755400000.0,False
Germany,,re_export_kg,2013.0,721200000.0,False
Germany,,re_export_kg,2014.0,774660000.0,False
Germany,,re_export_kg,2015.0,749760000.0,False
Germany,,re_export_kg,2016.0,798780000.0,False
Germany,,re_export_kg,2017.0,816000000.0,False
Germany,,re_export_kg,2018.0,826200000.0,False
Germany,,re_export_kg,2019.0,828060000.0,False
Greece,,re_export_kg,1990.0,660000.0,False
Greece,,re_export_kg,1991.0,1200000.0,False
Greece,,re_export_kg,1992.0,1740000.0,False
Greece,,re_export_kg,1993.0,13620000.0,False
Greece,,re_export_kg,1994.0,8760000.0,False
Greece,,re_export_kg,1995.0,8340000.0,False
Greece,,re_export_kg,1996.0,3060000.0,False
Greece,,re_export_kg,1997.0,3000000.0,False
Greece,,re_export_kg,1998.0,2220000.0,False
Greece,,re_export_kg,1999.0,5520000.0,False
Greece,,re_export_kg,2000.0,6660000.0,False
Greece,,re_export_kg,2001.0,19200000.0,False
Greece,,re_export_kg,2002.0,4260000.0,False
Greece,,re_export_kg,2003.0,4140000.0,False
Greece,,re_export_kg,2004.0,4260000.0,False
Greece,,re_export_kg,2005.0,3600000.0,False
Greece,,re_export_kg,2006.0,2460000.0,False
Greece,,re_export_kg,2007.0,3960000.0,False
Greece,,re_export_kg,2008.0,4680000.0,False
Greece,,re_export_kg,2009.0,4320000.0,False
Greece,,re_export_kg,2010.0,4080000.0,False
Greece,,re_export_kg,2011.0,7920000.0,False
Greece,,re_export_kg,2012.0,10080000.0,False
Greece,,re_export_kg,2013.0,10140000.0,False
Greece,,re_export_kg,2014.0,8760000.0,False
Greece,,re_export_kg,2015.0,9660000.0,False
Greece,,re_export_kg,2016.0,11820000.0,False
Greece,,re_export_kg,2017.0,6660000.0,False
Greece,,re_export_kg,2018.0,6060000.0,False
Greece,,re_export_kg,2019.0,6420000.0,False
Hungary,,re_export_kg,1990.0,0.0,False
Hungary,,re_export_kg,1991.0,15660000.0,False
Hungary,,re_export_kg,1992.0,10440000.0,False
Hungary,,re_export_kg,1993.0,6660000.0,False
Hungary,,re_export_kg,1994.0,2820000.0,False
Hungary,,re_export_kg,1995.0,4320000.0,False
Hungary,,re_export_kg,1996.0,1920000.0,False
Hungary,,re_export_kg,1997.0,4380000.0,False
Hungary,,re_export_kg,1998.0,3780000.0,False
Hungary,,re_export_kg,1999.0,6300000.0,False
Hungary,,re_export_kg,2000.0,9420000.0,False
Hungary,,re_export_kg,2001.0,11160000.0,False
Hungary,,re_export_kg,2002.0,11400000.0,False
Hungary,,re_export_kg,2003.0,13080000.0,False
Hungary,,re_export_kg,2004.0,16200000.0,False
Hungary,,re_export_kg,2005.0,16920000.0,False
Hungary,,re_export_kg,2006.0,18180000.0,False
Hungary,,re_export_kg,2007.0,22260000.0,False
Hungary,,re_export_kg,2008.0,19020000.0,False
Hungary,,re_export_kg,2009.0,15540000.0,False
Hungary,,re_export_kg,2010.0,21060000.0,False
Hungary,,re_export_kg,2011.0,27600000.0,False
Hungary,,re_export_kg,2012.0,29760000.0,False
Hungary,,re_export_kg,2013.0,22860000.0,False
Hungary,,re_export_kg,2014.0,26040000.0,False
Hungary,,re_export_kg,2015.0,18660000.0,False
Hungary,,re_export_kg,2016.0,21300000.0,False
Hungary,,re_export_kg,2017.0,18780000.0,False
Hungary,,re_export_kg,2018.0,19920000.0,False
Hungary,,re_export_kg,2019.0,21300000.0,False
Ireland,,re_export_kg,1990.0,600000.0,False
Ireland,,re_export_kg,1991.0,300000.0,False
Ireland,,re_export_kg,1992.0,240000.0,False
Ireland,,re_export_kg,1993.0,180000.0,False
Ireland,,re_export_kg,1994.0,180000.0,False
Ireland,,re_export_kg,1995.0,480000.0,False
Ireland,,re_export_kg,1996.0,660000.0,False
Ireland,,re_export_kg,1997.0,540000.0,False
Ireland,,re_export_kg,1998.0,600000.0,False
Ireland,,re_export_kg,1999.0,420000.0,False
Ireland,,re_export_kg,2000.0,4320000.0,False
Ireland,,re_export_kg,2001.0,2040000.0,False
Ireland,,re_export_kg,2002.0,2040000.0,False
Ireland,,re_export_kg,2003.0,4500000.0,False
Ireland,,re_export_kg,2004.0,2160000.0,False
Ireland,,re_export_kg,2005.0,1800000.0,False
Ireland,,re_export_kg,2006.0,3120000.0,False
Ireland,,re_export_kg,2007.0,1020000.0,False
Ireland,,re_export_kg,2008.0,960000.0,False
Ireland,,re_export_kg,2009.0,480000.0,False
Ireland,,re_export_kg,2010.0,480000.0,False
Ireland,,re_export_kg,2011.0,1800000.0,False
Ireland,,re_export_kg,2012.0,2220000.0,False
Ireland,,re_export_kg,2013.0,2280000.0,False
Ireland,,re_export_kg,2014.0,2160000.0,False
Ireland,,re_export_kg,2015.0,3900000.0,False
Ireland,,re_export_kg,2016.0,5100000.0,False
Ireland,,re_export_kg,2017.0,8220000.0,False
Ireland,,re_export_kg,2018.0,4140000.0,False
Ireland,,re_export_kg,2019.0,4140000.0,False
Italy,,re_export_kg,1990.0,22980000.0,False
Italy,,re_export_kg,1991.0,24120000.0,False
Italy,,re_export_kg,1992.0,27900000.0,False
Italy,,re_export_kg,1993.0,39840000.0,False
Italy,,re_export_kg,1994.0,47160000.0,False
Italy,,re_export_kg,1995.0,44940000.0,False
Italy,,re_export_kg,1996.0,49560000.0,False
Italy,,re_export_kg,1997.0,49560000.0,False
Italy,,re_export_kg,1998.0,56760000.0,False
Italy,,re_export_kg,1999.0,61380000.0,False
Italy,,re_export_kg,2000.0,69360000.0,False
Italy,,re_export_kg,2001.0,77400000.0,False
Italy,,re_export_kg,2002.0,80460000.0,False
Italy,,re_export_kg,2003.0,84600000.0,False
Italy,,re_export_kg,2004.0,93540000.0,False
Italy,,re_export_kg,2005.0,102480000.0,False
Italy,,re_export_kg,2006.0,116280000.0,False
Italy,,re_export_kg,2007.0,131280000.0,False
Italy,,re_export_kg,2008.0,136620000.0,False
Italy,,re_export_kg,2009.0,136320000.0,False
Italy,,re_export_kg,2010.0,146760000.0,False
Italy,,re_export_kg,2011.0,159780000.0,False
Italy,,re_export_kg,2012.0,177840000.0,False
Italy,,re_export_kg,2013.0,190980000.0,False
Italy,,re_export_kg,2014.0,208140000.0,False
Italy,,re_export_kg,2015.0,220140000.0,False
Italy,,re_export_kg,2016.0,251580000.0,False
Italy,,re_export_kg,2017.0,265020000.0,False
Italy,,re_export_kg,2018.0,279540000.0,False
Italy,,re_export_kg,2019.0,326280000.0,False
Japan,,re_export_kg,1990.0,1200000.0,False
Japan,,re_export_kg,1991.0,2040000.0,False
Japan,,re_export_kg,1992.0,1620000.0,False
Japan,,re_export_kg,1993.0,2040000.0,False
Japan,,re_export_kg,1994.0,1620000.0,False
Japan,,re_export_kg,1995.0,420000.0,False
Japan,,re_export_kg,1996.0,360000.0,False
Japan,,re_export_kg,1997.0,1140000.0,False
Japan,,re_export_kg,1998.0,540000.0,False
Japan,,re_export_kg,1999.0,480000.0,False
Japan,,re_export_kg,2000.0,1920000.0,False
Japan,,re_export_kg,2001.0,4680000.0,False
Japan,,re_export_kg,2002.0,5940000.0,False
Japan,,re_export_kg,2003.0,8220000.0,False
Japan,,re_export_kg,2004.0,5220000.0,False
Japan,,re_export_kg,2005.0,3780000.0,False
Japan,,re_export_kg,2006.0,2820000.0,False
Japan,,re_export_kg,2007.0,5220000.0,False
Japan,,re_export_kg,2008.0,10740000.0,False
Japan,,re_export_kg,2009.0,7560000.0,False
Japan,,re_export_kg,2010.0,8580000.0,False
Japan,,re_export_kg,2011.0,4800000.0,False
Japan,,re_export_kg,2012.0,4260000.0,False
Japan,,re_export_kg,2013.0,5520000.0,False
Japan,,re_export_kg,2014.0,6660000.0,False
Japan,,re_export_kg,2015.0,7020000.0,False
Japan,,re_export_kg,2016.0,6660000.0,False
Japan,,re_export_kg,2017.0,6780000.0,False
Japan,,re_export_kg,2018.0,7440000.0,False
Japan,,re_export_kg,2019.0,9480000.0,False
Latvia,,re_export_kg,1990.0,0.0,False
Latvia,,re_export_kg,1991.0,0.0,False
Latvia,,re_export_kg,1992.0,60000.0,False
Latvia,,re_export_kg,1993.0,1080000.0,False
Latvia,,re_export_kg,1994.0,1020000.0,False
Latvia,,re_export_kg,1995.0,900000.0,False
Latvia,,re_export_kg,1996.0,960000.0,False
Latvia,,re_export_kg,1997.0,1440000.0,False
Latvia,,re_export_kg,1998.0,1500000.0,False
Latvia,,re_export_kg,1999.0,1020000.0,False
Latvia,,re_export_kg,2000.0,1140000.0,False
Latvia,,re_export_kg,2001.0,360000.0,False
Latvia,,re_export_kg,2002.0,1140000.0,False
Latvia,,re_export_kg,2003.0,1620000.0,False
Latvia,,re_export_kg,2004.0,1980000.0,False
Latvia,,re_export_kg,2005.0,2820000.0,False
Latvia,,re_export_kg,2006.0,2400000.0,False
Latvia,,re_export_kg,2007.0,1200000.0,False
Latvia,,re_export_kg,2008.0,2340000.0,False
Latvia,,re_export_kg,2009.0,2640000.0,False
Latvia,,re_export_kg,2010.0,2340000.0,False
Latvia,,re_export_kg,2011.0,2400000.0,False
Latvia,,re_export_kg,2012.0,3360000.0,False
Latvia,,re_export_kg,2013.0,3960000.0,False
Latvia,,re_export_kg,2014.0,6180000.0,False
Latvia,,re_export_kg,2015.0,5700000.0,False
Latvia,,re_export_kg,2016.0,7200000.0,False
Latvia,,re_export_kg,2017.0,6660000.0,False
Latvia,,re_export_kg,2018.0,8700000.0,False
Latvia,,re_export_kg,2019.0,7260000.0,False
Lithuania,,re_export_kg,1990.0,0.0,False
Lithuania,,re_export_kg,1991.0,0.0,False
Lithuania,,re_export_kg,1992.0,0.0,False
Lithuania,,re_export_kg,1993.0,0.0,False
Lithuania,,re_export_kg,1994.0,600000.0,False
Lithuania,,re_export_kg,1995.0,2700000.0,False
Lithuania,,re_export_kg,1996.0,4980000.0,False
Lithuania,,re_export_kg,1997.0,4740000.0,False
Lithuania,,re_export_kg,1998.0,3000000.0,False
Lithuania,,re_export_kg,1999.0,2880000.0,False
Lithuania,,re_export_kg,2000.0,2340000.0,False
Lithuania,,re_export_kg,2001.0,3780000.0,False
Lithuania,,re_export_kg,2002.0,3300000.0,False
Lithuania,,re_export_kg,2003.0,2880000.0,False
Lithuania,,re_export_kg,2004.0,3540000.0,False
Lithuania,,re_export_kg,2005.0,5400000.0,False
Lithuania,,re_export_kg,2006.0,6180000.0,False
Lithuania,,re_export_kg,2007.0,6300000.0,False
Lithuania,,re_export_kg,2008.0,11220000.0,False
Lithuania,,re_export_kg,2009.0,12060000.0,False
Lithuania,,re_export_kg,2010.0,9180000.0,False
Lithuania,,re_export_kg,2011.0,6540000.0,False
Lithuania,,re_export_kg,2012.0,8580000.0,False
Lithuania,,re_export_kg,2013.0,9900000.0,False
Lithuania,,re_export_kg,2014.0,10380000.0,False
Lithuania,,re_export_kg,2015.0,12960000.0,False
Lithuania,,re_export_kg,2016.0,15420000.0,False
Lithuania,,re_export_kg,2017.0,11520000.0,False
Lithuania,,re_export_kg,2018.0,10800000.0,False
Lithuania,,re_export_kg,2019.0,13320000.0,False
Luxembourg,,re_export_kg,1990.0,0.0,False
Luxembourg,,re_export_kg,1991.0,0.0,False
Luxembourg,,re_export_kg,1992.0,0.0,False
Luxembourg,,re_export_kg,1993.0,0.0,False
Luxembourg,,re_export_kg,1994.0,0.0,False
Luxembourg,,re_export_kg,1995.0,0.0,False
Luxembourg,,re_export_kg,1996.0,0.0,False
Luxembourg,,re_export_kg,1997.0,0.0,False
Luxembourg,,re_export_kg,1998.0,0.0,False
Luxembourg,,re_export_kg,1999.0,5040000.0,False
Luxembourg,,re_export_kg,2000.0,5280000.0,False
Luxembourg,,re_export_kg,2001.0,4560000.0,False
Luxembourg,,re_export_kg,2002.0,4800000.0,False
Luxembourg,,re_export_kg,2003.0,5940000.0,False
Luxembourg,,re_export_kg,2004.0,5700000.0,False
Luxembourg,,re_export_kg,2005.0,6240000.0,False
Luxembourg,,re_export_kg,2006.0,6120000.0,False
Luxembourg,,re_export_kg,2007.0,6540000.0,False
Luxembourg,,re_export_kg,2008.0,6780000.0,False
Luxembourg,,re_export_kg,2009.0,6480000.0,False
Luxembourg,,re_export_kg,2010.0,7020000.0,False
Luxembourg,,re_export_kg,2011.0,6660000.0,False
Luxembourg,,re_export_kg,2012.0,6660000.0,False
Luxembourg,,re_export_kg,2013.0,8220000.0,False
Luxembourg,,re_export_kg,2014.0,9480000.0,False
Luxembourg,,re_export_kg,2015.0,9240000.0,False
Luxembourg,,re_export_kg,2016.0,10260000.0,False
Luxembourg,,re_export_kg,2017.0,10140000.0,False
Luxembourg,,re_export_kg,2018.0,10680000.0,False
Luxembourg,,re_export_kg,2019.0,10740000.0,False
Malta,,re_export_kg,1990.0,60000.0,False
Malta,,re_export_kg,1991.0,180000.0,False
Malta,,re_export_kg,1992.0,120000.0,False
Malta,,re_export_kg,1993.0,60000.0,False
Malta,,re_export_kg,1994.0,120000.0,False
Malta,,re_export_kg,1995.0,60000.0,False
Malta,,re_export_kg,1996.0,0.0,False
Malta,,re_export_kg,1997.0,60000.0,False
Malta,,re_export_kg,1998.0,240000.0,False
Malta,,re_export_kg,1999.0,0.0,False
Malta,,re_export_kg,2000.0,0.0,False
Malta,,re_export_kg,2001.0,0.0,False
Malta,,re_export_kg,2002.0,60000.0,False
Malta,,re_export_kg,2003.0,0.0,False
Malta,,re_export_kg,2004.0,0.0,False
Malta,,re_export_kg,2005.0,0.0,False
Malta,,re_export_kg,2006.0,0.0,False
Malta,,re_export_kg,2007.0,0.0,False
Malta,,re_export_kg,2008.0,0.0,False
Malta,,re_export_kg,2009.0,0.0,False
Malta,,re_export_kg,2010.0,0.0,False
Malta,,re_export_kg,2011.0,60000.0,False
Malta,,re_export_kg,2012.0,0.0,False
Malta,,re_export_kg,2013.0,0.0,False
Malta,,re_export_kg,2014.0,0.0,False
Malta,,re_export_kg,2015.0,60000.0,False
Malta,,re_export_kg,2016.0,60000.0,False
Malta,,re_export_kg,2017.0,0.0,False
Malta,,re_export_kg,2018.0,0.0,False
Malta,,re_export_kg,2019.0,0.0,False
Netherlands,,re_export_kg,1990.0,35100000.0,False
Netherlands,,re_export_kg,1991.0,37980000.0,False
Netherlands,,re_export_kg,1992.0,38880000.0,False
Netherlands,,re_export_kg,1993.0,25500000.0,False
Netherlands,,re_export_kg,1994.0,40680000.0,False
Netherlands,,re_export_kg,1995.0,37020000.0,False
Netherlands,,re_export_kg,1996.0,34500000.0,False
Netherlands,,re_export_kg,1997.0,33420000.0,False
Netherlands,,re_export_kg,1998.0,54060000.0,False
Netherlands,,re_export_kg,1999.0,65640000.0,False
Netherlands,,re_export_kg,2000.0,66360000.0,False
Netherlands,,re_export_kg,2001.0,67020000.0,False
Netherlands,,re_export_kg,2002.0,71160000.0,False
Netherlands,,re_export_kg,2003.0,85980000.0,False
Netherlands,,re_export_kg,2004.0,70860000.0,False
Netherlands,,re_export_kg,2005.0,63660000.0,False
Netherlands,,re_export_kg,2006.0,69840000.0,False
Netherlands,,re_export_kg,2007.0,74340000.0,False
Netherlands,,re_export_kg,2008.0,58860000.0,False
Netherlands,,re_export_kg,2009.0,96240000.0,False
Netherlands,,re_export_kg,2010.0,74160000.0,False
Netherlands,,re_export_kg,2011.0,106140000.0,False
Netherlands,,re_export_kg,2012.0,80820000.0,False
Netherlands,,re_export_kg,2013.0,106860000.0,False
Netherlands,,re_export_kg,2014.0,132960000.0,False
Netherlands,,re_export_kg,2015.0,148800000.0,False
Netherlands,,re_export_kg,2016.0,162120000.0,False
Netherlands,,re_export_kg,2017.0,186240000.0,False
Netherlands,,re_export_kg,2018.0,202560000.0,False
Netherlands,,re_export_kg,2019.0,199440000.0,False
Norway,,re_export_kg,1990.0,480000.0,False
Norway,,re_export_kg,1991.0,240000.0,False
Norway,,re_export_kg,1992.0,180000.0,False
Norway,,re_export_kg,1993.0,180000.0,False
Norway,,re_export_kg,1994.0,360000.0,False
Norway,,re_export_kg,1995.0,300000.0,False
Norway,,re_export_kg,1996.0,420000.0,False
Norway,,re_export_kg,1997.0,540000.0,False
Norway,,re_export_kg,1998.0,240000.0,False
Norway,,re_export_kg,1999.0,300000.0,False
Norway,,re_export_kg,2000.0,300000.0,False
Norway,,re_export_kg,2001.0,360000.0,False
Norway,,re_export_kg,2002.0,360000.0,False
Norway,,re_export_kg,2003.0,480000.0,False
Norway,,re_export_kg,2004.0,420000.0,False
Norway,,re_export_kg,2005.0,600000.0,False
Norway,,re_export_kg,2006.0,600000.0,False
Norway,,re_export_kg,2007.0,480000.0,False
Norway,,re_export_kg,2008.0,420000.0,False
Norway,,re_export_kg,2009.0,540000.0,False
Norway,,re_export_kg,2010.0,840000.0,False
Norway,,re_export_kg,2011.0,600000.0,False
Norway,,re_export_kg,2012.0,720000.0,False
Norway,,re_export_kg,2013.0,1080000.0,False
Norway,,re_export_kg,2014.0,840000.0,False
Norway,,re_export_kg,2015.0,720000.0,False
Norway,,re_export_kg,2016.0,1080000.0,False
Norway,,re_export_kg,2017.0,1140000.0,False
Norway,,re_export_kg,2018.0,540000.0,False
Norway,,re_export_kg,2019.0,900000.0,False
Poland,,re_export_kg,1990.0,6000000.0,False
Poland,,re_export_kg,1991.0,420000.0,False
Poland,,re_export_kg,1992.0,8220000.0,False
Poland,,re_export_kg,1993.0,7560000.0,False
Poland,,re_export_kg,1994.0,6000000.0,False
Poland,,re_export_kg,1995.0,8040000.0,False
Poland,,re_export_kg,1996.0,10140000.0,False
Poland,,re_export_kg,1997.0,17220000.0,False
Poland,,re_export_kg,1998.0,19680000.0,False
Poland,,re_export_kg,1999.0,25080000.0,False
Poland,,re_export_kg,2000.0,31860000.0,False
Poland,,re_export_kg,2001.0,29820000.0,False
Poland,,re_export_kg,2002.0,26520000.0,False
Poland,,re_export_kg,2003.0,25320000.0,False
Poland,,re_export_kg,2004.0,24360000.0,False
Poland,,re_export_kg,2005.0,31440000.0,False
Poland,,re_export_kg,2006.0,39660000.0,False
Poland,,re_export_kg,2007.0,42540000.0,False
Poland,,re_export_kg,2008.0,46740000.0,False
Poland,,re_export_kg,2009.0,69660000.0,False
Poland,,re_export_kg,2010.0,67380000.0,False
Poland,,re_export_kg,2011.0,82200000.0,False
Poland,,re_export_kg,2012.0,96420000.0,False
Poland,,re_export_kg,2013.0,96900000.0,False
Poland,,re_export_kg,2014.0,124740000.0,False
Poland,,re_export_kg,2015.0,134760000.0,False
Poland,,re_export_kg,2016.0,111120000.0,False
Poland,,re_export_kg,2017.0,105480000.0,False
Poland,,re_export_kg,2018.0,113340000.0,False
Poland,,re_export_kg,2019.0,117120000.0,False
Portugal,,re_export_kg,1990.0,1860000.0,False
Portugal,,re_export_kg,1991.0,2040000.0,False
Portugal,,re_export_kg,1992.0,2400000.0,False
Portugal,,re_export_kg,1993.0,2280000.0,False
Portugal,,re_export_kg,1994.0,3120000.0,False
Portugal,,re_export_kg,1995.0,4440000.0,False
Portugal,,re_export_kg,1996.0,5940000.0,False
Portugal,,re_export_kg,1997.0,6480000.0,False
Portugal,,re_export_kg,1998.0,5760000.0,False
Portugal,,re_export_kg,1999.0,5940000.0,False
Portugal,,re_export_kg,2000.0,7380000.0,False
Portugal,,re_export_kg,2001.0,6960000.0,False
Portugal,,re_export_kg,2002.0,6840000.0,False
Portugal,,re_export_kg,2003.0,6600000.0,False
Portugal,,re_export_kg,2004.0,4980000.0,False
Portugal,,re_export_kg,2005.0,6420000.0,False
Portugal,,re_export_kg,2006.0,6840000.0,False
Portugal,,re_export_kg,2007.0,9120000.0,False
Portugal,,re_export_kg,2008.0,8940000.0,False
Portugal,,re_export_kg,2009.0,9960000.0,False
Portugal,,re_export_kg,2010.0,11820000.0,False
Portugal,,re_export_kg,2011.0,12600000.0,False
Portugal,,re_export_kg,2012.0,13680000.0,False
Portugal,,re_export_kg,2013.0,12720000.0,False
Portugal,,re_export_kg,2014.0,13620000.0,False
Portugal,,re_export_kg,2015.0,13920000.0,False
Portugal,,re_export_kg,2016.0,15720000.0,False
Portugal,,re_export_kg,2017.0,15000000.0,False
Portugal,,re_export_kg,2018.0,16020000.0,False
Portugal,,re_export_kg,2019.0,17340000.0,False
Romania,,re_export_kg,1990.0,0.0,False
Romania,,re_export_kg,1991.0,0.0,False
Romania,,re_export_kg,1992.0,180000.0,False
Romania,,re_export_kg,1993.0,360000.0,False
Romania,,re_export_kg,1994.0,0.0,False
Romania,,re_export_kg,1995.0,120000.0,False
Romania,,re_export_kg,1996.0,0.0,False
Romania,,re_export_kg,1997.0,60000.0,False
Romania,,re_export_kg,1998.0,660000.0,False
Romania,,re_export_kg,1999.0,300000.0,False
Romania,,re_export_kg,2000.0,60000.0,False
Romania,,re_export_kg,2001.0,60000.0,False
Romania,,re_export_kg,2002.0,60000.0,False
Romania,,re_export_kg,2003.0,0.0,False
Romania,,re_export_kg,2004.0,600000.0,False
Romania,,re_export_kg,2005.0,1020000.0,False
Romania,,re_export_kg,2006.0,1140000.0,False
Romania,,re_export_kg,2007.0,960000.0,False
Romania,,re_export_kg,2008.0,1140000.0,False
Romania,,re_export_kg,2009.0,2220000.0,False
Romania,,re_export_kg,2010.0,2580000.0,False
Romania,,re_export_kg,2011.0,2520000.0,False
Romania,,re_export_kg,2012.0,3240000.0,False
Romania,,re_export_kg,2013.0,4800000.0,False
Romania,,re_export_kg,2014.0,2760000.0,False
Romania,,re_export_kg,2015.0,1800000.0,False
Romania,,re_export_kg,2016.0,3660000.0,False
Romania,,re_export_kg,2017.0,3060000.0,False
Romania,,re_export_kg,2018.0,3240000.0,False
Romania,,re_export_kg,2019.0,3420000.0,False
Russian Federation,,re_export_kg,1990.0,0.0,False
Russian Federation,,re_export_kg,1991.0,0.0,False
Russian Federation,,re_export_kg,1992.0,300000.0,False
Russian Federation,,re_export_kg,1993.0,0.0,False
Russian Federation,,re_export_kg,1994.0,840000.0,False
Russian Federation,,re_export_kg,1995.0,4680000.0,False
Russian Federation,,re_export_kg,1996.0,3900000.0,False
Russian Federation,,re_export_kg,1997.0,19680000.0,False
Russian Federation,,re_export_kg,1998.0,5100000.0,False
Russian Federation,,re_export_kg,1999.0,960000.0,False
Russian Federation,,re_export_kg,2000.0,1620000.0,False
Russian Federation,,re_export_kg,2001.0,1500000.0,False
Russian Federation,,re_export_kg,2002.0,3180000.0,False
Russian Federation,,re_export_kg,2003.0,5580000.0,False
Russian Federation,,re_export_kg,2004.0,7740000.0,False
Russian Federation,,re_export_kg,2005.0,9060000.0,False
Russian Federation,,re_export_kg,2006.0,14640000.0,False
Russian Federation,,re_export_kg,2007.0,20400000.0,False
Russian Federation,,re_export_kg,2008.0,25260000.0,False
Russian Federation,,re_export_kg,2009.0,26400000.0,False
Russian Federation,,re_export_kg,2010.0,27300000.0,False
Russian Federation,,re_export_kg,2011.0,27780000.0,False
Russian Federation,,re_export_kg,2012.0,28740000.0,False
Russian Federation,,re_export_kg,2013.0,45720000.0,False
Russian Federation,,re_export_kg,2014.0,43560000.0,False
Russian Federation,,re_export_kg,2015.0,51840000.0,False
Russian Federation,,re_export_kg,2016.0,47640000.0,False
Russian Federation,,re_export_kg,2017.0,57360000.0,False
Russian Federation,,re_export_kg,2018.0,63240000.0,False
Russian Federation,,re_export_kg,2019.0,65820000.0,False
Slovakia,,re_export_kg,1990.0,0.0,False
Slovakia,,re_export_kg,1991.0,0.0,False
Slovakia,,re_export_kg,1992.0,0.0,False
Slovakia,,re_export_kg,1993.0,780000.0,False
Slovakia,,re_export_kg,1994.0,1380000.0,False
Slovakia,,re_export_kg,1995.0,1620000.0,False
Slovakia,,re_export_kg,1996.0,960000.0,False
Slovakia,,re_export_kg,1997.0,1080000.0,False
Slovakia,,re_export_kg,1998.0,1020000.0,False
Slovakia,,re_export_kg,1999.0,1200000.0,False
Slovakia,,re_export_kg,2000.0,1380000.0,False
Slovakia,,re_export_kg,2001.0,1980000.0,False
Slovakia,,re_export_kg,2002.0,1500000.0,False
Slovakia,,re_export_kg,2003.0,1020000.0,False
Slovakia,,re_export_kg,2004.0,900000.0,False
Slovakia,,re_export_kg,2005.0,840000.0,False
Slovakia,,re_export_kg,2006.0,3960000.0,False
Slovakia,,re_export_kg,2007.0,9120000.0,False
Slovakia,,re_export_kg,2008.0,16200000.0,False
Slovakia,,re_export_kg,2009.0,14760000.0,False
Slovakia,,re_export_kg,2010.0,19080000.0,False
Slovakia,,re_export_kg,2011.0,23340000.0,False
Slovakia,,re_export_kg,2012.0,34260000.0,False
Slovakia,,re_export_kg,2013.0,28200000.0,False
Slovakia,,re_export_kg,2014.0,25260000.0,False
Slovakia,,re_export_kg,2015.0,38580000.0,False
Slovakia,,re_export_kg,2016.0,40800000.0,False
Slovakia,,re_export_kg,2017.0,34260000.0,False
Slovakia,,re_export_kg,2018.0,36720000.0,False
Slovakia,,re_export_kg,2019.0,32820000.0,False
Slovenia,,re_export_kg,1990.0,0.0,False
Slovenia,,re_export_kg,1991.0,0.0,False
Slovenia,,re_export_kg,1992.0,420000.0,False
Slovenia,,re_export_kg,1993.0,300000.0,False
Slovenia,,re_export_kg,1994.0,420000.0,False
Slovenia,,re_export_kg,1995.0,480000.0,False
Slovenia,,re_export_kg,1996.0,660000.0,False
Slovenia,,re_export_kg,1997.0,600000.0,False
Slovenia,,re_export_kg,1998.0,720000.0,False
Slovenia,,re_export_kg,1999.0,660000.0,False
Slovenia,,re_export_kg,2000.0,840000.0,False
Slovenia,,re_export_kg,2001.0,660000.0,False
Slovenia,,re_export_kg,2002.0,720000.0,False
Slovenia,,re_export_kg,2003.0,600000.0,False
Slovenia,,re_export_kg,2004.0,660000.0,False
Slovenia,,re_export_kg,2005.0,540000.0,False
Slovenia,,re_export_kg,2006.0,660000.0,False
Slovenia,,re_export_kg,2007.0,600000.0,False
Slovenia,,re_export_kg,2008.0,660000.0,False
Slovenia,,re_export_kg,2009.0,720000.0,False
Slovenia,,re_export_kg,2010.0,780000.0,False
Slovenia,,re_export_kg,2011.0,900000.0,False
Slovenia,,re_export_kg,2012.0,2160000.0,False
Slovenia,,re_export_kg,2013.0,4440000.0,False
Slovenia,,re_export_kg,2014.0,4860000.0,False
Slovenia,,re_export_kg,2015.0,5040000.0,False
Slovenia,,re_export_kg,2016.0,7800000.0,False
Slovenia,,re_export_kg,2017.0,12720000.0,False
Slovenia,,re_export_kg,2018.0,19920000.0,False
Slovenia,,re_export_kg,2019.0,24900000.0,False
Spain,,re_export_kg,1990.0,15900000.0,False
Spain,,re_export_kg,1991.0,16080000.0,False
Spain,,re_export_kg,1992.0,17220000.0,False
Spain,,re_export_kg,1993.0,10080000.0,False
Spain,,re_export_kg,1994.0,14220000.0,False
Spain,,re_export_kg,1995.0,23820000.0,False
Spain,,re_export_kg,1996.0,35700000.0,False
Spain,,re_export_kg,1997.0,46740000.0,False
Spain,,re_export_kg,1998.0,42000000.0,False
Spain,,re_export_kg,1999.0,38340000.0,False
Spain,,re_export_kg,2000.0,45180000.0,False
Spain,,re_export_kg,2001.0,74220000.0,False
Spain,,re_export_kg,2002.0,69960000.0,False
Spain,,re_export_kg,2003.0,81900000.0,False
Spain,,re_export_kg,2004.0,86220000.0,False
Spain,,re_export_kg,2005.0,87180000.0,False
Spain,,re_export_kg,2006.0,87660000.0,False
Spain,,re_export_kg,2007.0,91200000.0,False
Spain,,re_export_kg,2008.0,86460000.0,False
Spain,,re_export_kg,2009.0,86700000.0,False
Spain,,re_export_kg,2010.0,108180000.0,False
Spain,,re_export_kg,2011.0,100320000.0,False
Spain,,re_export_kg,2012.0,99540000.0,False
Spain,,re_export_kg,2013.0,98160000.0,False
Spain,,re_export_kg,2014.0,114360000.0,False
Spain,,re_export_kg,2015.0,114480000.0,False
Spain,,re_export_kg,2016.0,127500000.0,False
Spain,,re_export_kg,2017.0,136500000.0,False
Spain,,re_export_kg,2018.0,155100000.0,False
Spain,,re_export_kg,2019.0,166560000.0,False
Sweden,,re_export_kg,1990.0,4620000.0,False
Sweden,,re_export_kg,1991.0,6840000.0,False
Sweden,,re_export_kg,1992.0,8280000.0,False
Sweden,,re_export_kg,1993.0,8280000.0,False
Sweden,,re_export_kg,1994.0,13440000.0,False
Sweden,,re_export_kg,1995.0,13020000.0,False
Sweden,,re_export_kg,1996.0,13500000.0,False
Sweden,,re_export_kg,1997.0,13920000.0,False
Sweden,,re_export_kg,1998.0,11520000.0,False
Sweden,,re_export_kg,1999.0,10560000.0,False
Sweden,,re_export_kg,2000.0,10260000.0,False
Sweden,,re_export_kg,2001.0,10860000.0,False
Sweden,,re_export_kg,2002.0,14340000.0,False
Sweden,,re_export_kg,2003.0,15420000.0,False
Sweden,,re_export_kg,2004.0,15720000.0,False
Sweden,,re_export_kg,2005.0,31380000.0,False
Sweden,,re_export_kg,2006.0,30300000.0,False
Sweden,,re_export_kg,2007.0,31500000.0,False
Sweden,,re_export_kg,2008.0,31920000.0,False
Sweden,,re_export_kg,2009.0,31560000.0,False
Sweden,,re_export_kg,2010.0,30300000.0,False
Sweden,,re_export_kg,2011.0,31320000.0,False
Sweden,,re_export_kg,2012.0,31200000.0,False
Sweden,,re_export_kg,2013.0,32040000.0,False
Sweden,,re_export_kg,2014.0,32820000.0,False
Sweden,,re_export_kg,2015.0,29880000.0,False
Sweden,,re_export_kg,2016.0,33120000.0,False
Sweden,,re_export_kg,2017.0,34860000.0,False
Sweden,,re_export_kg,2018.0,34740000.0,False
Sweden,,re_export_kg,2019.0,34740000.0,False
Switzerland,,re_export_kg,1990.0,9960000.0,False
Switzerland,,re_export_kg,1991.0,9060000.0,False
Switzerland,,re_export_kg,1992.0,9300000.0,False
Switzerland,,re_export_kg,1993.0,9960000.0,False
Switzerland,,re_export_kg,1994.0,11760000.0,False
Switzerland,,re_export_kg,1995.0,10500000.0,False
Switzerland,,re_export_kg,1996.0,14580000.0,False
Switzerland,,re_export_kg,1997.0,16800000.0,False
Switzerland,,re_export_kg,1998.0,15240000.0,False
Switzerland,,re_export_kg,1999.0,18120000.0,False
Switzerland,,re_export_kg,2000.0,18780000.0,False
Switzerland,,re_export_kg,2001.0,22860000.0,False
Switzerland,,re_export_kg,2002.0,26520000.0,False
Switzerland,,re_export_kg,2003.0,25380000.0,False
Switzerland,,re_export_kg,2004.0,30720000.0,False
Switzerland,,re_export_kg,2005.0,34020000.0,False
Switzerland,,re_export_kg,2006.0,37260000.0,False
Switzerland,,re_export_kg,2007.0,50520000.0,False
Switzerland,,re_export_kg,2008.0,52980000.0,False
Switzerland,,re_export_kg,2009.0,63960000.0,False
Switzerland,,re_export_kg,2010.0,78780000.0,False
Switzerland,,re_export_kg,2011.0,84840000.0,False
Switzerland,,re_export_kg,2012.0,85500000.0,False
Switzerland,,re_export_kg,2013.0,92820000.0,False
Switzerland,,re_export_kg,2014.0,96960000.0,False
Switzerland,,re_export_kg,2015.0,98460000.0,False
Switzerland,,re_export_kg,2016.0,104880000.0,False
Switzerland,,re_export_kg,2017.0,111660000.0,False
Switzerland,,re_export_kg,2018.0,116760000.0,False
Switzerland,,re_export_kg,2019.0,126840000.0,False
Tunisia,,re_export_kg,1990.0,0.0,False
Tunisia,,re_export_kg,1991.0,0.0,False
Tunisia,,re_export_kg,1992.0,0.0,False
Tunisia,,re_export_kg,1993.0,0.0,False
Tunisia,,re_export_kg,1994.0,0.0,False
Tunisia,,re_export_kg,1995.0,0.0,False
Tunisia,,re_export_kg,1996.0,0.0,False
Tunisia,,re_export_kg,1997.0,0.0,False
Tunisia,,re_export_kg,1998.0,0.0,False
Tunisia,,re_export_kg,1999.0,0.0,False
Tunisia,,re_export_kg,2000.0,60000.0,False
Tunisia,,re_export_kg,2001.0,60000.0,False
Tunisia,,re_export_kg,2002.0,60000.0,False
Tunisia,,re_export_kg,2003.0,180000.0,False
Tunisia,,re_export_kg,2004.0,60000.0,False
Tunisia,,re_export_kg,2005.0,0.0,False
Tunisia,,re_export_kg,2006.0,540000.0,False
Tunisia,,re_export_kg,2007.0,0.0,False
Tunisia,,re_export_kg,2008.0,0.0,False
Tunisia,,re_export_kg,2009.0,0.0,False
Tunisia,,re_export_kg,2010.0,180000.0,False
Tunisia,,re_export_kg,2011.0,780000.0,False
Tunisia,,re_export_kg,2012.0,1080000.0,False
Tunisia,,re_export_kg,2013.0,600000.0,False
Tunisia,,re_export_kg,2014.0,0.0,False
Tunisia,,re_export_kg,2015.0,60000.0,False
Tunisia,,re_export_kg,2016.0,0.0,False
Tunisia,,re_export_kg,2017.0,0.0,False
Tunisia,,re_export_kg,2018.0,0.0,False
Tunisia,,re_export_kg,2019.0,0.0,False
United Kingdom,,re_export_kg,1990.0,28920000.0,False
United Kingdom,,re_export_kg,1991.0,29100000.0,False
United Kingdom,,re_export_kg,1992.0,34200000.0,False
United Kingdom,,re_export_kg,1993.0,37740000.0,False
United Kingdom,,re_export_kg,1994.0,49020000.0,False
United Kingdom,,re_export_kg,1995.0,37980000.0,False
United Kingdom,,re_export_kg,1996.0,33120000.0,False
United Kingdom,,re_export_kg,1997.0,30660000.0,False
United Kingdom,,re_export_kg,1998.0,32220000.0,False
United Kingdom,,re_export_kg,1999.0,38700000.0,False
United Kingdom,,re_export_kg,2000.0,39120000.0,False
United Kingdom,,re_export_kg,2001.0,46260000.0,False
United Kingdom,,re_export_kg,2002.0,46680000.0,False
United Kingdom,,re_export_kg,2003.0,45540000.0,False
United Kingdom,,re_export_kg,2004.0,50280000.0,False
United Kingdom,,re_export_kg,2005.0,53100000.0,False
United Kingdom,,re_export_kg,2006.0,56940000.0,False
United Kingdom,,re_export_kg,2007.0,59340000.0,False
United Kingdom,,re_export_kg,2008.0,54000000.0,False
United Kingdom,,re_export_kg,2009.0,53520000.0,False
United Kingdom,,re_export_kg,2010.0,71580000.0,False
United Kingdom,,re_export_kg,2011.0,75840000.0,False
United Kingdom,,re_export_kg,2012.0,72000000.0,False
United Kingdom,,re_export_kg,2013.0,82800000.0,False
United Kingdom,,re_export_kg,2014.0,83400000.0,False
United Kingdom,,re_export_kg,2015.0,78120000.0,False
United Kingdom,,re_export_kg,2016.0,94080000.0,False
United Kingdom,,re_export_kg,2017.0,99720000.0,False
United Kingdom,,re_export_kg,2018.0,113340000.0,False
United Kingdom,,re_export_kg,2019.0,106800000.0,False
United States of America,,re_export_kg,1990.0,49500000.0,False
United States of America,,re_export_kg,1991.0,60600000.0,False
United States of America,,re_export_kg,1992.0,82620000.0,False
United States of America,,re_export_kg,1993.0,103200000.0,False
United States of America,,re_export_kg,1994.0,154320000.0,False
United States of America,,re_export_kg,1995.0,110460000.0,False
United States of America,,re_export_kg,1996.0,122940000.0,False
United States of America,,re_export_kg,1997.0,146760000.0,False
United States of America,,re_export_kg,1998.0,146820000.0,False
United States of America,,re_export_kg,1999.0,130080000.0,False
United States of America,,re_export_kg,2000.0,123300000.0,False
United States of America,,re_export_kg,2001.0,123360000.0,False
United States of America,,re_export_kg,2002.0,131520000.0,False
United States of America,,re_export_kg,2003.0,167880000.0,False
United States of America,,re_export_kg,2004.0,157560000.0,False
United States of America,,re_export_kg,2005.0,147120000.0,False
United States of America,,re_export_kg,2006.0,163260000.0,False
United States of America,,re_export_kg,2007.0,162420000.0,False
United States of America,,re_export_kg,2008.0,171660000.0,False
United States of America,,re_export_kg,2009.0,168120000.0,False
United States of America,,re_export_kg,2010.0,191460000.0,False
United States of America,,re_export_kg,2011.0,223680000.0,False
United States of America,,re_export_kg,2012.0,203040000.0,False
United States of America,,re_export_kg,2013.0,194880000.0,False
United States of America,,re_export_kg,2014.0,201660000.0,False
United States of America,,re_export_kg,2015.0,177480000.0,False
United States of America,,re_export_kg,2016.0,190500000.0,False
United States of America,,re_export_kg,2017.0,175800000.0,False
United States of America,,re_export_kg,2018.0,174120000.0,False
United States of America,,re_export_kg,2019.0,170520000.0,False
