Country,Coffee type,Metric,Year,value,is_imputed,population
Angola,Robusta/Arabica,domestic_consumption_kg,1990.0,1200000.0,False,11626360.0
Angola,Robusta/Arabica,domestic_consumption_kg,1991.0,1800000.0,False,12023529.0
Angola,Robusta/Arabica,domestic_consumption_kg,1992.0,2100000.0,False,12423712.0
Angola,Robusta/Arabica,domestic_consumption_kg,1993.0,1200000.0,False,12827135.0
Angola,Robusta/Arabica,domestic_consumption_kg,1994.0,1500000.0,False,13249764.0
Angola,Robusta/Arabica,domestic_consumption_kg,1995.0,600000.0,False,13699778.0
Angola,Robusta/Arabica,domestic_consumption_kg,1996.0,1200000.0,False,14170973.0
Angola,Robusta/Arabica,domestic_consumption_kg,1997.0,2400000.0,False,14660413.0
Angola,Robusta/Arabica,domestic_consumption_kg,1998.0,1800000.0,False,15159370.0
Angola,Robusta/Arabica,domestic_consumption_kg,1999.0,1200000.0,False,15667235.0
Angola,Robusta/Arabica,domestic_consumption_kg,2000.0,1200000.0,False,16194869.0
Angola,Robusta/Arabica,domestic_consumption_kg,2001.0,1200000.0,False,16747208.0
Angola,Robusta/Arabica,domestic_consumption_kg,2002.0,1200000.0,False,17327699.0
Angola,Robusta/Arabica,domestic_consumption_kg,2003.0,900000.0,False,17943712.0
Angola,Robusta/Arabica,domestic_consumption_kg,2004.0,900000.0,False,18600423.0
Angola,Robusta/Arabica,domestic_consumption_kg,2005.0,900000.0,False,19291161.0
Angola,Robusta/Arabica,domestic_consumption_kg,2006.0,1800000.0,False,20015279.0
Angola,Robusta/Arabica,domestic_consumption_kg,2007.0,1800000.0,False,20778561.0
Angola,Robusta/Arabica,domestic_consumption_kg,2008.0,1800000.0,False,21578655.0
Angola,Robusta/Arabica,domestic_consumption_kg,2009.0,1800000.0,False,22414773.0
Angola,Robusta/Arabica,domestic_consumption_kg,2010.0,1800000.0,False,23294825.0
Angola,Robusta/Arabica,domestic_consumption_kg,2011.0,1800000.0,False,24218352.0
Angola,Robusta/Arabica,domestic_consumption_kg,2012.0,1800000.0,False,25177394.0
Angola,Robusta/Arabica,domestic_consumption_kg,2013.0,1800000.0,False,26165620.0
Angola,Robusta/Arabica,domestic_consumption_kg,2014.0,1800000.0,False,27160769.0
Angola,Robusta/Arabica,domestic_consumption_kg,2015.0,1800000.0,False,28157798.0
Angola,Robusta/Arabica,domestic_consumption_kg,2016.0,1800000.0,False,29183070.0
Angola,Robusta/Arabica,domestic_consumption_kg,2017.0,1800000.0,False,30234839.0
Angola,Robusta/Arabica,domestic_consumption_kg,2018.0,1800000.0,False,31297155.0
Angola,Robusta/Arabica,domestic_consumption_kg,2019.0,1800000.0,False,32375632.0
Bolivia (Plurinational State of),Arabica,domestic_consumption_kg,1990.0,1500000.0,False,7130142.0
Bolivia (Plurinational State of),Arabica,domestic_consumption_kg,1991.0,1620000.0,False,7280289.0
Bolivia (Plurinational State of),Arabica,domestic_consumption_kg,1992.0,1650000.0,False,7430336.0
Bolivia (Plurinational State of),Arabica,domestic_consumption_kg,1993.0,1710000.0,False,7579195.0
Bolivia (Plurinational State of),Arabica,domestic_consumption_kg,1994.0,1770000.0,False,7727322.0
Bolivia (Plurinational State of),Arabica,domestic_consumption_kg,1995.0,1830000.0,False,7874676.0
Bolivia (Plurinational State of),Arabica,domestic_consumption_kg,1996.0,1890000.0,False,8021736.0
Bolivia (Plurinational State of),Arabica,domestic_consumption_kg,1997.0,1950000.0,False,8167900.0
Bolivia (Plurinational State of),Arabica,domestic_consumption_kg,1998.0,1980000.0,False,8313394.0
Bolivia (Plurinational State of),Arabica,domestic_consumption_kg,1999.0,2040000.0,False,8459806.0
Bolivia (Plurinational State of),Arabica,domestic_consumption_kg,2000.0,2100000.0,False,8606326.0
Bolivia (Plurinational State of),Arabica,domestic_consumption_kg,2001.0,2190000.0,False,8752736.0
Bolivia (Plurinational State of),Arabica,domestic_consumption_kg,2002.0,2250000.0,False,8900355.0
Bolivia (Plurinational State of),Arabica,domestic_consumption_kg,2003.0,2310000.0,False,9050700.0
Bolivia (Plurinational State of),Arabica,domestic_consumption_kg,2004.0,2700000.0,False,9204287.0
Bolivia (Plurinational State of),Arabica,domestic_consumption_kg,2005.0,2460000.0,False,9360754.0
Bolivia (Plurinational State of),Arabica,domestic_consumption_kg,2006.0,2520000.0,False,9521689.0
Bolivia (Plurinational State of),Arabica,domestic_consumption_kg,2007.0,2610000.0,False,9685960.0
Bolivia (Plurinational State of),Arabica,domestic_consumption_kg,2008.0,2700000.0,False,9850858.0
Bolivia (Plurinational State of),Arabica,domestic_consumption_kg,2009.0,2760000.0,False,10016275.0
Bolivia (Plurinational State of),Arabica,domestic_consumption_kg,2010.0,2850000.0,False,10182345.0
Bolivia (Plurinational State of),Arabica,domestic_consumption_kg,2011.0,2940000.0,False,10348929.0
Bolivia (Plurinational State of),Arabica,domestic_consumption_kg,2012.0,3030000.0,False,10515807.0
Bolivia (Plurinational State of),Arabica,domestic_consumption_kg,2013.0,3120000.0,False,10682608.0
Bolivia (Plurinational State of),Arabica,domestic_consumption_kg,2014.0,3210000.0,False,10848888.0
Bolivia (Plurinational State of),Arabica,domestic_consumption_kg,2015.0,3300000.0,False,11014705.0
Bolivia (Plurinational State of),Arabica,domestic_consumption_kg,2016.0,3420000.0,False,11180020.0
Bolivia (Plurinational State of),Arabica,domestic_consumption_kg,2017.0,3510000.0,False,11344587.0
Bolivia (Plurinational State of),Arabica,domestic_consumption_kg,2018.0,3600000.0,False,11508368.0
Bolivia (Plurinational State of),Arabica,domestic_consumption_kg,2019.0,3660000.0,False,11671386.0
Brazil,Arabica/Robusta,domestic_consumption_kg,1990.0,492000000.0,False,149143223.0
Brazil,Arabica/Robusta,domestic_consumption_kg,1991.0,510000000.0,False,151724256.0
Brazil,Arabica/Robusta,domestic_consumption_kg,1992.0,534000000.0,False,154275079.0
Brazil,Arabica/Robusta,domestic_consumption_kg,1993.0,546000000.0,False,156794577.0
Brazil,Arabica/Robusta,domestic_consumption_kg,1994.0,558000000.0,False,159265006.0
Brazil,Arabica/Robusta,domestic_consumption_kg,1995.0,606000000.0,False,161735073.0
Brazil,Arabica/Robusta,domestic_consumption_kg,1996.0,660000000.0,False,164202549.0
Brazil,Arabica/Robusta,domestic_consumption_kg,1997.0,690000000.0,False,166661659.0
Brazil,Arabica/Robusta,domestic_consumption_kg,1998.0,732000000.0,False,169159655.0
Brazil,Arabica/Robusta,domestic_consumption_kg,1999.0,762000000.0,False,171641543.0
Brazil,Arabica/Robusta,domestic_consumption_kg,2000.0,792000000.0,False,174018282.0
Brazil,Arabica/Robusta,domestic_consumption_kg,2001.0,815400000.0,False,176301203.0
Brazil,Arabica/Robusta,domestic_consumption_kg,2002.0,825000000.0,False,178503484.0
Brazil,Arabica/Robusta,domestic_consumption_kg,2003.0,852000000.0,False,180622688.0
Brazil,Arabica/Robusta,domestic_consumption_kg,2004.0,896760000.0,False,182675143.0
Brazil,Arabica/Robusta,domestic_consumption_kg,2005.0,932280000.0,False,184688101.0
Brazil,Arabica/Robusta,domestic_consumption_kg,2006.0,979860000.0,False,186653106.0
Brazil,Arabica/Robusta,domestic_consumption_kg,2007.0,1026600000.0,False,188552320.0
Brazil,Arabica/Robusta,domestic_consumption_kg,2008.0,1059600000.0,False,190367302.0
Brazil,Arabica/Robusta,domestic_consumption_kg,2009.0,1103400000.0,False,192079951.0
Brazil,Arabica/Robusta,domestic_consumption_kg,2010.0,1147920000.0,False,193701929.0
Brazil,Arabica/Robusta,domestic_consumption_kg,2011.0,1183200000.0,False,195284734.0
Brazil,Arabica/Robusta,domestic_consumption_kg,2012.0,1219800000.0,False,196876111.0
Brazil,Arabica/Robusta,domestic_consumption_kg,2013.0,1205100000.0,False,198478299.0
Brazil,Arabica/Robusta,domestic_consumption_kg,2014.0,1219980000.0,False,200085127.0
Brazil,Arabica/Robusta,domestic_consumption_kg,2015.0,1230480000.0,False,201675532.0
Brazil,Arabica/Robusta,domestic_consumption_kg,2016.0,1273500000.0,False,203218114.0
Brazil,Arabica/Robusta,domestic_consumption_kg,2017.0,1319820000.0,False,204703445.0
Brazil,Arabica/Robusta,domestic_consumption_kg,2018.0,1332000000.0,False,206107261.0
Brazil,Arabica/Robusta,domestic_consumption_kg,2019.0,1320000000.0,False,207455459.0
Burundi,Arabica/Robusta,domestic_consumption_kg,1990.0,120000.0,False,5587052.0
Burundi,Arabica/Robusta,domestic_consumption_kg,1991.0,96000.0,False,5703857.0
Burundi,Arabica/Robusta,domestic_consumption_kg,1992.0,102000.0,False,5858407.0
Burundi,Arabica/Robusta,domestic_consumption_kg,1993.0,114600.0,False,5676843.0
Burundi,Arabica/Robusta,domestic_consumption_kg,1994.0,120000.0,False,5713854.0
Burundi,Arabica/Robusta,domestic_consumption_kg,1995.0,120000.0,False,6066316.0
Burundi,Arabica/Robusta,domestic_consumption_kg,1996.0,120000.0,False,6070506.0
Burundi,Arabica/Robusta,domestic_consumption_kg,1997.0,120000.0,False,6070042.0
Burundi,Arabica/Robusta,domestic_consumption_kg,1998.0,120000.0,False,6187108.0
Burundi,Arabica/Robusta,domestic_consumption_kg,1999.0,120000.0,False,6337155.0
Burundi,Arabica/Robusta,domestic_consumption_kg,2000.0,120000.0,False,6470194.0
Burundi,Arabica/Robusta,domestic_consumption_kg,2001.0,120000.0,False,6634365.0
Burundi,Arabica/Robusta,domestic_consumption_kg,2002.0,120000.0,False,6824132.0
Burundi,Arabica/Robusta,domestic_consumption_kg,2003.0,120000.0,False,7043154.0
Burundi,Arabica/Robusta,domestic_consumption_kg,2004.0,120000.0,False,7310656.0
Burundi,Arabica/Robusta,domestic_consumption_kg,2005.0,114360.0,False,7587299.0
Burundi,Arabica/Robusta,domestic_consumption_kg,2006.0,93600.0,False,7865547.0
Burundi,Arabica/Robusta,domestic_consumption_kg,2007.0,81420.0,False,8161874.0
Burundi,Arabica/Robusta,domestic_consumption_kg,2008.0,86100.0,False,8505637.0
Burundi,Arabica/Robusta,domestic_consumption_kg,2009.0,83940.0,False,8947646.0
Burundi,Arabica/Robusta,domestic_consumption_kg,2010.0,120000.0,False,9376444.0
Burundi,Arabica/Robusta,domestic_consumption_kg,2011.0,120000.0,False,9717978.0
Burundi,Arabica/Robusta,domestic_consumption_kg,2012.0,120000.0,False,10071028.0
Burundi,Arabica/Robusta,domestic_consumption_kg,2013.0,120000.0,False,10439341.0
Burundi,Arabica/Robusta,domestic_consumption_kg,2014.0,120000.0,False,10799785.0
Burundi,Arabica/Robusta,domestic_consumption_kg,2015.0,120000.0,False,11047580.0
Burundi,Arabica/Robusta,domestic_consumption_kg,2016.0,120000.0,False,11239451.0
Burundi,Arabica/Robusta,domestic_consumption_kg,2017.0,120000.0,False,11506762.0
Burundi,Arabica/Robusta,domestic_consumption_kg,2018.0,120000.0,False,11859446.0
Burundi,Arabica/Robusta,domestic_consumption_kg,2019.0,120000.0,False,12255336.0
Cameroon,Robusta/Arabica,domestic_consumption_kg,1990.0,4998000.0,False,11331821.0
Cameroon,Robusta/Arabica,domestic_consumption_kg,1991.0,4999980.0,False,11667180.0
Cameroon,Robusta/Arabica,domestic_consumption_kg,1992.0,4999980.0,False,12006353.0
Cameroon,Robusta/Arabica,domestic_consumption_kg,1993.0,6000000.0,False,12353131.0
Cameroon,Robusta/Arabica,domestic_consumption_kg,1994.0,6000000.0,False,12704903.0
Cameroon,Robusta/Arabica,domestic_consumption_kg,1995.0,6000000.0,False,13058516.0
Cameroon,Robusta/Arabica,domestic_consumption_kg,1996.0,6000000.0,False,13414757.0
Cameroon,Robusta/Arabica,domestic_consumption_kg,1997.0,6000000.0,False,13775214.0
Cameroon,Robusta/Arabica,domestic_consumption_kg,1998.0,6000000.0,False,14144860.0
Cameroon,Robusta/Arabica,domestic_consumption_kg,1999.0,6000000.0,False,14525140.0
Cameroon,Robusta/Arabica,domestic_consumption_kg,2000.0,4500000.0,False,14912631.0
Cameroon,Robusta/Arabica,domestic_consumption_kg,2001.0,4140000.0,False,15309490.0
Cameroon,Robusta/Arabica,domestic_consumption_kg,2002.0,4140000.0,False,15725528.0
Cameroon,Robusta/Arabica,domestic_consumption_kg,2003.0,4140000.0,False,16160340.0
Cameroon,Robusta/Arabica,domestic_consumption_kg,2004.0,4140000.0,False,16610487.0
Cameroon,Robusta/Arabica,domestic_consumption_kg,2005.0,4140000.0,False,17074594.0
Cameroon,Robusta/Arabica,domestic_consumption_kg,2006.0,4140000.0,False,17550407.0
Cameroon,Robusta/Arabica,domestic_consumption_kg,2007.0,4140000.0,False,18049896.0
Cameroon,Robusta/Arabica,domestic_consumption_kg,2008.0,4140000.0,False,18574056.0
Cameroon,Robusta/Arabica,domestic_consumption_kg,2009.0,4140000.0,False,19113974.0
Cameroon,Robusta/Arabica,domestic_consumption_kg,2010.0,4099980.0,False,19668066.0
Cameroon,Robusta/Arabica,domestic_consumption_kg,2011.0,4201020.0,False,20232304.0
Cameroon,Robusta/Arabica,domestic_consumption_kg,2012.0,4303980.0,False,20809529.0
Cameroon,Robusta/Arabica,domestic_consumption_kg,2013.0,4408980.0,False,21402376.0
Cameroon,Robusta/Arabica,domestic_consumption_kg,2014.0,4519020.0,False,22059893.0
Cameroon,Robusta/Arabica,domestic_consumption_kg,2015.0,4560000.0,False,22763414.0
Cameroon,Robusta/Arabica,domestic_consumption_kg,2016.0,4620000.0,False,23454161.0
Cameroon,Robusta/Arabica,domestic_consumption_kg,2017.0,4680000.0,False,24128601.0
Cameroon,Robusta/Arabica,domestic_consumption_kg,2018.0,4680000.0,False,24806383.0
Cameroon,Robusta/Arabica,domestic_consumption_kg,2019.0,4620000.0,False,25506095.0
Central African Republic,Robusta,domestic_consumption_kg,1990.0,1680000.0,False,2871910.0
Central African Republic,Robusta,domestic_consumption_kg,1991.0,1680000.0,False,2963191.0
Central African Republic,Robusta,domestic_consumption_kg,1992.0,1680000.0,False,3058831.0
Central African Republic,Robusta,domestic_consumption_kg,1993.0,1500000.0,False,3157839.0
Central African Republic,Robusta,domestic_consumption_kg,1994.0,900000.0,False,3257954.0
Central African Republic,Robusta,domestic_consumption_kg,1995.0,600000.0,False,3348052.0
Central African Republic,Robusta,domestic_consumption_kg,1996.0,600000.0,False,3435965.0
Central African Republic,Robusta,domestic_consumption_kg,1997.0,600000.0,False,3531700.0
Central African Republic,Robusta,domestic_consumption_kg,1998.0,1140000.0,False,3628827.0
Central African Republic,Robusta,domestic_consumption_kg,1999.0,1260000.0,False,3729450.0
Central African Republic,Robusta,domestic_consumption_kg,2000.0,180000.0,False,3833416.0
Central African Republic,Robusta,domestic_consumption_kg,2001.0,180000.0,False,3919487.0
Central African Republic,Robusta,domestic_consumption_kg,2002.0,227220.0,False,4006077.0
Central African Republic,Robusta,domestic_consumption_kg,2003.0,227220.0,False,4103086.0
Central African Republic,Robusta,domestic_consumption_kg,2004.0,180000.0,False,4192826.0
Central African Republic,Robusta,domestic_consumption_kg,2005.0,180000.0,False,4288810.0
Central African Republic,Robusta,domestic_consumption_kg,2006.0,180000.0,False,4377579.0
Central African Republic,Robusta,domestic_consumption_kg,2007.0,199980.0,False,4462770.0
Central African Republic,Robusta,domestic_consumption_kg,2008.0,300000.0,False,4558984.0
Central African Republic,Robusta,domestic_consumption_kg,2009.0,499980.0,False,4529047.0
Central African Republic,Robusta,domestic_consumption_kg,2010.0,600000.0,False,4492995.0
Central African Republic,Robusta,domestic_consumption_kg,2011.0,799980.0,False,4565021.0
Central African Republic,Robusta,domestic_consumption_kg,2012.0,1000020.0,False,4610848.0
Central African Republic,Robusta,domestic_consumption_kg,2013.0,1200000.0,False,4642419.0
Central African Republic,Robusta,domestic_consumption_kg,2014.0,1200000.0,False,4623182.0
Central African Republic,Robusta,domestic_consumption_kg,2015.0,1200000.0,False,4629320.0
Central African Republic,Robusta,domestic_consumption_kg,2016.0,1200000.0,False,4713663.0
Central African Republic,Robusta,domestic_consumption_kg,2017.0,1200000.0,False,4793511.0
Central African Republic,Robusta,domestic_consumption_kg,2018.0,1200000.0,False,4878657.0
Central African Republic,Robusta,domestic_consumption_kg,2019.0,1200000.0,False,4944703.0
Colombia,Arabica,domestic_consumption_kg,1990.0,74100000.0,False,32440069.0
Colombia,Arabica,domestic_consumption_kg,1991.0,76140000.0,False,33098372.0
Colombia,Arabica,domestic_consumption_kg,1992.0,78180000.0,False,33760571.0
Colombia,Arabica,domestic_consumption_kg,1993.0,80340000.0,False,34441473.0
Colombia,Arabica,domestic_consumption_kg,1994.0,82500000.0,False,35127410.0
Colombia,Arabica,domestic_consumption_kg,1995.0,81540000.0,False,35804662.0
Colombia,Arabica,domestic_consumption_kg,1996.0,80580000.0,False,36462745.0
Colombia,Arabica,domestic_consumption_kg,1997.0,79680000.0,False,37121149.0
Colombia,Arabica,domestic_consumption_kg,1998.0,78720000.0,False,37792165.0
Colombia,Arabica,domestic_consumption_kg,1999.0,77820000.0,False,38454863.0
Colombia,Arabica,domestic_consumption_kg,2000.0,76920000.0,False,39089934.0
Colombia,Arabica,domestic_consumption_kg,2001.0,76020000.0,False,39709262.0
Colombia,Arabica,domestic_consumption_kg,2002.0,75120000.0,False,40324680.0
Colombia,Arabica,domestic_consumption_kg,2003.0,74220000.0,False,40937429.0
Colombia,Arabica,domestic_consumption_kg,2004.0,73380000.0,False,41543171.0
Colombia,Arabica,domestic_consumption_kg,2005.0,72540000.0,False,42128977.0
Colombia,Arabica,domestic_consumption_kg,2006.0,71677980.0,False,42691084.0
Colombia,Arabica,domestic_consumption_kg,2007.0,76855380.0,False,43235374.0
Colombia,Arabica,domestic_consumption_kg,2008.0,77430000.0,False,43758808.0
Colombia,Arabica,domestic_consumption_kg,2009.0,76468740.0,False,44271541.0
Colombia,Arabica,domestic_consumption_kg,2010.0,78661440.0,False,44777319.0
Colombia,Arabica,domestic_consumption_kg,2011.0,86103900.0,False,45259614.0
Colombia,Arabica,domestic_consumption_kg,2012.0,90854520.0,False,45715810.0
Colombia,Arabica,domestic_consumption_kg,2013.0,97021200.0,False,46151584.0
Colombia,Arabica,domestic_consumption_kg,2014.0,99927060.0,False,46565429.0
Colombia,Arabica,domestic_consumption_kg,2015.0,103222380.0,False,46969940.0
Colombia,Arabica,domestic_consumption_kg,2016.0,104186484.0,False,47437512.0
Colombia,Arabica,domestic_consumption_kg,2017.0,107596260.0,False,48131078.0
Colombia,Arabica,domestic_consumption_kg,2018.0,107484600.0,False,49024465.0
Colombia,Arabica,domestic_consumption_kg,2019.0,121486440.0,False,49907985.0
Congo,Robusta,domestic_consumption_kg,1990.0,180000.0,False,2380560.0
Congo,Robusta,domestic_consumption_kg,1991.0,160020.0,False,2449229.0
Congo,Robusta,domestic_consumption_kg,1992.0,160020.0,False,2519465.0
Congo,Robusta,domestic_consumption_kg,1993.0,180000.0,False,2595124.0
Congo,Robusta,domestic_consumption_kg,1994.0,180000.0,False,2673144.0
Congo,Robusta,domestic_consumption_kg,1995.0,180000.0,False,2749461.0
Congo,Robusta,domestic_consumption_kg,1996.0,180000.0,False,2826785.0
Congo,Robusta,domestic_consumption_kg,1997.0,180000.0,False,2887862.0
Congo,Robusta,domestic_consumption_kg,1998.0,180000.0,False,2952061.0
Congo,Robusta,domestic_consumption_kg,1999.0,180000.0,False,3032874.0
Congo,Robusta,domestic_consumption_kg,2000.0,180000.0,False,3151345.0
Congo,Robusta,domestic_consumption_kg,2001.0,180000.0,False,3272537.0
Congo,Robusta,domestic_consumption_kg,2002.0,180000.0,False,3350771.0
Congo,Robusta,domestic_consumption_kg,2003.0,180000.0,False,3445753.0
Congo,Robusta,domestic_consumption_kg,2004.0,180000.0,False,3565554.0
Congo,Robusta,domestic_consumption_kg,2005.0,180000.0,False,3696393.0
Congo,Robusta,domestic_consumption_kg,2006.0,180000.0,False,3837409.0
Congo,Robusta,domestic_consumption_kg,2007.0,180000.0,False,3980430.0
Congo,Robusta,domestic_consumption_kg,2008.0,180000.0,False,4113517.0
Congo,Robusta,domestic_consumption_kg,2009.0,180000.0,False,4281219.0
Congo,Robusta,domestic_consumption_kg,2010.0,180000.0,False,4462290.0
Congo,Robusta,domestic_consumption_kg,2011.0,180000.0,False,4609724.0
Congo,Robusta,domestic_consumption_kg,2012.0,180000.0,False,4740450.0
Congo,Robusta,domestic_consumption_kg,2013.0,180000.0,False,4857099.0
Congo,Robusta,domestic_consumption_kg,2014.0,180000.0,False,4975880.0
Congo,Robusta,domestic_consumption_kg,2015.0,180000.0,False,5097581.0
Congo,Robusta,domestic_consumption_kg,2016.0,180000.0,False,5222536.0
Congo,Robusta,domestic_consumption_kg,2017.0,180000.0,False,5351011.0
Congo,Robusta,domestic_consumption_kg,2018.0,180000.0,False,5483118.0
Congo,Robusta,domestic_consumption_kg,2019.0,180000.0,False,5616661.0
Costa Rica,Arabica,domestic_consumption_kg,1990.0,22500000.0,False,3121706.0
Costa Rica,Arabica,domestic_consumption_kg,1991.0,22500000.0,False,3202176.0
Costa Rica,Arabica,domestic_consumption_kg,1992.0,22500000.0,False,3284258.0
Costa Rica,Arabica,domestic_consumption_kg,1993.0,22500000.0,False,3367434.0
Costa Rica,Arabica,domestic_consumption_kg,1994.0,22500000.0,False,3451122.0
Costa Rica,Arabica,domestic_consumption_kg,1995.0,22500000.0,False,3535176.0
Costa Rica,Arabica,domestic_consumption_kg,1996.0,22500000.0,False,3619013.0
Costa Rica,Arabica,domestic_consumption_kg,1997.0,22500000.0,False,3701711.0
Costa Rica,Arabica,domestic_consumption_kg,1998.0,22500000.0,False,3782838.0
Costa Rica,Arabica,domestic_consumption_kg,1999.0,22500000.0,False,3862101.0
Costa Rica,Arabica,domestic_consumption_kg,2000.0,22500000.0,False,3937739.0
Costa Rica,Arabica,domestic_consumption_kg,2001.0,22500000.0,False,4008947.0
Costa Rica,Arabica,domestic_consumption_kg,2002.0,22500000.0,False,4075705.0
Costa Rica,Arabica,domestic_consumption_kg,2003.0,22500000.0,False,4138784.0
Costa Rica,Arabica,domestic_consumption_kg,2004.0,22500000.0,False,4200078.0
Costa Rica,Arabica,domestic_consumption_kg,2005.0,22500000.0,False,4261240.0
Costa Rica,Arabica,domestic_consumption_kg,2006.0,22500000.0,False,4321340.0
Costa Rica,Arabica,domestic_consumption_kg,2007.0,22500000.0,False,4380248.0
Costa Rica,Arabica,domestic_consumption_kg,2008.0,16071540.0,False,4440056.0
Costa Rica,Arabica,domestic_consumption_kg,2009.0,17726460.0,False,4499791.0
Costa Rica,Arabica,domestic_consumption_kg,2010.0,24433260.0,False,4555962.0
Costa Rica,Arabica,domestic_consumption_kg,2011.0,22853280.0,False,4609833.0
Costa Rica,Arabica,domestic_consumption_kg,2012.0,25385820.0,False,4663934.0
Costa Rica,Arabica,domestic_consumption_kg,2013.0,20103600.0,False,4716147.0
Costa Rica,Arabica,domestic_consumption_kg,2014.0,22844520.0,False,4767119.0
Costa Rica,Arabica,domestic_consumption_kg,2015.0,26929260.0,False,4818038.0
Costa Rica,Arabica,domestic_consumption_kg,2016.0,19767420.0,False,4866998.0
Costa Rica,Arabica,domestic_consumption_kg,2017.0,21200040.0,False,4913177.0
Costa Rica,Arabica,domestic_consumption_kg,2018.0,21900000.0,False,4957818.0
Costa Rica,Arabica,domestic_consumption_kg,2019.0,21120000.0,False,4999553.0
Cuba,Arabica,domestic_consumption_kg,1990.0,12780000.0,False,10631799.0
Cuba,Arabica,domestic_consumption_kg,1991.0,12780000.0,False,10717640.0
Cuba,Arabica,domestic_consumption_kg,1992.0,11700000.0,False,10785801.0
Cuba,Arabica,domestic_consumption_kg,1993.0,11646000.0,False,10841031.0
Cuba,Arabica,domestic_consumption_kg,1994.0,11640000.0,False,10886021.0
Cuba,Arabica,domestic_consumption_kg,1995.0,11640000.0,False,10925362.0
Cuba,Arabica,domestic_consumption_kg,1996.0,11340000.0,False,10962010.0
Cuba,Arabica,domestic_consumption_kg,1997.0,11700000.0,False,10997934.0
Cuba,Arabica,domestic_consumption_kg,1998.0,12000000.0,False,11034712.0
Cuba,Arabica,domestic_consumption_kg,1999.0,12000000.0,False,11072230.0
Cuba,Arabica,domestic_consumption_kg,2000.0,12780000.0,False,11109109.0
Cuba,Arabica,domestic_consumption_kg,2001.0,13200000.0,False,11144132.0
Cuba,Arabica,domestic_consumption_kg,2002.0,13440000.0,False,11177418.0
Cuba,Arabica,domestic_consumption_kg,2003.0,13440000.0,False,11209383.0
Cuba,Arabica,domestic_consumption_kg,2004.0,13440000.0,False,11238756.0
Cuba,Arabica,domestic_consumption_kg,2005.0,13440000.0,False,11262554.0
Cuba,Arabica,domestic_consumption_kg,2006.0,13440000.0,False,11278550.0
Cuba,Arabica,domestic_consumption_kg,2007.0,13440000.0,False,11287272.0
Cuba,Arabica,domestic_consumption_kg,2008.0,13200000.0,False,11291762.0
Cuba,Arabica,domestic_consumption_kg,2009.0,13200000.0,False,11294719.0
Cuba,Arabica,domestic_consumption_kg,2010.0,13200000.0,False,11297409.0
Cuba,Arabica,domestic_consumption_kg,2011.0,13200000.0,False,11301571.0
Cuba,Arabica,domestic_consumption_kg,2012.0,13200000.0,False,11303175.0
Cuba,Arabica,domestic_consumption_kg,2013.0,13200000.0,False,11298167.0
Cuba,Arabica,domestic_consumption_kg,2014.0,13200000.0,False,11285775.0
Cuba,Arabica,domestic_consumption_kg,2015.0,13200000.0,False,11275065.0
Cuba,Arabica,domestic_consumption_kg,2016.0,13200000.0,False,11265612.0
Cuba,Arabica,domestic_consumption_kg,2017.0,13200000.0,False,11247829.0
Cuba,Arabica,domestic_consumption_kg,2018.0,13200000.0,False,11227118.0
Cuba,Arabica,domestic_consumption_kg,2019.0,12960000.0,False,11202846.0
Côte d'Ivoire,Robusta,domestic_consumption_kg,1990.0,3000000.0,False,12189778.0
Côte d'Ivoire,Robusta,domestic_consumption_kg,1991.0,3000000.0,False,12683870.0
Côte d'Ivoire,Robusta,domestic_consumption_kg,1992.0,3000000.0,False,13200310.0
Côte d'Ivoire,Robusta,domestic_consumption_kg,1993.0,3000000.0,False,13735951.0
Côte d'Ivoire,Robusta,domestic_consumption_kg,1994.0,3000000.0,False,14287201.0
Côte d'Ivoire,Robusta,domestic_consumption_kg,1995.0,3000000.0,False,14855565.0
Côte d'Ivoire,Robusta,domestic_consumption_kg,1996.0,3000000.0,False,15442312.0
Côte d'Ivoire,Robusta,domestic_consumption_kg,1997.0,3000000.0,False,16047170.0
Côte d'Ivoire,Robusta,domestic_consumption_kg,1998.0,3000000.0,False,16663948.0
Côte d'Ivoire,Robusta,domestic_consumption_kg,1999.0,3000000.0,False,17215935.0
Côte d'Ivoire,Robusta,domestic_consumption_kg,2000.0,19000020.0,False,17699004.0
Côte d'Ivoire,Robusta,domestic_consumption_kg,2001.0,19000020.0,False,18178913.0
Côte d'Ivoire,Robusta,domestic_consumption_kg,2002.0,19000020.0,False,18654771.0
Côte d'Ivoire,Robusta,domestic_consumption_kg,2003.0,19000020.0,False,19125542.0
Côte d'Ivoire,Robusta,domestic_consumption_kg,2004.0,19000020.0,False,19595000.0
Côte d'Ivoire,Robusta,domestic_consumption_kg,2005.0,19000020.0,False,20068458.0
Côte d'Ivoire,Robusta,domestic_consumption_kg,2006.0,19000020.0,False,20546802.0
Côte d'Ivoire,Robusta,domestic_consumption_kg,2007.0,19020000.0,False,21030558.0
Côte d'Ivoire,Robusta,domestic_consumption_kg,2008.0,19020000.0,False,21514439.0
Côte d'Ivoire,Robusta,domestic_consumption_kg,2009.0,19020000.0,False,21997940.0
Côte d'Ivoire,Robusta,domestic_consumption_kg,2010.0,19020000.0,False,22488065.0
Côte d'Ivoire,Robusta,domestic_consumption_kg,2011.0,19020000.0,False,22982000.0
Côte d'Ivoire,Robusta,domestic_consumption_kg,2012.0,19020000.0,False,23467078.0
Côte d'Ivoire,Robusta,domestic_consumption_kg,2013.0,19020000.0,False,23939775.0
Côte d'Ivoire,Robusta,domestic_consumption_kg,2014.0,19020000.0,False,24527395.0
Côte d'Ivoire,Robusta,domestic_consumption_kg,2015.0,19020000.0,False,25246342.0
Côte d'Ivoire,Robusta,domestic_consumption_kg,2016.0,19020000.0,False,25989405.0
Côte d'Ivoire,Robusta,domestic_consumption_kg,2017.0,19020000.0,False,26733372.0
Côte d'Ivoire,Robusta,domestic_consumption_kg,2018.0,19020000.0,False,27464173.0
Côte d'Ivoire,Robusta,domestic_consumption_kg,2019.0,19020000.0,False,28193009.0
Democratic Republic of Congo,Robusta/Arabica,domestic_consumption_kg,1990.0,12000000.0,False,36684063.0
Democratic Republic of Congo,Robusta/Arabica,domestic_consumption_kg,1991.0,12000000.0,False,37925817.0
Democratic Republic of Congo,Robusta/Arabica,domestic_consumption_kg,1992.0,12000000.0,False,39228910.0
Democratic Republic of Congo,Robusta/Arabica,domestic_consumption_kg,1993.0,12000000.0,False,40656336.0
Democratic Republic of Congo,Robusta/Arabica,domestic_consumption_kg,1994.0,12000000.0,False,42626876.0
Democratic Republic of Congo,Robusta/Arabica,domestic_consumption_kg,1995.0,12000000.0,False,44433704.0
Democratic Republic of Congo,Robusta/Arabica,domestic_consumption_kg,1996.0,12000000.0,False,45296124.0
Democratic Republic of Congo,Robusta/Arabica,domestic_consumption_kg,1997.0,12000000.0,False,46029902.0
Democratic Republic of Congo,Robusta/Arabica,domestic_consumption_kg,1998.0,12000000.0,False,47297600.0
Democratic Republic of Congo,Robusta/Arabica,domestic_consumption_kg,1999.0,12000000.0,False,48912971.0
Democratic Republic of Congo,Robusta/Arabica,domestic_consumption_kg,2000.0,12000000.0,False,50507442.0
Democratic Republic of Congo,Robusta/Arabica,domestic_consumption_kg,2001.0,12000000.0,False,52132646.0
Democratic Republic of Congo,Robusta/Arabica,domestic_consumption_kg,2002.0,12000000.0,False,53750524.0
Democratic Republic of Congo,Robusta/Arabica,domestic_consumption_kg,2003.0,12000000.0,False,55343867.0
Democratic Republic of Congo,Robusta/Arabica,domestic_consumption_kg,2004.0,12000000.0,False,56997741.0
Democratic Republic of Congo,Robusta/Arabica,domestic_consumption_kg,2005.0,12000000.0,False,58775724.0
Democratic Republic of Congo,Robusta/Arabica,domestic_consumption_kg,2006.0,12000000.0,False,60615908.0
Democratic Republic of Congo,Robusta/Arabica,domestic_consumption_kg,2007.0,12000000.0,False,62477752.0
Democratic Republic of Congo,Robusta/Arabica,domestic_consumption_kg,2008.0,12000000.0,False,64390664.0
Democratic Republic of Congo,Robusta/Arabica,domestic_consumption_kg,2009.0,12000000.0,False,66412044.0
Democratic Republic of Congo,Robusta/Arabica,domestic_consumption_kg,2010.0,12000000.0,False,68563038.0
Democratic Republic of Congo,Robusta/Arabica,domestic_consumption_kg,2011.0,12000000.0,False,70849311.0
Democratic Republic of Congo,Robusta/Arabica,domestic_consumption_kg,2012.0,12000000.0,False,73254618.0
Democratic Republic of Congo,Robusta/Arabica,domestic_consumption_kg,2013.0,12000000.0,False,75789395.0
Democratic Republic of Congo,Robusta/Arabica,domestic_consumption_kg,2014.0,12000000.0,False,78403242.0
Democratic Republic of Congo,Robusta/Arabica,domestic_consumption_kg,2015.0,12000000.0,False,81035531.0
Democratic Republic of Congo,Robusta/Arabica,domestic_consumption_kg,2016.0,12000000.0,False,83956415.0
Democratic Republic of Congo,Robusta/Arabica,domestic_consumption_kg,2017.0,12000000.0,False,87083398.0
Democratic Republic of Congo,Robusta/Arabica,domestic_consumption_kg,2018.0,12000000.0,False,90047644.0
Democratic Republic of Congo,Robusta/Arabica,domestic_consumption_kg,2019.0,11880000.0,False,92947442.0
Dominican Republic,Arabica/Robusta,domestic_consumption_kg,1990.0,19200000.0,False,7151166.0
Dominican Republic,Arabica/Robusta,domestic_consumption_kg,1991.0,19200000.0,False,7299853.0
Dominican Republic,Arabica/Robusta,domestic_consumption_kg,1992.0,19200000.0,False,7447474.0
Dominican Republic,Arabica/Robusta,domestic_consumption_kg,1993.0,19200000.0,False,7594572.0
Dominican Republic,Arabica/Robusta,domestic_consumption_kg,1994.0,19800000.0,False,7741694.0
Dominican Republic,Arabica/Robusta,domestic_consumption_kg,1995.0,21000000.0,False,7888115.0
Dominican Republic,Arabica/Robusta,domestic_consumption_kg,1996.0,19500000.0,False,8032894.0
Dominican Republic,Arabica/Robusta,domestic_consumption_kg,1997.0,19500000.0,False,8174078.0
Dominican Republic,Arabica/Robusta,domestic_consumption_kg,1998.0,19500000.0,False,8310362.0
Dominican Republic,Arabica/Robusta,domestic_consumption_kg,1999.0,19500000.0,False,8446208.0
Dominican Republic,Arabica/Robusta,domestic_consumption_kg,2000.0,19500000.0,False,8584190.0
Dominican Republic,Arabica/Robusta,domestic_consumption_kg,2001.0,20411880.0,False,8720283.0
Dominican Republic,Arabica/Robusta,domestic_consumption_kg,2002.0,20411880.0,False,8852235.0
Dominican Republic,Arabica/Robusta,domestic_consumption_kg,2003.0,20400000.0,False,8980620.0
Dominican Republic,Arabica/Robusta,domestic_consumption_kg,2004.0,22679880.0,False,9104892.0
Dominican Republic,Arabica/Robusta,domestic_consumption_kg,2005.0,22679880.0,False,9225034.0
Dominican Republic,Arabica/Robusta,domestic_consumption_kg,2006.0,22679880.0,False,9341183.0
Dominican Republic,Arabica/Robusta,domestic_consumption_kg,2007.0,22680000.0,False,9455658.0
Dominican Republic,Arabica/Robusta,domestic_consumption_kg,2008.0,22680000.0,False,9573130.0
Dominican Republic,Arabica/Robusta,domestic_consumption_kg,2009.0,22680000.0,False,9695265.0
Dominican Republic,Arabica/Robusta,domestic_consumption_kg,2010.0,22680000.0,False,9820175.0
Dominican Republic,Arabica/Robusta,domestic_consumption_kg,2011.0,22680000.0,False,9945621.0
Dominican Republic,Arabica/Robusta,domestic_consumption_kg,2012.0,22680000.0,False,10070411.0
Dominican Republic,Arabica/Robusta,domestic_consumption_kg,2013.0,22999980.0,False,10193833.0
Dominican Republic,Arabica/Robusta,domestic_consumption_kg,2014.0,23280000.0,False,10315528.0
Dominican Republic,Arabica/Robusta,domestic_consumption_kg,2015.0,23280000.0,False,10434829.0
Dominican Republic,Arabica/Robusta,domestic_consumption_kg,2016.0,23400000.0,False,10551430.0
Dominican Republic,Arabica/Robusta,domestic_consumption_kg,2017.0,23400000.0,False,10666843.0
Dominican Republic,Arabica/Robusta,domestic_consumption_kg,2018.0,23400000.0,False,10782053.0
Dominican Republic,Arabica/Robusta,domestic_consumption_kg,2019.0,22620000.0,False,10894043.0
Ecuador,Arabica/Robusta,domestic_consumption_kg,1990.0,21000000.0,False,10473673.0
Ecuador,Arabica/Robusta,domestic_consumption_kg,1991.0,21000000.0,False,10702380.0
Ecuador,Arabica/Robusta,domestic_consumption_kg,1992.0,21000000.0,False,10930128.0
Ecuador,Arabica/Robusta,domestic_consumption_kg,1993.0,21000000.0,False,11154274.0
Ecuador,Arabica/Robusta,domestic_consumption_kg,1994.0,21000000.0,False,11372197.0
Ecuador,Arabica/Robusta,domestic_consumption_kg,1995.0,21000000.0,False,11590514.0
Ecuador,Arabica/Robusta,domestic_consumption_kg,1996.0,18000000.0,False,11810950.0
Ecuador,Arabica/Robusta,domestic_consumption_kg,1997.0,18000000.0,False,12031127.0
Ecuador,Arabica/Robusta,domestic_consumption_kg,1998.0,18000000.0,False,12251184.0
Ecuador,Arabica/Robusta,domestic_consumption_kg,1999.0,13800000.0,False,12470795.0
Ecuador,Arabica/Robusta,domestic_consumption_kg,2000.0,12000000.0,False,12689206.0
Ecuador,Arabica/Robusta,domestic_consumption_kg,2001.0,12000000.0,False,12910740.0
Ecuador,Arabica/Robusta,domestic_consumption_kg,2002.0,9000000.0,False,13138472.0
Ecuador,Arabica/Robusta,domestic_consumption_kg,2003.0,9000000.0,False,13372306.0
Ecuador,Arabica/Robusta,domestic_consumption_kg,2004.0,9000000.0,False,13608701.0
Ecuador,Arabica/Robusta,domestic_consumption_kg,2005.0,9000000.0,False,13846163.0
Ecuador,Arabica/Robusta,domestic_consumption_kg,2006.0,9000000.0,False,14086131.0
Ecuador,Arabica/Robusta,domestic_consumption_kg,2007.0,9000000.0,False,14328773.0
Ecuador,Arabica/Robusta,domestic_consumption_kg,2008.0,9000000.0,False,14575202.0
Ecuador,Arabica/Robusta,domestic_consumption_kg,2009.0,9000000.0,False,14825954.0
Ecuador,Arabica/Robusta,domestic_consumption_kg,2010.0,9000000.0,False,15076695.0
Ecuador,Arabica/Robusta,domestic_consumption_kg,2011.0,9000000.0,False,15326227.0
Ecuador,Arabica/Robusta,domestic_consumption_kg,2012.0,9000000.0,False,15572194.0
Ecuador,Arabica/Robusta,domestic_consumption_kg,2013.0,9300000.0,False,15807128.0
Ecuador,Arabica/Robusta,domestic_consumption_kg,2014.0,9300000.0,False,16035124.0
Ecuador,Arabica/Robusta,domestic_consumption_kg,2015.0,9300000.0,False,16266225.0
Ecuador,Arabica/Robusta,domestic_consumption_kg,2016.0,9300000.0,False,16505139.0
Ecuador,Arabica/Robusta,domestic_consumption_kg,2017.0,9300000.0,False,16759519.0
Ecuador,Arabica/Robusta,domestic_consumption_kg,2018.0,9300000.0,False,17049547.0
Ecuador,Arabica/Robusta,domestic_consumption_kg,2019.0,8940000.0,False,17340021.0
El Salvador,Arabica,domestic_consumption_kg,1990.0,10800000.0,False,5399726.0
El Salvador,Arabica,domestic_consumption_kg,1991.0,10800000.0,False,5495077.0
El Salvador,Arabica,domestic_consumption_kg,1992.0,13800000.0,False,5585609.0
El Salvador,Arabica,domestic_consumption_kg,1993.0,13800000.0,False,5659957.0
El Salvador,Arabica,domestic_consumption_kg,1994.0,13800000.0,False,5714129.0
El Salvador,Arabica,domestic_consumption_kg,1995.0,16200000.0,False,5762131.0
El Salvador,Arabica,domestic_consumption_kg,1996.0,13800000.0,False,5805286.0
El Salvador,Arabica,domestic_consumption_kg,1997.0,11500020.0,False,5844578.0
El Salvador,Arabica,domestic_consumption_kg,1998.0,11500020.0,False,5880781.0
El Salvador,Arabica,domestic_consumption_kg,1999.0,9198000.0,False,5913900.0
El Salvador,Arabica,domestic_consumption_kg,2000.0,8640000.0,False,5943366.0
El Salvador,Arabica,domestic_consumption_kg,2001.0,9198000.0,False,5968060.0
El Salvador,Arabica,domestic_consumption_kg,2002.0,9198000.0,False,5986631.0
El Salvador,Arabica,domestic_consumption_kg,2003.0,9198000.0,False,5998599.0
El Salvador,Arabica,domestic_consumption_kg,2004.0,10350000.0,False,6004671.0
El Salvador,Arabica,domestic_consumption_kg,2005.0,13446000.0,False,6005578.0
El Salvador,Arabica,domestic_consumption_kg,2006.0,15228000.0,False,6002319.0
El Salvador,Arabica,domestic_consumption_kg,2007.0,15030000.0,False,6009824.0
El Salvador,Arabica,domestic_consumption_kg,2008.0,14658000.0,False,6029297.0
El Salvador,Arabica,domestic_consumption_kg,2009.0,16098000.0,False,6048279.0
El Salvador,Arabica,domestic_consumption_kg,2010.0,16560000.0,False,6068249.0
El Salvador,Arabica,domestic_consumption_kg,2011.0,16404000.0,False,6090127.0
El Salvador,Arabica,domestic_consumption_kg,2012.0,16596000.0,False,6113975.0
El Salvador,Arabica,domestic_consumption_kg,2013.0,16500000.0,False,6138839.0
El Salvador,Arabica,domestic_consumption_kg,2014.0,16800000.0,False,6162955.0
El Salvador,Arabica,domestic_consumption_kg,2015.0,17100000.0,False,6183676.0
El Salvador,Arabica,domestic_consumption_kg,2016.0,17520000.0,False,6200800.0
El Salvador,Arabica,domestic_consumption_kg,2017.0,18000000.0,False,6213533.0
El Salvador,Arabica,domestic_consumption_kg,2018.0,18000000.0,False,6219807.0
El Salvador,Arabica,domestic_consumption_kg,2019.0,17520000.0,False,6222318.0
Equatorial Guinea,Robusta,domestic_consumption_kg,1990.0,0.0,False,474274.0
Equatorial Guinea,Robusta,domestic_consumption_kg,1991.0,0.0,False,492217.0
Equatorial Guinea,Robusta,domestic_consumption_kg,1992.0,0.0,False,510770.0
Equatorial Guinea,Robusta,domestic_consumption_kg,1993.0,0.0,False,530023.0
Equatorial Guinea,Robusta,domestic_consumption_kg,1994.0,0.0,False,550138.0
Equatorial Guinea,Robusta,domestic_consumption_kg,1995.0,0.0,False,571264.0
Equatorial Guinea,Robusta,domestic_consumption_kg,1996.0,0.0,False,593492.0
Equatorial Guinea,Robusta,domestic_consumption_kg,1997.0,0.0,False,616893.0
Equatorial Guinea,Robusta,domestic_consumption_kg,1998.0,0.0,False,641474.0
Equatorial Guinea,Robusta,domestic_consumption_kg,1999.0,0.0,False,667214.0
Equatorial Guinea,Robusta,domestic_consumption_kg,2000.0,0.0,False,703279.0
Equatorial Guinea,Robusta,domestic_consumption_kg,2001.0,0.0,False,749836.0
Equatorial Guinea,Robusta,domestic_consumption_kg,2002.0,0.0,False,797957.0
Equatorial Guinea,Robusta,domestic_consumption_kg,2003.0,0.0,False,847862.0
Equatorial Guinea,Robusta,domestic_consumption_kg,2004.0,0.0,False,899917.0
Equatorial Guinea,Robusta,domestic_consumption_kg,2005.0,0.0,False,947367.0
Equatorial Guinea,Robusta,domestic_consumption_kg,2006.0,0.0,False,990343.0
Equatorial Guinea,Robusta,domestic_consumption_kg,2007.0,0.0,False,1036044.0
Equatorial Guinea,Robusta,domestic_consumption_kg,2008.0,0.0,False,1084530.0
Equatorial Guinea,Robusta,domestic_consumption_kg,2009.0,0.0,False,1135673.0
Equatorial Guinea,Robusta,domestic_consumption_kg,2010.0,0.0,False,1189085.0
Equatorial Guinea,Robusta,domestic_consumption_kg,2011.0,0.0,False,1241835.0
Equatorial Guinea,Robusta,domestic_consumption_kg,2012.0,0.0,False,1293483.0
Equatorial Guinea,Robusta,domestic_consumption_kg,2013.0,0.0,False,1346218.0
Equatorial Guinea,Robusta,domestic_consumption_kg,2014.0,0.0,False,1399828.0
Equatorial Guinea,Robusta,domestic_consumption_kg,2015.0,0.0,False,1453923.0
Equatorial Guinea,Robusta,domestic_consumption_kg,2016.0,0.0,False,1508186.0
Equatorial Guinea,Robusta,domestic_consumption_kg,2017.0,0.0,False,1562396.0
Equatorial Guinea,Robusta,domestic_consumption_kg,2018.0,0.0,False,1616422.0
Equatorial Guinea,Robusta,domestic_consumption_kg,2019.0,0.0,False,1670177.0
Ethiopia,Arabica,domestic_consumption_kg,1990.0,72000000.0,False,47609755.0
Ethiopia,Arabica,domestic_consumption_kg,1991.0,75840000.0,False,49717198.0
Ethiopia,Arabica,domestic_consumption_kg,1992.0,79860000.0,False,51853747.0
Ethiopia,Arabica,domestic_consumption_kg,1993.0,84120000.0,False,53708891.0
Ethiopia,Arabica,domestic_consumption_kg,1994.0,88560000.0,False,55611508.0
Ethiopia,Arabica,domestic_consumption_kg,1995.0,93300000.0,False,57537335.0
Ethiopia,Arabica,domestic_consumption_kg,1996.0,98220000.0,False,59467635.0
Ethiopia,Arabica,domestic_consumption_kg,1997.0,103440000.0,False,61404539.0
Ethiopia,Arabica,domestic_consumption_kg,1998.0,108960000.0,False,63363524.0
Ethiopia,Arabica,domestic_consumption_kg,1999.0,114720000.0,False,65374561.0
Ethiopia,Arabica,domestic_consumption_kg,2000.0,120840000.0,False,67411494.0
Ethiopia,Arabica,domestic_consumption_kg,2001.0,127260000.0,False,69487762.0
Ethiopia,Arabica,domestic_consumption_kg,2002.0,134040000.0,False,71635517.0
Ethiopia,Arabica,domestic_consumption_kg,2003.0,141180000.0,False,73832663.0
Ethiopia,Arabica,domestic_consumption_kg,2004.0,148680000.0,False,76077206.0
Ethiopia,Arabica,domestic_consumption_kg,2005.0,156540000.0,False,78367470.0
Ethiopia,Arabica,domestic_consumption_kg,2006.0,164880000.0,False,80703490.0
Ethiopia,Arabica,domestic_consumption_kg,2007.0,173640000.0,False,83103217.0
Ethiopia,Arabica,domestic_consumption_kg,2008.0,182880000.0,False,85543668.0
Ethiopia,Arabica,domestic_consumption_kg,2009.0,186540000.0,False,88007636.0
Ethiopia,Arabica,domestic_consumption_kg,2010.0,190260000.0,False,90538514.0
Ethiopia,Arabica,domestic_consumption_kg,2011.0,194100000.0,False,93149970.0
Ethiopia,Arabica,domestic_consumption_kg,2012.0,197940000.0,False,95798767.0
Ethiopia,Arabica,domestic_consumption_kg,2013.0,201900000.0,False,98438751.0
Ethiopia,Arabica,domestic_consumption_kg,2014.0,205980000.0,False,101115610.0
Ethiopia,Arabica,domestic_consumption_kg,2015.0,210060000.0,False,103867135.0
Ethiopia,Arabica,domestic_consumption_kg,2016.0,214260000.0,False,106718162.0
Ethiopia,Arabica,domestic_consumption_kg,2017.0,218580000.0,False,109666481.0
Ethiopia,Arabica,domestic_consumption_kg,2018.0,221100000.0,False,112664152.0
Ethiopia,Arabica,domestic_consumption_kg,2019.0,226860000.0,False,115737383.0
Gabon,Robusta,domestic_consumption_kg,1990.0,102000.0,False,983734.0
Gabon,Robusta,domestic_consumption_kg,1991.0,60000.0,False,1010818.0
Gabon,Robusta,domestic_consumption_kg,1992.0,48000.0,False,1038380.0
Gabon,Robusta,domestic_consumption_kg,1993.0,48000.0,False,1066405.0
Gabon,Robusta,domestic_consumption_kg,1994.0,60000.0,False,1094720.0
Gabon,Robusta,domestic_consumption_kg,1995.0,48000.0,False,1123213.0
Gabon,Robusta,domestic_consumption_kg,1996.0,49980.0,False,1152015.0
Gabon,Robusta,domestic_consumption_kg,1997.0,48000.0,False,1181439.0
Gabon,Robusta,domestic_consumption_kg,1998.0,48000.0,False,1211736.0
Gabon,Robusta,domestic_consumption_kg,1999.0,42900.0,False,1243016.0
Gabon,Robusta,domestic_consumption_kg,2000.0,18000.0,False,1275572.0
Gabon,Robusta,domestic_consumption_kg,2001.0,18000.0,False,1309589.0
Gabon,Robusta,domestic_consumption_kg,2002.0,18000.0,False,1345135.0
Gabon,Robusta,domestic_consumption_kg,2003.0,18000.0,False,1382350.0
Gabon,Robusta,domestic_consumption_kg,2004.0,18000.0,False,1421609.0
Gabon,Robusta,domestic_consumption_kg,2005.0,18000.0,False,1463495.0
Gabon,Robusta,domestic_consumption_kg,2006.0,18000.0,False,1508337.0
Gabon,Robusta,domestic_consumption_kg,2007.0,18000.0,False,1556237.0
Gabon,Robusta,domestic_consumption_kg,2008.0,16500.0,False,1607175.0
Gabon,Robusta,domestic_consumption_kg,2009.0,15000.0,False,1661556.0
Gabon,Robusta,domestic_consumption_kg,2010.0,56820.0,False,1719879.0
Gabon,Robusta,domestic_consumption_kg,2011.0,61920.0,False,1781985.0
Gabon,Robusta,domestic_consumption_kg,2012.0,58020.0,False,1846889.0
Gabon,Robusta,domestic_consumption_kg,2013.0,34980.0,False,1913059.0
Gabon,Robusta,domestic_consumption_kg,2014.0,31020.0,False,1978399.0
Gabon,Robusta,domestic_consumption_kg,2015.0,30000.0,False,2040989.0
Gabon,Robusta,domestic_consumption_kg,2016.0,30000.0,False,2100306.0
Gabon,Robusta,domestic_consumption_kg,2017.0,30000.0,False,2156900.0
Gabon,Robusta,domestic_consumption_kg,2018.0,30000.0,False,2212318.0
Gabon,Robusta,domestic_consumption_kg,2019.0,30000.0,False,2267706.0
Ghana,Robusta,domestic_consumption_kg,1990.0,1020000.0,False,15394648.0
Ghana,Robusta,domestic_consumption_kg,1991.0,1020000.0,False,15787496.0
Ghana,Robusta,domestic_consumption_kg,1992.0,1020000.0,False,16184855.0
Ghana,Robusta,domestic_consumption_kg,1993.0,1020000.0,False,16589519.0
Ghana,Robusta,domestic_consumption_kg,1994.0,1680000.0,False,16993190.0
Ghana,Robusta,domestic_consumption_kg,1995.0,1680000.0,False,17399017.0
Ghana,Robusta,domestic_consumption_kg,1996.0,180000.0,False,17810181.0
Ghana,Robusta,domestic_consumption_kg,1997.0,180000.0,False,18238958.0
Ghana,Robusta,domestic_consumption_kg,1998.0,60000.0,False,18688036.0
Ghana,Robusta,domestic_consumption_kg,1999.0,60000.0,False,19149864.0
Ghana,Robusta,domestic_consumption_kg,2000.0,60000.0,False,19637087.0
Ghana,Robusta,domestic_consumption_kg,2001.0,60000.0,False,20167069.0
Ghana,Robusta,domestic_consumption_kg,2002.0,60000.0,False,20729388.0
Ghana,Robusta,domestic_consumption_kg,2003.0,60000.0,False,21296705.0
Ghana,Robusta,domestic_consumption_kg,2004.0,95400.0,False,21868298.0
Ghana,Robusta,domestic_consumption_kg,2005.0,95400.0,False,22449438.0
Ghana,Robusta,domestic_consumption_kg,2006.0,60000.0,False,23040702.0
Ghana,Robusta,domestic_consumption_kg,2007.0,120000.0,False,23642279.0
Ghana,Robusta,domestic_consumption_kg,2008.0,120000.0,False,24249946.0
Ghana,Robusta,domestic_consumption_kg,2009.0,120000.0,False,24862664.0
Ghana,Robusta,domestic_consumption_kg,2010.0,120000.0,False,25474995.0
Ghana,Robusta,domestic_consumption_kg,2011.0,120000.0,False,26095088.0
Ghana,Robusta,domestic_consumption_kg,2012.0,120000.0,False,26734268.0
Ghana,Robusta,domestic_consumption_kg,2013.0,120000.0,False,27386193.0
Ghana,Robusta,domestic_consumption_kg,2014.0,120000.0,False,28041592.0
Ghana,Robusta,domestic_consumption_kg,2015.0,120000.0,False,28696068.0
Ghana,Robusta,domestic_consumption_kg,2016.0,120000.0,False,29356742.0
Ghana,Robusta,domestic_consumption_kg,2017.0,120000.0,False,30008354.0
Ghana,Robusta,domestic_consumption_kg,2018.0,120000.0,False,30637585.0
Ghana,Robusta,domestic_consumption_kg,2019.0,120000.0,False,31258945.0
Guatemala,Arabica/Robusta,domestic_consumption_kg,1990.0,18000000.0,False,9024773.0
Guatemala,Arabica/Robusta,domestic_consumption_kg,1991.0,18000000.0,False,9272584.0
Guatemala,Arabica/Robusta,domestic_consumption_kg,1992.0,18000000.0,False,9522266.0
Guatemala,Arabica/Robusta,domestic_consumption_kg,1993.0,18600000.0,False,9779761.0
Guatemala,Arabica/Robusta,domestic_consumption_kg,1994.0,18600000.0,False,10043718.0
Guatemala,Arabica/Robusta,domestic_consumption_kg,1995.0,18600000.0,False,10312996.0
Guatemala,Arabica/Robusta,domestic_consumption_kg,1996.0,18000000.0,False,10583526.0
Guatemala,Arabica/Robusta,domestic_consumption_kg,1997.0,18000000.0,False,10857754.0
Guatemala,Arabica/Robusta,domestic_consumption_kg,1998.0,18000000.0,False,11139145.0
Guatemala,Arabica/Robusta,domestic_consumption_kg,1999.0,18000000.0,False,11422965.0
Guatemala,Arabica/Robusta,domestic_consumption_kg,2000.0,18000000.0,False,11697592.0
Guatemala,Arabica/Robusta,domestic_consumption_kg,2001.0,18000000.0,False,11969422.0
Guatemala,Arabica/Robusta,domestic_consumption_kg,2002.0,18000000.0,False,12246915.0
Guatemala,Arabica/Robusta,domestic_consumption_kg,2003.0,18000000.0,False,12525842.0
Guatemala,Arabica/Robusta,domestic_consumption_kg,2004.0,18000000.0,False,12807402.0
Guatemala,Arabica/Robusta,domestic_consumption_kg,2005.0,18000000.0,False,13087629.0
Guatemala,Arabica/Robusta,domestic_consumption_kg,2006.0,18000000.0,False,13367459.0
Guatemala,Arabica/Robusta,domestic_consumption_kg,2007.0,18000000.0,False,13652040.0
Guatemala,Arabica/Robusta,domestic_consumption_kg,2008.0,20100000.0,False,13935174.0
Guatemala,Arabica/Robusta,domestic_consumption_kg,2009.0,19200000.0,False,14215611.0
Guatemala,Arabica/Robusta,domestic_consumption_kg,2010.0,20400000.0,False,14500112.0
Guatemala,Arabica/Robusta,domestic_consumption_kg,2011.0,21000000.0,False,14792126.0
Guatemala,Arabica/Robusta,domestic_consumption_kg,2012.0,21600000.0,False,15089647.0
Guatemala,Arabica/Robusta,domestic_consumption_kg,2013.0,22200000.0,False,15387337.0
Guatemala,Arabica/Robusta,domestic_consumption_kg,2014.0,22800000.0,False,15681725.0
Guatemala,Arabica/Robusta,domestic_consumption_kg,2015.0,23400000.0,False,15971743.0
Guatemala,Arabica/Robusta,domestic_consumption_kg,2016.0,23400000.0,False,16268760.0
Guatemala,Arabica/Robusta,domestic_consumption_kg,2017.0,23700000.0,False,16567357.0
Guatemala,Arabica/Robusta,domestic_consumption_kg,2018.0,23700000.0,False,16845685.0
Guatemala,Arabica/Robusta,domestic_consumption_kg,2019.0,23580000.0,False,17103803.0
Guinea,Robusta,domestic_consumption_kg,1990.0,1500000.0,False,6434374.0
Guinea,Robusta,domestic_consumption_kg,1991.0,1500000.0,False,6697166.0
Guinea,Robusta,domestic_consumption_kg,1992.0,3750000.0,False,6914366.0
Guinea,Robusta,domestic_consumption_kg,1993.0,1980000.0,False,7128177.0
Guinea,Robusta,domestic_consumption_kg,1994.0,3000000.0,False,7345107.0
Guinea,Robusta,domestic_consumption_kg,1995.0,3000000.0,False,7553249.0
Guinea,Robusta,domestic_consumption_kg,1996.0,3000000.0,False,7770035.0
Guinea,Robusta,domestic_consumption_kg,1997.0,3000000.0,False,7931370.0
Guinea,Robusta,domestic_consumption_kg,1998.0,3000000.0,False,8081990.0
Guinea,Robusta,domestic_consumption_kg,1999.0,3000000.0,False,8265123.0
Guinea,Robusta,domestic_consumption_kg,2000.0,3000000.0,False,8428832.0
Guinea,Robusta,domestic_consumption_kg,2001.0,3000000.0,False,8539960.0
Guinea,Robusta,domestic_consumption_kg,2002.0,3000000.0,False,8674066.0
Guinea,Robusta,domestic_consumption_kg,2003.0,3000000.0,False,8870781.0
Guinea,Robusta,domestic_consumption_kg,2004.0,3000000.0,False,9062726.0
Guinea,Robusta,domestic_consumption_kg,2005.0,3000000.0,False,9245844.0
Guinea,Robusta,domestic_consumption_kg,2006.0,3000000.0,False,9441171.0
Guinea,Robusta,domestic_consumption_kg,2007.0,3000000.0,False,9662281.0
Guinea,Robusta,domestic_consumption_kg,2008.0,3000000.0,False,9898870.0
Guinea,Robusta,domestic_consumption_kg,2009.0,3000000.0,False,10143534.0
Guinea,Robusta,domestic_consumption_kg,2010.0,3000000.0,False,10396086.0
Guinea,Robusta,domestic_consumption_kg,2011.0,3000000.0,False,10656810.0
Guinea,Robusta,domestic_consumption_kg,2012.0,3000000.0,False,10921581.0
Guinea,Robusta,domestic_consumption_kg,2013.0,3000000.0,False,11191873.0
Guinea,Robusta,domestic_consumption_kg,2014.0,3000000.0,False,11472924.0
Guinea,Robusta,domestic_consumption_kg,2015.0,3000000.0,False,11767070.0
Guinea,Robusta,domestic_consumption_kg,2016.0,3000000.0,False,12073030.0
Guinea,Robusta,domestic_consumption_kg,2017.0,3000000.0,False,12385659.0
Guinea,Robusta,domestic_consumption_kg,2018.0,3000000.0,False,12704774.0
Guinea,Robusta,domestic_consumption_kg,2019.0,3000000.0,False,13034346.0
Guyana,Robusta,domestic_consumption_kg,1990.0,0.0,False,749894.0
Guyana,Robusta,domestic_consumption_kg,1991.0,0.0,False,747861.0
Guyana,Robusta,domestic_consumption_kg,1992.0,0.0,False,749911.0
Guyana,Robusta,domestic_consumption_kg,1993.0,0.0,False,752965.0
Guyana,Robusta,domestic_consumption_kg,1994.0,0.0,False,755822.0
Guyana,Robusta,domestic_consumption_kg,1995.0,0.0,False,758388.0
Guyana,Robusta,domestic_consumption_kg,1996.0,0.0,False,760526.0
Guyana,Robusta,domestic_consumption_kg,1997.0,0.0,False,762245.0
Guyana,Robusta,domestic_consumption_kg,1998.0,292020.0,False,763586.0
Guyana,Robusta,domestic_consumption_kg,1999.0,261000.0,False,764483.0
Guyana,Robusta,domestic_consumption_kg,2000.0,112980.0,False,764832.0
Guyana,Robusta,domestic_consumption_kg,2001.0,250020.0,False,764477.0
Guyana,Robusta,domestic_consumption_kg,2002.0,261000.0,False,763652.0
Guyana,Robusta,domestic_consumption_kg,2003.0,285000.0,False,763101.0
Guyana,Robusta,domestic_consumption_kg,2004.0,330000.0,False,762418.0
Guyana,Robusta,domestic_consumption_kg,2005.0,336000.0,False,760914.0
Guyana,Robusta,domestic_consumption_kg,2006.0,343020.0,False,758966.0
Guyana,Robusta,domestic_consumption_kg,2007.0,420000.0,False,756861.0
Guyana,Robusta,domestic_consumption_kg,2008.0,508020.0,False,754606.0
Guyana,Robusta,domestic_consumption_kg,2009.0,493980.0,False,752094.0
Guyana,Robusta,domestic_consumption_kg,2010.0,510000.0,False,749256.0
Guyana,Robusta,domestic_consumption_kg,2011.0,516000.0,False,746153.0
Guyana,Robusta,domestic_consumption_kg,2012.0,522000.0,False,746288.0
Guyana,Robusta,domestic_consumption_kg,2013.0,528000.0,False,750021.0
Guyana,Robusta,domestic_consumption_kg,2014.0,534000.0,False,754229.0
Guyana,Robusta,domestic_consumption_kg,2015.0,540000.0,False,758781.0
Guyana,Robusta,domestic_consumption_kg,2016.0,540000.0,False,763548.0
Guyana,Robusta,domestic_consumption_kg,2017.0,540000.0,False,768479.0
Guyana,Robusta,domestic_consumption_kg,2018.0,540000.0,False,791556.0
Guyana,Robusta,domestic_consumption_kg,2019.0,540000.0,False,807665.0
Haiti,Arabica,domestic_consumption_kg,1990.0,13200000.0,False,6854441.0
Haiti,Arabica,domestic_consumption_kg,1991.0,19800000.0,False,6995450.0
Haiti,Arabica,domestic_consumption_kg,1992.0,19800000.0,False,7136571.0
Haiti,Arabica,domestic_consumption_kg,1993.0,19800000.0,False,7278181.0
Haiti,Arabica,domestic_consumption_kg,1994.0,19800000.0,False,7419771.0
Haiti,Arabica,domestic_consumption_kg,1995.0,19800000.0,False,7562546.0
Haiti,Arabica,domestic_consumption_kg,1996.0,19800000.0,False,7707557.0
Haiti,Arabica,domestic_consumption_kg,1997.0,19800000.0,False,7854298.0
Haiti,Arabica,domestic_consumption_kg,1998.0,19800000.0,False,8002143.0
Haiti,Arabica,domestic_consumption_kg,1999.0,20400000.0,False,8151296.0
Haiti,Arabica,domestic_consumption_kg,2000.0,20400000.0,False,8303151.0
Haiti,Arabica,domestic_consumption_kg,2001.0,20400000.0,False,8455918.0
Haiti,Arabica,domestic_consumption_kg,2002.0,20400000.0,False,8607641.0
Haiti,Arabica,domestic_consumption_kg,2003.0,20400000.0,False,8759912.0
Haiti,Arabica,domestic_consumption_kg,2004.0,20400000.0,False,8910263.0
Haiti,Arabica,domestic_consumption_kg,2005.0,20400000.0,False,9061273.0
Haiti,Arabica,domestic_consumption_kg,2006.0,20400000.0,False,9216562.0
Haiti,Arabica,domestic_consumption_kg,2007.0,20400000.0,False,9373296.0
Haiti,Arabica,domestic_consumption_kg,2008.0,20400000.0,False,9530774.0
Haiti,Arabica,domestic_consumption_kg,2009.0,20400000.0,False,9689581.0
Haiti,Arabica,domestic_consumption_kg,2010.0,20400000.0,False,9803294.0
Haiti,Arabica,domestic_consumption_kg,2011.0,20400000.0,False,9914904.0
Haiti,Arabica,domestic_consumption_kg,2012.0,20400000.0,False,10069771.0
Haiti,Arabica,domestic_consumption_kg,2013.0,20400000.0,False,10222362.0
Haiti,Arabica,domestic_consumption_kg,2014.0,20400000.0,False,10373235.0
Haiti,Arabica,domestic_consumption_kg,2015.0,20400000.0,False,10523242.0
Haiti,Arabica,domestic_consumption_kg,2016.0,20400000.0,False,10671457.0
Haiti,Arabica,domestic_consumption_kg,2017.0,20400000.0,False,10817754.0
Haiti,Arabica,domestic_consumption_kg,2018.0,20700000.0,False,10962362.0
Haiti,Arabica,domestic_consumption_kg,2019.0,20700000.0,False,11105163.0
Honduras,Arabica,domestic_consumption_kg,1990.0,11289240.0,False,4980488.0
Honduras,Arabica,domestic_consumption_kg,1991.0,15426000.0,False,5123792.0
Honduras,Arabica,domestic_consumption_kg,1992.0,14400000.0,False,5271431.0
Honduras,Arabica,domestic_consumption_kg,1993.0,13800000.0,False,5423249.0
Honduras,Arabica,domestic_consumption_kg,1994.0,15180000.0,False,5579242.0
Honduras,Arabica,domestic_consumption_kg,1995.0,9660000.0,False,5739637.0
Honduras,Arabica,domestic_consumption_kg,1996.0,10075440.0,False,5903954.0
Honduras,Arabica,domestic_consumption_kg,1997.0,9660000.0,False,6071454.0
Honduras,Arabica,domestic_consumption_kg,1998.0,8280000.0,False,6234431.0
Honduras,Arabica,domestic_consumption_kg,1999.0,10080000.0,False,6400463.0
Honduras,Arabica,domestic_consumption_kg,2000.0,13800000.0,False,6577773.0
Honduras,Arabica,domestic_consumption_kg,2001.0,12000000.0,False,6757993.0
Honduras,Arabica,domestic_consumption_kg,2002.0,12000000.0,False,6938859.0
Honduras,Arabica,domestic_consumption_kg,2003.0,12000000.0,False,7119213.0
Honduras,Arabica,domestic_consumption_kg,2004.0,13800000.0,False,7298994.0
Honduras,Arabica,domestic_consumption_kg,2005.0,13800000.0,False,7478355.0
Honduras,Arabica,domestic_consumption_kg,2006.0,13800000.0,False,7656832.0
Honduras,Arabica,domestic_consumption_kg,2007.0,14700000.0,False,7834798.0
Honduras,Arabica,domestic_consumption_kg,2008.0,16099980.0,False,8012587.0
Honduras,Arabica,domestic_consumption_kg,2009.0,18400020.0,False,8189899.0
Honduras,Arabica,domestic_consumption_kg,2010.0,20100000.0,False,8365878.0
Honduras,Arabica,domestic_consumption_kg,2011.0,20400000.0,False,8540583.0
Honduras,Arabica,domestic_consumption_kg,2012.0,20700000.0,False,8715076.0
Honduras,Arabica,domestic_consumption_kg,2013.0,21000000.0,False,8889278.0
Honduras,Arabica,domestic_consumption_kg,2014.0,21300000.0,False,9063122.0
Honduras,Arabica,domestic_consumption_kg,2015.0,21900000.0,False,9237305.0
Honduras,Arabica,domestic_consumption_kg,2016.0,22200000.0,False,9412380.0
Honduras,Arabica,domestic_consumption_kg,2017.0,22500000.0,False,9588137.0
Honduras,Arabica,domestic_consumption_kg,2018.0,22500000.0,False,9765210.0
Honduras,Arabica,domestic_consumption_kg,2019.0,21000000.0,False,9943633.0
India,Robusta/Arabica,domestic_consumption_kg,1990.0,54180000.0,False,864972221.0
India,Robusta/Arabica,domestic_consumption_kg,1991.0,55000020.0,False,883927600.0
India,Robusta/Arabica,domestic_consumption_kg,1992.0,55020000.0,False,902957070.0
India,Robusta/Arabica,domestic_consumption_kg,1993.0,49999980.0,False,922118387.0
India,Robusta/Arabica,domestic_consumption_kg,1994.0,50100000.0,False,941163767.0
India,Robusta/Arabica,domestic_consumption_kg,1995.0,50220000.0,False,960301044.0
India,Robusta/Arabica,domestic_consumption_kg,1996.0,50280000.0,False,979678458.0
India,Robusta/Arabica,domestic_consumption_kg,1997.0,50340000.0,False,999133762.0
India,Robusta/Arabica,domestic_consumption_kg,1998.0,54000000.0,False,1018665080.0
India,Robusta/Arabica,domestic_consumption_kg,1999.0,55500000.0,False,1038225823.0
India,Robusta/Arabica,domestic_consumption_kg,2000.0,58500000.0,False,1057922733.0
India,Robusta/Arabica,domestic_consumption_kg,2001.0,64020000.0,False,1077898575.0
India,Robusta/Arabica,domestic_consumption_kg,2002.0,67980000.0,False,1097600380.0
India,Robusta/Arabica,domestic_consumption_kg,2003.0,70020000.0,False,1116803006.0
India,Robusta/Arabica,domestic_consumption_kg,2004.0,72120000.0,False,1135991513.0
India,Robusta/Arabica,domestic_consumption_kg,2005.0,74280000.0,False,1154676322.0
India,Robusta/Arabica,domestic_consumption_kg,2006.0,76500000.0,False,1172878890.0
India,Robusta/Arabica,domestic_consumption_kg,2007.0,81000000.0,False,1190676021.0
India,Robusta/Arabica,domestic_consumption_kg,2008.0,76500000.0,False,1207930964.0
India,Robusta/Arabica,domestic_consumption_kg,2009.0,79500000.0,False,1225524753.0
India,Robusta/Arabica,domestic_consumption_kg,2010.0,79500000.0,False,1243481564.0
India,Robusta/Arabica,domestic_consumption_kg,2011.0,79500000.0,False,1261224954.0
India,Robusta/Arabica,domestic_consumption_kg,2012.0,82500000.0,False,1278674502.0
India,Robusta/Arabica,domestic_consumption_kg,2013.0,84000000.0,False,1295829511.0
India,Robusta/Arabica,domestic_consumption_kg,2014.0,85800000.0,False,1312277191.0
India,Robusta/Arabica,domestic_consumption_kg,2015.0,87000000.0,False,1328024498.0
India,Robusta/Arabica,domestic_consumption_kg,2016.0,86400000.0,False,1343944296.0
India,Robusta/Arabica,domestic_consumption_kg,2017.0,88200000.0,False,1359657400.0
India,Robusta/Arabica,domestic_consumption_kg,2018.0,88500000.0,False,1374659064.0
India,Robusta/Arabica,domestic_consumption_kg,2019.0,87000000.0,False,1389030312.0
Indonesia,Robusta/Arabica,domestic_consumption_kg,1990.0,74520000.0,False,183501098.0
Indonesia,Robusta/Arabica,domestic_consumption_kg,1991.0,76800000.0,False,186778238.0
Indonesia,Robusta/Arabica,domestic_consumption_kg,1992.0,79140000.0,False,190043744.0
Indonesia,Robusta/Arabica,domestic_consumption_kg,1993.0,81540000.0,False,193305168.0
Indonesia,Robusta/Arabica,domestic_consumption_kg,1994.0,84000000.0,False,196591828.0
Indonesia,Robusta/Arabica,domestic_consumption_kg,1995.0,86580000.0,False,199888057.0
Indonesia,Robusta/Arabica,domestic_consumption_kg,1996.0,89160000.0,False,203204348.0
Indonesia,Robusta/Arabica,domestic_consumption_kg,1997.0,91920000.0,False,206536095.0
Indonesia,Robusta/Arabica,domestic_consumption_kg,1998.0,94680000.0,False,209826788.0
Indonesia,Robusta/Arabica,domestic_consumption_kg,1999.0,97560000.0,False,213004668.0
Indonesia,Robusta/Arabica,domestic_consumption_kg,2000.0,100560000.0,False,216077790.0
Indonesia,Robusta/Arabica,domestic_consumption_kg,2001.0,120000000.0,False,219097902.0
Indonesia,Robusta/Arabica,domestic_consumption_kg,2002.0,106740000.0,False,222088495.0
Indonesia,Robusta/Arabica,domestic_consumption_kg,2003.0,109980000.0,False,225048008.0
Indonesia,Robusta/Arabica,domestic_consumption_kg,2004.0,120000000.0,False,227926649.0
Indonesia,Robusta/Arabica,domestic_consumption_kg,2005.0,150000000.0,False,230871650.0
Indonesia,Robusta/Arabica,domestic_consumption_kg,2006.0,169980000.0,False,233951652.0
Indonesia,Robusta/Arabica,domestic_consumption_kg,2007.0,199980000.0,False,237062337.0
Indonesia,Robusta/Arabica,domestic_consumption_kg,2008.0,199980000.0,False,240157903.0
Indonesia,Robusta/Arabica,domestic_consumption_kg,2009.0,199980000.0,False,243220028.0
Indonesia,Robusta/Arabica,domestic_consumption_kg,2010.0,199980000.0,False,246305322.0
Indonesia,Robusta/Arabica,domestic_consumption_kg,2011.0,220020000.0,False,249470032.0
Indonesia,Robusta/Arabica,domestic_consumption_kg,2012.0,234000000.0,False,252698525.0
Indonesia,Robusta/Arabica,domestic_consumption_kg,2013.0,255000000.0,False,255852467.0
Indonesia,Robusta/Arabica,domestic_consumption_kg,2014.0,265020000.0,False,258877399.0
Indonesia,Robusta/Arabica,domestic_consumption_kg,2015.0,273000000.0,False,261799249.0
Indonesia,Robusta/Arabica,domestic_consumption_kg,2016.0,279000000.0,False,264627418.0
Indonesia,Robusta/Arabica,domestic_consumption_kg,2017.0,285000000.0,False,267346658.0
Indonesia,Robusta/Arabica,domestic_consumption_kg,2018.0,288000000.0,False,269951846.0
Indonesia,Robusta/Arabica,domestic_consumption_kg,2019.0,288360000.0,False,272489381.0
Jamaica,Arabica,domestic_consumption_kg,1990.0,420000.0,False,2379877.0
Jamaica,Arabica,domestic_consumption_kg,1991.0,660000.0,False,2400869.0
Jamaica,Arabica,domestic_consumption_kg,1992.0,360000.0,False,2424701.0
Jamaica,Arabica,domestic_consumption_kg,1993.0,576000.0,False,2449916.0
Jamaica,Arabica,domestic_consumption_kg,1994.0,900000.0,False,2475220.0
Jamaica,Arabica,domestic_consumption_kg,1995.0,900000.0,False,2500151.0
Jamaica,Arabica,domestic_consumption_kg,1996.0,1080000.0,False,2524463.0
Jamaica,Arabica,domestic_consumption_kg,1997.0,1200000.0,False,2547848.0
Jamaica,Arabica,domestic_consumption_kg,1998.0,888000.0,False,2569736.0
Jamaica,Arabica,domestic_consumption_kg,1999.0,660000.0,False,2589795.0
Jamaica,Arabica,domestic_consumption_kg,2000.0,724020.0,False,2607826.0
Jamaica,Arabica,domestic_consumption_kg,2001.0,600000.0,False,2624403.0
Jamaica,Arabica,domestic_consumption_kg,2002.0,540000.0,False,2640572.0
Jamaica,Arabica,domestic_consumption_kg,2003.0,540000.0,False,2656623.0
Jamaica,Arabica,domestic_consumption_kg,2004.0,540000.0,False,2672225.0
Jamaica,Arabica,domestic_consumption_kg,2005.0,540000.0,False,2687066.0
Jamaica,Arabica,domestic_consumption_kg,2006.0,540000.0,False,2700968.0
Jamaica,Arabica,domestic_consumption_kg,2007.0,540000.0,False,2713800.0
Jamaica,Arabica,domestic_consumption_kg,2008.0,540000.0,False,2725635.0
Jamaica,Arabica,domestic_consumption_kg,2009.0,540000.0,False,2736995.0
Jamaica,Arabica,domestic_consumption_kg,2010.0,540000.0,False,2748568.0
Jamaica,Arabica,domestic_consumption_kg,2011.0,540000.0,False,2760494.0
Jamaica,Arabica,domestic_consumption_kg,2012.0,540000.0,False,2772430.0
Jamaica,Arabica,domestic_consumption_kg,2013.0,540000.0,False,2783687.0
Jamaica,Arabica,domestic_consumption_kg,2014.0,540000.0,False,2793749.0
Jamaica,Arabica,domestic_consumption_kg,2015.0,540000.0,False,2802534.0
Jamaica,Arabica,domestic_consumption_kg,2016.0,540000.0,False,2809915.0
Jamaica,Arabica,domestic_consumption_kg,2017.0,540000.0,False,2815764.0
Jamaica,Arabica,domestic_consumption_kg,2018.0,540000.0,False,2820097.0
Jamaica,Arabica,domestic_consumption_kg,2019.0,540000.0,False,2823271.0
Kenya,Arabica,domestic_consumption_kg,1990.0,3000000.0,False,22892651.0
Kenya,Arabica,domestic_consumption_kg,1991.0,3000000.0,False,23646514.0
Kenya,Arabica,domestic_consumption_kg,1992.0,3000000.0,False,24382460.0
Kenya,Arabica,domestic_consumption_kg,1993.0,3000000.0,False,25117188.0
Kenya,Arabica,domestic_consumption_kg,1994.0,3000000.0,False,25857130.0
Kenya,Arabica,domestic_consumption_kg,1995.0,3000000.0,False,26601751.0
Kenya,Arabica,domestic_consumption_kg,1996.0,3000000.0,False,27344211.0
Kenya,Arabica,domestic_consumption_kg,1997.0,3000000.0,False,28101768.0
Kenya,Arabica,domestic_consumption_kg,1998.0,3000000.0,False,28888057.0
Kenya,Arabica,domestic_consumption_kg,1999.0,3000000.0,False,29733408.0
Kenya,Arabica,domestic_consumption_kg,2000.0,3000000.0,False,30642890.0
Kenya,Arabica,domestic_consumption_kg,2001.0,3000000.0,False,31619170.0
Kenya,Arabica,domestic_consumption_kg,2002.0,3000000.0,False,32629808.0
Kenya,Arabica,domestic_consumption_kg,2003.0,3000000.0,False,33652223.0
Kenya,Arabica,domestic_consumption_kg,2004.0,3000000.0,False,34713455.0
Kenya,Arabica,domestic_consumption_kg,2005.0,3000000.0,False,35796484.0
Kenya,Arabica,domestic_consumption_kg,2006.0,3000000.0,False,36904008.0
Kenya,Arabica,domestic_consumption_kg,2007.0,3000000.0,False,38036349.0
Kenya,Arabica,domestic_consumption_kg,2008.0,3000000.0,False,39206351.0
Kenya,Arabica,domestic_consumption_kg,2009.0,3000000.0,False,40408891.0
Kenya,Arabica,domestic_consumption_kg,2010.0,3000000.0,False,41598567.0
Kenya,Arabica,domestic_consumption_kg,2011.0,3000000.0,False,42758461.0
Kenya,Arabica,domestic_consumption_kg,2012.0,3000000.0,False,43888303.0
Kenya,Arabica,domestic_consumption_kg,2013.0,3300000.0,False,44986791.0
Kenya,Arabica,domestic_consumption_kg,2014.0,3300000.0,False,46051440.0
Kenya,Arabica,domestic_consumption_kg,2015.0,3600000.0,False,47088526.0
Kenya,Arabica,domestic_consumption_kg,2016.0,3600000.0,False,48139687.0
Kenya,Arabica,domestic_consumption_kg,2017.0,3900000.0,False,49197766.0
Kenya,Arabica,domestic_consumption_kg,2018.0,4200000.0,False,50207107.0
Kenya,Arabica,domestic_consumption_kg,2019.0,4290000.0,False,51202827.0
Lao People's Democratic Republic,Robusta,domestic_consumption_kg,1990.0,0.0,False,4311955.0
Lao People's Democratic Republic,Robusta,domestic_consumption_kg,1991.0,0.0,False,4435118.0
Lao People's Democratic Republic,Robusta,domestic_consumption_kg,1992.0,0.0,False,4559646.0
Lao People's Democratic Republic,Robusta,domestic_consumption_kg,1993.0,0.0,False,4685060.0
Lao People's Democratic Republic,Robusta,domestic_consumption_kg,1994.0,0.0,False,4809220.0
Lao People's Democratic Republic,Robusta,domestic_consumption_kg,1995.0,0.0,False,4929409.0
Lao People's Democratic Republic,Robusta,domestic_consumption_kg,1996.0,0.0,False,5045678.0
Lao People's Democratic Republic,Robusta,domestic_consumption_kg,1997.0,0.0,False,5152011.0
Lao People's Democratic Republic,Robusta,domestic_consumption_kg,1998.0,0.0,False,5248266.0
Lao People's Democratic Republic,Robusta,domestic_consumption_kg,1999.0,0.0,False,5340784.0
Lao People's Democratic Republic,Robusta,domestic_consumption_kg,2000.0,0.0,False,5431212.0
Lao People's Democratic Republic,Robusta,domestic_consumption_kg,2001.0,0.0,False,5521482.0
Lao People's Democratic Republic,Robusta,domestic_consumption_kg,2002.0,9480000.0,False,5610889.0
Lao People's Democratic Republic,Robusta,domestic_consumption_kg,2003.0,6180000.0,False,5697945.0
Lao People's Democratic Republic,Robusta,domestic_consumption_kg,2004.0,8100000.0,False,5781626.0
Lao People's Democratic Republic,Robusta,domestic_consumption_kg,2005.0,8400000.0,False,5869523.0
Lao People's Democratic Republic,Robusta,domestic_consumption_kg,2006.0,8400000.0,False,5963200.0
Lao People's Democratic Republic,Robusta,domestic_consumption_kg,2007.0,8400000.0,False,6056236.0
Lao People's Democratic Republic,Robusta,domestic_consumption_kg,2008.0,9000000.0,False,6148969.0
Lao People's Democratic Republic,Robusta,domestic_consumption_kg,2009.0,9000000.0,False,6241642.0
Lao People's Democratic Republic,Robusta,domestic_consumption_kg,2010.0,9000000.0,False,6334194.0
Lao People's Democratic Republic,Robusta,domestic_consumption_kg,2011.0,9000000.0,False,6426590.0
Lao People's Democratic Republic,Robusta,domestic_consumption_kg,2012.0,9000000.0,False,6518978.0
Lao People's Democratic Republic,Robusta,domestic_consumption_kg,2013.0,9000000.0,False,6611385.0
Lao People's Democratic Republic,Robusta,domestic_consumption_kg,2014.0,9000000.0,False,6703172.0
Lao People's Democratic Republic,Robusta,domestic_consumption_kg,2015.0,9000000.0,False,6801645.0
Lao People's Democratic Republic,Robusta,domestic_consumption_kg,2016.0,9000000.0,False,6908802.0
Lao People's Democratic Republic,Robusta,domestic_consumption_kg,2017.0,9300000.0,False,7018147.0
Lao People's Democratic Republic,Robusta,domestic_consumption_kg,2018.0,9300000.0,False,7128045.0
Lao People's Democratic Republic,Robusta,domestic_consumption_kg,2019.0,9420000.0,False,7237636.0
Liberia,Robusta,domestic_consumption_kg,1990.0,180000.0,False,2223667.0
Liberia,Robusta,domestic_consumption_kg,1991.0,180000.0,False,1956518.0
Liberia,Robusta,domestic_consumption_kg,1992.0,180000.0,False,2072461.0
Liberia,Robusta,domestic_consumption_kg,1993.0,300000.0,False,2155126.0
Liberia,Robusta,domestic_consumption_kg,1994.0,300000.0,False,2149928.0
Liberia,Robusta,domestic_consumption_kg,1995.0,300000.0,False,2169162.0
Liberia,Robusta,domestic_consumption_kg,1996.0,300000.0,False,2232289.0
Liberia,Robusta,domestic_consumption_kg,1997.0,300000.0,False,2412989.0
Liberia,Robusta,domestic_consumption_kg,1998.0,300000.0,False,2670124.0
Liberia,Robusta,domestic_consumption_kg,1999.0,300000.0,False,2821684.0
Liberia,Robusta,domestic_consumption_kg,2000.0,300000.0,False,2928117.0
Liberia,Robusta,domestic_consumption_kg,2001.0,300000.0,False,3015338.0
Liberia,Robusta,domestic_consumption_kg,2002.0,300000.0,False,3094782.0
Liberia,Robusta,domestic_consumption_kg,2003.0,300000.0,False,3119532.0
Liberia,Robusta,domestic_consumption_kg,2004.0,300000.0,False,3156892.0
Liberia,Robusta,domestic_consumption_kg,2005.0,300000.0,False,3301015.0
Liberia,Robusta,domestic_consumption_kg,2006.0,300000.0,False,3490787.0
Liberia,Robusta,domestic_consumption_kg,2007.0,300000.0,False,3669050.0
Liberia,Robusta,domestic_consumption_kg,2008.0,300000.0,False,3821003.0
Liberia,Robusta,domestic_consumption_kg,2009.0,300000.0,False,3943028.0
Liberia,Robusta,domestic_consumption_kg,2010.0,300000.0,False,4058890.0
Liberia,Robusta,domestic_consumption_kg,2011.0,300000.0,False,4221178.0
Liberia,Robusta,domestic_consumption_kg,2012.0,300000.0,False,4373043.0
Liberia,Robusta,domestic_consumption_kg,2013.0,300000.0,False,4470239.0
Liberia,Robusta,domestic_consumption_kg,2014.0,300000.0,False,4564293.0
Liberia,Robusta,domestic_consumption_kg,2015.0,300000.0,False,4659431.0
Liberia,Robusta,domestic_consumption_kg,2016.0,300000.0,False,4755608.0
Liberia,Robusta,domestic_consumption_kg,2017.0,300000.0,False,4848925.0
Liberia,Robusta,domestic_consumption_kg,2018.0,300000.0,False,4944726.0
Liberia,Robusta,domestic_consumption_kg,2019.0,300000.0,False,5043721.0
Madagascar,Robusta,domestic_consumption_kg,1990.0,21000000.0,False,12055639.0
Madagascar,Robusta,domestic_consumption_kg,1991.0,18000000.0,False,12421412.0
Madagascar,Robusta,domestic_consumption_kg,1992.0,21000000.0,False,12800870.0
Madagascar,Robusta,domestic_consumption_kg,1993.0,21600000.0,False,13197345.0
Madagascar,Robusta,domestic_consumption_kg,1994.0,9999960.0,False,13613850.0
Madagascar,Robusta,domestic_consumption_kg,1995.0,10020000.0,False,14051275.0
Madagascar,Robusta,domestic_consumption_kg,1996.0,10020000.0,False,14510711.0
Madagascar,Robusta,domestic_consumption_kg,1997.0,10020000.0,False,14990814.0
Madagascar,Robusta,domestic_consumption_kg,1998.0,10020000.0,False,15489364.0
Madagascar,Robusta,domestic_consumption_kg,1999.0,3360000.0,False,16000506.0
Madagascar,Robusta,domestic_consumption_kg,2000.0,5346000.0,False,16516338.0
Madagascar,Robusta,domestic_consumption_kg,2001.0,7680000.0,False,17032939.0
Madagascar,Robusta,domestic_consumption_kg,2002.0,13020000.0,False,17549913.0
Madagascar,Robusta,domestic_consumption_kg,2003.0,19980000.0,False,18071854.0
Madagascar,Robusta,domestic_consumption_kg,2004.0,28020000.0,False,18606608.0
Madagascar,Robusta,domestic_consumption_kg,2005.0,28020000.0,False,19159707.0
Madagascar,Robusta,domestic_consumption_kg,2006.0,28020000.0,False,19730909.0
Madagascar,Robusta,domestic_consumption_kg,2007.0,28020000.0,False,20318583.0
Madagascar,Robusta,domestic_consumption_kg,2008.0,28020000.0,False,20923840.0
Madagascar,Robusta,domestic_consumption_kg,2009.0,28020000.0,False,21547280.0
Madagascar,Robusta,domestic_consumption_kg,2010.0,28020000.0,False,22183340.0
Madagascar,Robusta,domestic_consumption_kg,2011.0,27000000.0,False,22822300.0
Madagascar,Robusta,domestic_consumption_kg,2012.0,25800000.0,False,23462438.0
Madagascar,Robusta,domestic_consumption_kg,2013.0,24600000.0,False,24109290.0
Madagascar,Robusta,domestic_consumption_kg,2014.0,23400000.0,False,24764348.0
Madagascar,Robusta,domestic_consumption_kg,2015.0,22200000.0,False,25426702.0
Madagascar,Robusta,domestic_consumption_kg,2016.0,21600000.0,False,26099952.0
Madagascar,Robusta,domestic_consumption_kg,2017.0,21900000.0,False,26788375.0
Madagascar,Robusta,domestic_consumption_kg,2018.0,22500000.0,False,27494926.0
Madagascar,Robusta,domestic_consumption_kg,2019.0,22500000.0,False,28219554.0
Malawi,Arabica,domestic_consumption_kg,1990.0,120000.0,False,9545852.0
Malawi,Arabica,domestic_consumption_kg,1991.0,120000.0,False,9844227.0
Malawi,Arabica,domestic_consumption_kg,1992.0,120000.0,False,10135079.0
Malawi,Arabica,domestic_consumption_kg,1993.0,120000.0,False,10284024.0
Malawi,Arabica,domestic_consumption_kg,1994.0,120000.0,False,10164894.0
Malawi,Arabica,domestic_consumption_kg,1995.0,120000.0,False,10150117.0
Malawi,Arabica,domestic_consumption_kg,1996.0,120000.0,False,10352228.0
Malawi,Arabica,domestic_consumption_kg,1997.0,120000.0,False,10562035.0
Malawi,Arabica,domestic_consumption_kg,1998.0,120000.0,False,10792876.0
Malawi,Arabica,domestic_consumption_kg,1999.0,60000.0,False,11047804.0
Malawi,Arabica,domestic_consumption_kg,2000.0,60000.0,False,11315942.0
Malawi,Arabica,domestic_consumption_kg,2001.0,60000.0,False,11593058.0
Malawi,Arabica,domestic_consumption_kg,2002.0,60000.0,False,11880440.0
Malawi,Arabica,domestic_consumption_kg,2003.0,60000.0,False,12181574.0
Malawi,Arabica,domestic_consumption_kg,2004.0,60000.0,False,12500737.0
Malawi,Arabica,domestic_consumption_kg,2005.0,60000.0,False,12840031.0
Malawi,Arabica,domestic_consumption_kg,2006.0,60000.0,False,13198701.0
Malawi,Arabica,domestic_consumption_kg,2007.0,60000.0,False,13576343.0
Malawi,Arabica,domestic_consumption_kg,2008.0,60000.0,False,13976417.0
Malawi,Arabica,domestic_consumption_kg,2009.0,60000.0,False,14395788.0
Malawi,Arabica,domestic_consumption_kg,2010.0,60000.0,False,14826463.0
Malawi,Arabica,domestic_consumption_kg,2011.0,60000.0,False,15265022.0
Malawi,Arabica,domestic_consumption_kg,2012.0,60000.0,False,15709577.0
Malawi,Arabica,domestic_consumption_kg,2013.0,60000.0,False,16161816.0
Malawi,Arabica,domestic_consumption_kg,2014.0,60000.0,False,16621538.0
Malawi,Arabica,domestic_consumption_kg,2015.0,60000.0,False,17085587.0
Malawi,Arabica,domestic_consumption_kg,2016.0,60000.0,False,17557739.0
Malawi,Arabica,domestic_consumption_kg,2017.0,60000.0,False,18039715.0
Malawi,Arabica,domestic_consumption_kg,2018.0,60000.0,False,18528081.0
Malawi,Arabica,domestic_consumption_kg,2019.0,60000.0,False,19025752.0
Mexico,Arabica/Robusta,domestic_consumption_kg,1990.0,82440000.0,False,82820170.0
Mexico,Arabica/Robusta,domestic_consumption_kg,1991.0,72000000.0,False,84430572.0
Mexico,Arabica/Robusta,domestic_consumption_kg,1992.0,78000000.0,False,86044809.0
Mexico,Arabica/Robusta,domestic_consumption_kg,1993.0,64200000.0,False,87653807.0
Mexico,Arabica/Robusta,domestic_consumption_kg,1994.0,61200000.0,False,89259205.0
Mexico,Arabica/Robusta,domestic_consumption_kg,1995.0,70740000.0,False,90862455.0
Mexico,Arabica/Robusta,domestic_consumption_kg,1996.0,74100000.0,False,92452702.0
Mexico,Arabica/Robusta,domestic_consumption_kg,1997.0,72060000.0,False,94021207.0
Mexico,Arabica/Robusta,domestic_consumption_kg,1998.0,66480000.0,False,95575245.0
Mexico,Arabica/Robusta,domestic_consumption_kg,1999.0,69000000.0,False,97115707.0
Mexico,Arabica/Robusta,domestic_consumption_kg,2000.0,78300000.0,False,98625552.0
Mexico,Arabica/Robusta,domestic_consumption_kg,2001.0,90000000.0,False,100099099.0
Mexico,Arabica/Robusta,domestic_consumption_kg,2002.0,90000000.0,False,101548624.0
Mexico,Arabica/Robusta,domestic_consumption_kg,2003.0,90000000.0,False,102978515.0
Mexico,Arabica/Robusta,domestic_consumption_kg,2004.0,90000000.0,False,104394131.0
Mexico,Arabica/Robusta,domestic_consumption_kg,2005.0,103500000.0,False,105811504.0
Mexico,Arabica/Robusta,domestic_consumption_kg,2006.0,120000000.0,False,107253666.0
Mexico,Arabica/Robusta,domestic_consumption_kg,2007.0,132000000.0,False,108774360.0
Mexico,Arabica/Robusta,domestic_consumption_kg,2008.0,132000000.0,False,110374288.0
Mexico,Arabica/Robusta,domestic_consumption_kg,2009.0,132000000.0,False,111999721.0
Mexico,Arabica/Robusta,domestic_consumption_kg,2010.0,141240000.0,False,113623895.0
Mexico,Arabica/Robusta,domestic_consumption_kg,2011.0,141240000.0,False,115243504.0
Mexico,Arabica/Robusta,domestic_consumption_kg,2012.0,141240000.0,False,116818208.0
Mexico,Arabica/Robusta,domestic_consumption_kg,2013.0,139260000.0,False,118343573.0
Mexico,Arabica/Robusta,domestic_consumption_kg,2014.0,140820000.0,False,119784261.0
Mexico,Arabica/Robusta,domestic_consumption_kg,2015.0,139740000.0,False,121072306.0
Mexico,Arabica/Robusta,domestic_consumption_kg,2016.0,141600000.0,False,122251351.0
Mexico,Arabica/Robusta,domestic_consumption_kg,2017.0,144000000.0,False,123400057.0
Mexico,Arabica/Robusta,domestic_consumption_kg,2018.0,147000000.0,False,124573711.0
Mexico,Arabica/Robusta,domestic_consumption_kg,2019.0,145500000.0,False,125762982.0
Nepal,Arabica,domestic_consumption_kg,1990.0,0.0,False,19524573.0
Nepal,Arabica,domestic_consumption_kg,1991.0,0.0,False,20036500.0
Nepal,Arabica,domestic_consumption_kg,1992.0,0.0,False,20609707.0
Nepal,Arabica,domestic_consumption_kg,1993.0,0.0,False,21180159.0
Nepal,Arabica,domestic_consumption_kg,1994.0,0.0,False,21717479.0
Nepal,Arabica,domestic_consumption_kg,1995.0,0.0,False,22245439.0
Nepal,Arabica,domestic_consumption_kg,1996.0,0.0,False,22741862.0
Nepal,Arabica,domestic_consumption_kg,1997.0,0.0,False,23219463.0
Nepal,Arabica,domestic_consumption_kg,1998.0,0.0,False,23680357.0
Nepal,Arabica,domestic_consumption_kg,1999.0,0.0,False,24125199.0
Nepal,Arabica,domestic_consumption_kg,2000.0,0.0,False,24546509.0
Nepal,Arabica,domestic_consumption_kg,2001.0,0.0,False,24946748.0
Nepal,Arabica,domestic_consumption_kg,2002.0,0.0,False,25328981.0
Nepal,Arabica,domestic_consumption_kg,2003.0,0.0,False,25688758.0
Nepal,Arabica,domestic_consumption_kg,2004.0,0.0,False,26016656.0
Nepal,Arabica,domestic_consumption_kg,2005.0,0.0,False,26309458.0
Nepal,Arabica,domestic_consumption_kg,2006.0,0.0,False,26565425.0
Nepal,Arabica,domestic_consumption_kg,2007.0,0.0,False,26788492.0
Nepal,Arabica,domestic_consumption_kg,2008.0,0.0,False,26990037.0
Nepal,Arabica,domestic_consumption_kg,2009.0,0.0,False,27173035.0
Nepal,Arabica,domestic_consumption_kg,2010.0,0.0,False,27341952.0
Nepal,Arabica,domestic_consumption_kg,2011.0,0.0,False,27464494.0
Nepal,Arabica,domestic_consumption_kg,2012.0,0.0,False,27534915.0
Nepal,Arabica,domestic_consumption_kg,2013.0,0.0,False,27589996.0
Nepal,Arabica,domestic_consumption_kg,2014.0,0.0,False,27672370.0
Nepal,Arabica,domestic_consumption_kg,2015.0,0.0,False,27823629.0
Nepal,Arabica,domestic_consumption_kg,2016.0,0.0,False,27955462.0
Nepal,Arabica,domestic_consumption_kg,2017.0,0.0,False,28011258.0
Nepal,Arabica,domestic_consumption_kg,2018.0,0.0,False,28079689.0
Nepal,Arabica,domestic_consumption_kg,2019.0,0.0,False,28414064.0
Nicaragua,Arabica,domestic_consumption_kg,1990.0,2040000.0,False,4162559.0
Nicaragua,Arabica,domestic_consumption_kg,1991.0,8280000.0,False,4259637.0
Nicaragua,Arabica,domestic_consumption_kg,1992.0,3936000.0,False,4357026.0
Nicaragua,Arabica,domestic_consumption_kg,1993.0,6534000.0,False,4453732.0
Nicaragua,Arabica,domestic_consumption_kg,1994.0,5376000.0,False,4549316.0
Nicaragua,Arabica,domestic_consumption_kg,1995.0,6690000.0,False,4642931.0
Nicaragua,Arabica,domestic_consumption_kg,1996.0,5722200.0,False,4729974.0
Nicaragua,Arabica,domestic_consumption_kg,1997.0,7380000.0,False,4809573.0
Nicaragua,Arabica,domestic_consumption_kg,1998.0,7590000.0,False,4883655.0
Nicaragua,Arabica,domestic_consumption_kg,1999.0,7818000.0,False,4954018.0
Nicaragua,Arabica,domestic_consumption_kg,2000.0,10495800.0,False,5022633.0
Nicaragua,Arabica,domestic_consumption_kg,2001.0,10639380.0,False,5087825.0
Nicaragua,Arabica,domestic_consumption_kg,2002.0,10777440.0,False,5149909.0
Nicaragua,Arabica,domestic_consumption_kg,2003.0,10914900.0,False,5210963.0
Nicaragua,Arabica,domestic_consumption_kg,2004.0,11056680.0,False,5272912.0
Nicaragua,Arabica,domestic_consumption_kg,2005.0,11203140.0,False,5342105.0
Nicaragua,Arabica,domestic_consumption_kg,2006.0,11351100.0,False,5418855.0
Nicaragua,Arabica,domestic_consumption_kg,2007.0,11498700.0,False,5497243.0
Nicaragua,Arabica,domestic_consumption_kg,2008.0,11648820.0,False,5576593.0
Nicaragua,Arabica,domestic_consumption_kg,2009.0,11797320.0,False,5656601.0
Nicaragua,Arabica,domestic_consumption_kg,2010.0,12164700.0,False,5737450.0
Nicaragua,Arabica,domestic_consumption_kg,2011.0,12315660.0,False,5819051.0
Nicaragua,Arabica,domestic_consumption_kg,2012.0,12471840.0,False,5901287.0
Nicaragua,Arabica,domestic_consumption_kg,2013.0,12573660.0,False,5983845.0
Nicaragua,Arabica,domestic_consumption_kg,2014.0,12704520.0,False,6066492.0
Nicaragua,Arabica,domestic_consumption_kg,2015.0,12836760.0,False,6149417.0
Nicaragua,Arabica,domestic_consumption_kg,2016.0,13003680.0,False,6232666.0
Nicaragua,Arabica,domestic_consumption_kg,2017.0,13080000.0,False,6316231.0
Nicaragua,Arabica,domestic_consumption_kg,2018.0,13200000.0,False,6400080.0
Nicaragua,Arabica,domestic_consumption_kg,2019.0,12600000.0,False,6483657.0
Nigeria,Robusta,domestic_consumption_kg,1990.0,1650000.0,False,97120925.0
Nigeria,Robusta,domestic_consumption_kg,1991.0,2145000.0,False,99720162.0
Nigeria,Robusta,domestic_consumption_kg,1992.0,2145000.0,False,102372770.0
Nigeria,Robusta,domestic_consumption_kg,1993.0,2400000.0,False,105122069.0
Nigeria,Robusta,domestic_consumption_kg,1994.0,2400000.0,False,107935714.0
Nigeria,Robusta,domestic_consumption_kg,1995.0,2400000.0,False,110819428.0
Nigeria,Robusta,domestic_consumption_kg,1996.0,2400000.0,False,113754779.0
Nigeria,Robusta,domestic_consumption_kg,1997.0,2400000.0,False,116754792.0
Nigeria,Robusta,domestic_consumption_kg,1998.0,2400000.0,False,119846254.0
Nigeria,Robusta,domestic_consumption_kg,1999.0,2400000.0,False,123047320.0
Nigeria,Robusta,domestic_consumption_kg,2000.0,2400000.0,False,126382494.0
Nigeria,Robusta,domestic_consumption_kg,2001.0,2400000.0,False,129862595.0
Nigeria,Robusta,domestic_consumption_kg,2002.0,2400000.0,False,133471989.0
Nigeria,Robusta,domestic_consumption_kg,2003.0,2400000.0,False,137202644.0
Nigeria,Robusta,domestic_consumption_kg,2004.0,2400000.0,False,141057045.0
Nigeria,Robusta,domestic_consumption_kg,2005.0,2400000.0,False,145017253.0
Nigeria,Robusta,domestic_consumption_kg,2006.0,2400000.0,False,149077334.0
Nigeria,Robusta,domestic_consumption_kg,2007.0,2400000.0,False,153267261.0
Nigeria,Robusta,domestic_consumption_kg,2008.0,2400000.0,False,157595014.0
Nigeria,Robusta,domestic_consumption_kg,2009.0,2400000.0,False,162049464.0
Nigeria,Robusta,domestic_consumption_kg,2010.0,2400000.0,False,166642886.0
Nigeria,Robusta,domestic_consumption_kg,2011.0,2400000.0,False,171379598.0
Nigeria,Robusta,domestic_consumption_kg,2012.0,2400000.0,False,176200625.0
Nigeria,Robusta,domestic_consumption_kg,2013.0,2400000.0,False,181049443.0
Nigeria,Robusta,domestic_consumption_kg,2014.0,2400000.0,False,185896915.0
Nigeria,Robusta,domestic_consumption_kg,2015.0,2400000.0,False,190671878.0
Nigeria,Robusta,domestic_consumption_kg,2016.0,2400000.0,False,195443700.0
Nigeria,Robusta,domestic_consumption_kg,2017.0,2400000.0,False,200254579.0
Nigeria,Robusta,domestic_consumption_kg,2018.0,2400000.0,False,204938755.0
Nigeria,Robusta,domestic_consumption_kg,2019.0,2400000.0,False,209485641.0
Panama,Arabica,domestic_consumption_kg,1990.0,3780000.0,False,2455583.0
Panama,Arabica,domestic_consumption_kg,1991.0,4020000.0,False,2508265.0
Panama,Arabica,domestic_consumption_kg,1992.0,4020000.0,False,2561336.0
Panama,Arabica,domestic_consumption_kg,1993.0,4020000.0,False,2615099.0
Panama,Arabica,domestic_consumption_kg,1994.0,4600020.0,False,2669546.0
Panama,Arabica,domestic_consumption_kg,1995.0,4600020.0,False,2724557.0
Panama,Arabica,domestic_consumption_kg,1996.0,4600020.0,False,2780227.0
Panama,Arabica,domestic_consumption_kg,1997.0,4836900.0,False,2836695.0
Panama,Arabica,domestic_consumption_kg,1998.0,4020000.0,False,2893914.0
Panama,Arabica,domestic_consumption_kg,1999.0,4020000.0,False,2951822.0
Panama,Arabica,domestic_consumption_kg,2000.0,4020000.0,False,3010369.0
Panama,Arabica,domestic_consumption_kg,2001.0,4020000.0,False,3069537.0
Panama,Arabica,domestic_consumption_kg,2002.0,4020000.0,False,3129344.0
Panama,Arabica,domestic_consumption_kg,2003.0,4020000.0,False,3189807.0
Panama,Arabica,domestic_consumption_kg,2004.0,4020000.0,False,3251155.0
Panama,Arabica,domestic_consumption_kg,2005.0,4020000.0,False,3313026.0
Panama,Arabica,domestic_consumption_kg,2006.0,4020000.0,False,3375024.0
Panama,Arabica,domestic_consumption_kg,2007.0,4020000.0,False,3437490.0
Panama,Arabica,domestic_consumption_kg,2008.0,4020000.0,False,3500648.0
Panama,Arabica,domestic_consumption_kg,2009.0,4020000.0,False,3564381.0
Panama,Arabica,domestic_consumption_kg,2010.0,4020000.0,False,3628535.0
Panama,Arabica,domestic_consumption_kg,2011.0,4020000.0,False,3693505.0
Panama,Arabica,domestic_consumption_kg,2012.0,4020000.0,False,3759256.0
Panama,Arabica,domestic_consumption_kg,2013.0,4020000.0,False,3825329.0
Panama,Arabica,domestic_consumption_kg,2014.0,4020000.0,False,3892101.0
Panama,Arabica,domestic_consumption_kg,2015.0,4020000.0,False,3960035.0
Panama,Arabica,domestic_consumption_kg,2016.0,4020000.0,False,4029086.0
Panama,Arabica,domestic_consumption_kg,2017.0,4020000.0,False,4098707.0
Panama,Arabica,domestic_consumption_kg,2018.0,4020000.0,False,4167860.0
Panama,Arabica,domestic_consumption_kg,2019.0,4020000.0,False,4234700.0
Papua New Guinea,Arabica/Robusta,domestic_consumption_kg,1990.0,180000.0,False,3896481.0
Papua New Guinea,Arabica/Robusta,domestic_consumption_kg,1991.0,180000.0,False,4021837.0
Papua New Guinea,Arabica/Robusta,domestic_consumption_kg,1992.0,180000.0,False,4166699.0
Papua New Guinea,Arabica/Robusta,domestic_consumption_kg,1993.0,120000.0,False,4320872.0
Papua New Guinea,Arabica/Robusta,domestic_consumption_kg,1994.0,120000.0,False,4480208.0
Papua New Guinea,Arabica/Robusta,domestic_consumption_kg,1995.0,120000.0,False,4644278.0
Papua New Guinea,Arabica/Robusta,domestic_consumption_kg,1996.0,120000.0,False,4813361.0
Papua New Guinea,Arabica/Robusta,domestic_consumption_kg,1997.0,120000.0,False,4987883.0
Papua New Guinea,Arabica/Robusta,domestic_consumption_kg,1998.0,60000.0,False,5166390.0
Papua New Guinea,Arabica/Robusta,domestic_consumption_kg,1999.0,120000.0,False,5349333.0
Papua New Guinea,Arabica/Robusta,domestic_consumption_kg,2000.0,120000.0,False,5537064.0
Papua New Guinea,Arabica/Robusta,domestic_consumption_kg,2001.0,120000.0,False,5728435.0
Papua New Guinea,Arabica/Robusta,domestic_consumption_kg,2002.0,120000.0,False,5924003.0
Papua New Guinea,Arabica/Robusta,domestic_consumption_kg,2003.0,120000.0,False,6123997.0
Papua New Guinea,Arabica/Robusta,domestic_consumption_kg,2004.0,120000.0,False,6328041.0
Papua New Guinea,Arabica/Robusta,domestic_consumption_kg,2005.0,120000.0,False,6535905.0
Papua New Guinea,Arabica/Robusta,domestic_consumption_kg,2006.0,120000.0,False,6747720.0
Papua New Guinea,Arabica/Robusta,domestic_consumption_kg,2007.0,120000.0,False,6963345.0
Papua New Guinea,Arabica/Robusta,domestic_consumption_kg,2008.0,120000.0,False,7183002.0
Papua New Guinea,Arabica/Robusta,domestic_consumption_kg,2009.0,120000.0,False,7406438.0
Papua New Guinea,Arabica/Robusta,domestic_consumption_kg,2010.0,85800.0,False,7633523.0
Papua New Guinea,Arabica/Robusta,domestic_consumption_kg,2011.0,74160.0,False,7859346.0
Papua New Guinea,Arabica/Robusta,domestic_consumption_kg,2012.0,102660.0,False,8081390.0
Papua New Guinea,Arabica/Robusta,domestic_consumption_kg,2013.0,122340.0,False,8302698.0
Papua New Guinea,Arabica/Robusta,domestic_consumption_kg,2014.0,115440.0,False,8523441.0
Papua New Guinea,Arabica/Robusta,domestic_consumption_kg,2015.0,108000.0,False,8743246.0
Papua New Guinea,Arabica/Robusta,domestic_consumption_kg,2016.0,120000.0,False,8961718.0
Papua New Guinea,Arabica/Robusta,domestic_consumption_kg,2017.0,120000.0,False,9178714.0
Papua New Guinea,Arabica/Robusta,domestic_consumption_kg,2018.0,120000.0,False,9394513.0
Papua New Guinea,Arabica/Robusta,domestic_consumption_kg,2019.0,120000.0,False,9609010.0
Paraguay,Arabica,domestic_consumption_kg,1990.0,900000.0,False,4035747.0
Paraguay,Arabica,domestic_consumption_kg,1991.0,900000.0,False,4144364.0
Paraguay,Arabica,domestic_consumption_kg,1992.0,900000.0,False,4253600.0
Paraguay,Arabica,domestic_consumption_kg,1993.0,1200000.0,False,4362696.0
Paraguay,Arabica,domestic_consumption_kg,1994.0,1200000.0,False,4471417.0
Paraguay,Arabica,domestic_consumption_kg,1995.0,1200000.0,False,4579806.0
Paraguay,Arabica,domestic_consumption_kg,1996.0,1200000.0,False,4687543.0
Paraguay,Arabica,domestic_consumption_kg,1997.0,1200000.0,False,4794412.0
Paraguay,Arabica,domestic_consumption_kg,1998.0,1200000.0,False,4900025.0
Paraguay,Arabica,domestic_consumption_kg,1999.0,1200000.0,False,5003135.0
Paraguay,Arabica,domestic_consumption_kg,2000.0,1200000.0,False,5100868.0
Paraguay,Arabica,domestic_consumption_kg,2001.0,1200000.0,False,5187689.0
Paraguay,Arabica,domestic_consumption_kg,2002.0,1200000.0,False,5261328.0
Paraguay,Arabica,domestic_consumption_kg,2003.0,1200000.0,False,5326436.0
Paraguay,Arabica,domestic_consumption_kg,2004.0,1200000.0,False,5388175.0
Paraguay,Arabica,domestic_consumption_kg,2005.0,1200000.0,False,5448097.0
Paraguay,Arabica,domestic_consumption_kg,2006.0,1200000.0,False,5505148.0
Paraguay,Arabica,domestic_consumption_kg,2007.0,1200000.0,False,5559386.0
Paraguay,Arabica,domestic_consumption_kg,2008.0,1200000.0,False,5613574.0
Paraguay,Arabica,domestic_consumption_kg,2009.0,1200000.0,False,5671236.0
Paraguay,Arabica,domestic_consumption_kg,2010.0,1200000.0,False,5737971.0
Paraguay,Arabica,domestic_consumption_kg,2011.0,1200000.0,False,5814626.0
Paraguay,Arabica,domestic_consumption_kg,2012.0,1200000.0,False,5897008.0
Paraguay,Arabica,domestic_consumption_kg,2013.0,1200000.0,False,5982445.0
Paraguay,Arabica,domestic_consumption_kg,2014.0,1200000.0,False,6069811.0
Paraguay,Arabica,domestic_consumption_kg,2015.0,1200000.0,False,6159103.0
Paraguay,Arabica,domestic_consumption_kg,2016.0,1200000.0,False,6249126.0
Paraguay,Arabica,domestic_consumption_kg,2017.0,1200000.0,False,6338660.0
Paraguay,Arabica,domestic_consumption_kg,2018.0,1200000.0,False,6427382.0
Paraguay,Arabica,domestic_consumption_kg,2019.0,1200000.0,False,6515058.0
Peru,Arabica,domestic_consumption_kg,1990.0,11400000.0,False,22014771.0
Peru,Arabica,domestic_consumption_kg,1991.0,11400000.0,False,22483775.0
Peru,Arabica,domestic_consumption_kg,1992.0,12000000.0,False,22946340.0
Peru,Arabica,domestic_consumption_kg,1993.0,12000000.0,False,23413783.0
Peru,Arabica,domestic_consumption_kg,1994.0,12000000.0,False,23881493.0
Peru,Arabica,domestic_consumption_kg,1995.0,12000000.0,False,24348919.0
Peru,Arabica,domestic_consumption_kg,1996.0,12000000.0,False,24811171.0
Peru,Arabica,domestic_consumption_kg,1997.0,12000000.0,False,25274147.0
Peru,Arabica,domestic_consumption_kg,1998.0,12000000.0,False,25738095.0
Peru,Arabica,domestic_consumption_kg,1999.0,12000000.0,False,26186504.0
Peru,Arabica,domestic_consumption_kg,2000.0,12000000.0,False,26598331.0
Peru,Arabica,domestic_consumption_kg,2001.0,12000000.0,False,26964601.0
Peru,Arabica,domestic_consumption_kg,2002.0,13200000.0,False,27288217.0
Peru,Arabica,domestic_consumption_kg,2003.0,13200000.0,False,27580490.0
Peru,Arabica,domestic_consumption_kg,2004.0,13200000.0,False,27852190.0
Peru,Arabica,domestic_consumption_kg,2005.0,13200000.0,False,28101180.0
Peru,Arabica,domestic_consumption_kg,2006.0,13200000.0,False,28324491.0
Peru,Arabica,domestic_consumption_kg,2007.0,13200000.0,False,28530699.0
Peru,Arabica,domestic_consumption_kg,2008.0,15000000.0,False,28719041.0
Peru,Arabica,domestic_consumption_kg,2009.0,15000000.0,False,28896811.0
Peru,Arabica,domestic_consumption_kg,2010.0,15000000.0,False,29086019.0
Peru,Arabica,domestic_consumption_kg,2011.0,15000000.0,False,29304086.0
Peru,Arabica,domestic_consumption_kg,2012.0,15000000.0,False,29550366.0
Peru,Arabica,domestic_consumption_kg,2013.0,15000000.0,False,29817919.0
Peru,Arabica,domestic_consumption_kg,2014.0,15000000.0,False,30115826.0
Peru,Arabica,domestic_consumption_kg,2015.0,15000000.0,False,30457600.0
Peru,Arabica,domestic_consumption_kg,2016.0,15000000.0,False,30866494.0
Peru,Arabica,domestic_consumption_kg,2017.0,15000000.0,False,31324637.0
Peru,Arabica,domestic_consumption_kg,2018.0,15000000.0,False,31897584.0
Peru,Arabica,domestic_consumption_kg,2019.0,15000000.0,False,32449303.0
Philippines,Robusta/Arabica,domestic_consumption_kg,1990.0,43200000.0,False,62854666.0
Philippines,Robusta/Arabica,domestic_consumption_kg,1991.0,45000000.0,False,64382249.0
Philippines,Robusta/Arabica,domestic_consumption_kg,1992.0,45000000.0,False,65926125.0
Philippines,Robusta/Arabica,domestic_consumption_kg,1993.0,46200000.0,False,67530621.0
Philippines,Robusta/Arabica,domestic_consumption_kg,1994.0,47400000.0,False,69019291.0
Philippines,Robusta/Arabica,domestic_consumption_kg,1995.0,48600000.0,False,70546246.0
Philippines,Robusta/Arabica,domestic_consumption_kg,1996.0,49860000.0,False,72190242.0
Philippines,Robusta/Arabica,domestic_consumption_kg,1997.0,51180000.0,False,73908810.0
Philippines,Robusta/Arabica,domestic_consumption_kg,1998.0,48600000.0,False,75791024.0
Philippines,Robusta/Arabica,domestic_consumption_kg,1999.0,51720000.0,False,77753257.0
Philippines,Robusta/Arabica,domestic_consumption_kg,2000.0,49200000.0,False,79625397.0
Philippines,Robusta/Arabica,domestic_consumption_kg,2001.0,49260000.0,False,81401488.0
Philippines,Robusta/Arabica,domestic_consumption_kg,2002.0,49740000.0,False,83068889.0
Philippines,Robusta/Arabica,domestic_consumption_kg,2003.0,55020000.0,False,84731835.0
Philippines,Robusta/Arabica,domestic_consumption_kg,2004.0,61200000.0,False,86394504.0
Philippines,Robusta/Arabica,domestic_consumption_kg,2005.0,62400000.0,False,88015962.0
Philippines,Robusta/Arabica,domestic_consumption_kg,2006.0,63600000.0,False,89508986.0
Philippines,Robusta/Arabica,domestic_consumption_kg,2007.0,63600000.0,False,91075184.0
Philippines,Robusta/Arabica,domestic_consumption_kg,2008.0,103200000.0,False,92699095.0
Philippines,Robusta/Arabica,domestic_consumption_kg,2009.0,109200000.0,False,94384250.0
Philippines,Robusta/Arabica,domestic_consumption_kg,2010.0,127500000.0,False,96337125.0
Philippines,Robusta/Arabica,domestic_consumption_kg,2011.0,130500000.0,False,98248614.0
Philippines,Robusta/Arabica,domestic_consumption_kg,2012.0,139500000.0,False,100175512.0
Philippines,Robusta/Arabica,domestic_consumption_kg,2013.0,153000000.0,False,102076336.0
Philippines,Robusta/Arabica,domestic_consumption_kg,2014.0,168000000.0,False,103767130.0
Philippines,Robusta/Arabica,domestic_consumption_kg,2015.0,180000000.0,False,105312992.0
Philippines,Robusta/Arabica,domestic_consumption_kg,2016.0,181800000.0,False,106735719.0
Philippines,Robusta/Arabica,domestic_consumption_kg,2017.0,190800000.0,False,108119693.0
Philippines,Robusta/Arabica,domestic_consumption_kg,2018.0,198000000.0,False,109465287.0
Philippines,Robusta/Arabica,domestic_consumption_kg,2019.0,195000000.0,False,110804683.0
Rwanda,Arabica,domestic_consumption_kg,1990.0,60000.0,False,7375307.0
Rwanda,Arabica,domestic_consumption_kg,1991.0,60000.0,False,7526966.0
Rwanda,Arabica,domestic_consumption_kg,1992.0,60000.0,False,7683266.0
Rwanda,Arabica,domestic_consumption_kg,1993.0,60000.0,False,7981132.0
Rwanda,Arabica,domestic_consumption_kg,1994.0,60000.0,False,6792352.0
Rwanda,Arabica,domestic_consumption_kg,1995.0,60000.0,False,5674118.0
Rwanda,Arabica,domestic_consumption_kg,1996.0,60000.0,False,6708764.0
Rwanda,Arabica,domestic_consumption_kg,1997.0,180000.0,False,7755238.0
Rwanda,Arabica,domestic_consumption_kg,1998.0,180000.0,False,8081681.0
Rwanda,Arabica,domestic_consumption_kg,1999.0,120000.0,False,8147912.0
Rwanda,Arabica,domestic_consumption_kg,2000.0,120000.0,False,8213931.0
Rwanda,Arabica,domestic_consumption_kg,2001.0,120000.0,False,8287094.0
Rwanda,Arabica,domestic_consumption_kg,2002.0,19980.0,False,8400180.0
Rwanda,Arabica,domestic_consumption_kg,2003.0,19980.0,False,8586875.0
Rwanda,Arabica,domestic_consumption_kg,2004.0,60000.0,False,8816844.0
Rwanda,Arabica,domestic_consumption_kg,2005.0,60000.0,False,9054528.0
Rwanda,Arabica,domestic_consumption_kg,2006.0,60000.0,False,9299246.0
Rwanda,Arabica,domestic_consumption_kg,2007.0,60000.0,False,9549933.0
Rwanda,Arabica,domestic_consumption_kg,2008.0,60000.0,False,9804269.0
Rwanda,Arabica,domestic_consumption_kg,2009.0,60000.0,False,10060432.0
Rwanda,Arabica,domestic_consumption_kg,2010.0,60000.0,False,10317553.0
Rwanda,Arabica,domestic_consumption_kg,2011.0,60000.0,False,10573733.0
Rwanda,Arabica,domestic_consumption_kg,2012.0,60000.0,False,10829901.0
Rwanda,Arabica,domestic_consumption_kg,2013.0,60000.0,False,11093340.0
Rwanda,Arabica,domestic_consumption_kg,2014.0,60000.0,False,11364757.0
Rwanda,Arabica,domestic_consumption_kg,2015.0,60000.0,False,11640022.0
Rwanda,Arabica,domestic_consumption_kg,2016.0,60000.0,False,11919183.0
Rwanda,Arabica,domestic_consumption_kg,2017.0,60000.0,False,12202060.0
Rwanda,Arabica,domestic_consumption_kg,2018.0,60000.0,False,12487996.0
Rwanda,Arabica,domestic_consumption_kg,2019.0,60000.0,False,12776103.0
Sierra Leone,Robusta,domestic_consumption_kg,1990.0,540000.0,False,4196828.0
Sierra Leone,Robusta,domestic_consumption_kg,1991.0,540000.0,False,4246267.0
Sierra Leone,Robusta,domestic_consumption_kg,1992.0,540000.0,False,4166366.0
Sierra Leone,Robusta,domestic_consumption_kg,1993.0,300000.0,False,4157130.0
Sierra Leone,Robusta,domestic_consumption_kg,1994.0,300000.0,False,4173105.0
Sierra Leone,Robusta,domestic_consumption_kg,1995.0,480000.0,False,4179179.0
Sierra Leone,Robusta,domestic_consumption_kg,1996.0,480000.0,False,4199210.0
Sierra Leone,Robusta,domestic_consumption_kg,1997.0,300000.0,False,4253716.0
Sierra Leone,Robusta,domestic_consumption_kg,1998.0,300000.0,False,4295785.0
Sierra Leone,Robusta,domestic_consumption_kg,1999.0,300000.0,False,4318043.0
Sierra Leone,Robusta,domestic_consumption_kg,2000.0,300000.0,False,4423611.0
Sierra Leone,Robusta,domestic_consumption_kg,2001.0,300000.0,False,4692716.0
Sierra Leone,Robusta,domestic_consumption_kg,2002.0,300000.0,False,4971435.0
Sierra Leone,Robusta,domestic_consumption_kg,2003.0,300000.0,False,5177687.0
Sierra Leone,Robusta,domestic_consumption_kg,2004.0,300000.0,False,5355717.0
Sierra Leone,Robusta,domestic_consumption_kg,2005.0,300000.0,False,5501712.0
Sierra Leone,Robusta,domestic_consumption_kg,2006.0,300000.0,False,5624466.0
Sierra Leone,Robusta,domestic_consumption_kg,2007.0,300000.0,False,5749352.0
Sierra Leone,Robusta,domestic_consumption_kg,2008.0,300000.0,False,5894722.0
Sierra Leone,Robusta,domestic_consumption_kg,2009.0,300000.0,False,6055646.0
Sierra Leone,Robusta,domestic_consumption_kg,2010.0,300000.0,False,6222714.0
Sierra Leone,Robusta,domestic_consumption_kg,2011.0,300000.0,False,6387251.0
Sierra Leone,Robusta,domestic_consumption_kg,2012.0,300000.0,False,6551080.0
Sierra Leone,Robusta,domestic_consumption_kg,2013.0,300000.0,False,6714051.0
Sierra Leone,Robusta,domestic_consumption_kg,2014.0,300000.0,False,6876385.0
Sierra Leone,Robusta,domestic_consumption_kg,2015.0,300000.0,False,7037655.0
Sierra Leone,Robusta,domestic_consumption_kg,2016.0,300000.0,False,7205328.0
Sierra Leone,Robusta,domestic_consumption_kg,2017.0,300000.0,False,7379299.0
Sierra Leone,Robusta,domestic_consumption_kg,2018.0,300000.0,False,7554563.0
Sierra Leone,Robusta,domestic_consumption_kg,2019.0,300000.0,False,7731991.0
Sri Lanka,Robusta/Arabica,domestic_consumption_kg,1990.0,4000020.0,False,16352458.0
Sri Lanka,Robusta/Arabica,domestic_consumption_kg,1991.0,4020000.0,False,16475354.0
Sri Lanka,Robusta/Arabica,domestic_consumption_kg,1992.0,1680000.0,False,16739284.0
Sri Lanka,Robusta/Arabica,domestic_consumption_kg,1993.0,1200000.0,False,17025918.0
Sri Lanka,Robusta/Arabica,domestic_consumption_kg,1994.0,1200000.0,False,17275773.0
Sri Lanka,Robusta/Arabica,domestic_consumption_kg,1995.0,1200000.0,False,17564068.0
Sri Lanka,Robusta/Arabica,domestic_consumption_kg,1996.0,1200000.0,False,17905018.0
Sri Lanka,Robusta/Arabica,domestic_consumption_kg,1997.0,1200000.0,False,18248200.0
Sri Lanka,Robusta/Arabica,domestic_consumption_kg,1998.0,1800000.0,False,18596003.0
Sri Lanka,Robusta/Arabica,domestic_consumption_kg,1999.0,1800000.0,False,18944731.0
Sri Lanka,Robusta/Arabica,domestic_consumption_kg,2000.0,1800000.0,False,19293054.0
Sri Lanka,Robusta/Arabica,domestic_consumption_kg,2001.0,1800000.0,False,19600362.0
Sri Lanka,Robusta/Arabica,domestic_consumption_kg,2002.0,1800000.0,False,19805752.0
Sri Lanka,Robusta/Arabica,domestic_consumption_kg,2003.0,1800000.0,False,19951521.0
Sri Lanka,Robusta/Arabica,domestic_consumption_kg,2004.0,1800000.0,False,20087605.0
Sri Lanka,Robusta/Arabica,domestic_consumption_kg,2005.0,1800000.0,False,20216524.0
Sri Lanka,Robusta/Arabica,domestic_consumption_kg,2006.0,1800000.0,False,20352411.0
Sri Lanka,Robusta/Arabica,domestic_consumption_kg,2007.0,1800000.0,False,20492545.0
Sri Lanka,Robusta/Arabica,domestic_consumption_kg,2008.0,1800000.0,False,20629378.0
Sri Lanka,Robusta/Arabica,domestic_consumption_kg,2009.0,1800000.0,False,20756435.0
Sri Lanka,Robusta/Arabica,domestic_consumption_kg,2010.0,2100000.0,False,20879089.0
Sri Lanka,Robusta/Arabica,domestic_consumption_kg,2011.0,2100000.0,False,21009048.0
Sri Lanka,Robusta/Arabica,domestic_consumption_kg,2012.0,2100000.0,False,21169458.0
Sri Lanka,Robusta/Arabica,domestic_consumption_kg,2013.0,2100000.0,False,20585000.0
Sri Lanka,Robusta/Arabica,domestic_consumption_kg,2014.0,2100000.0,False,20778000.0
Sri Lanka,Robusta/Arabica,domestic_consumption_kg,2015.0,2100000.0,False,20970000.0
Sri Lanka,Robusta/Arabica,domestic_consumption_kg,2016.0,2100000.0,False,21209000.0
Sri Lanka,Robusta/Arabica,domestic_consumption_kg,2017.0,2100000.0,False,21453000.0
Sri Lanka,Robusta/Arabica,domestic_consumption_kg,2018.0,2100000.0,False,21670000.0
Sri Lanka,Robusta/Arabica,domestic_consumption_kg,2019.0,2100000.0,False,21803000.0
Tanzania,Arabica/Robusta,domestic_consumption_kg,1990.0,240000.0,False,26110207.0
Tanzania,Arabica/Robusta,domestic_consumption_kg,1991.0,210000.0,False,26780436.0
Tanzania,Arabica/Robusta,domestic_consumption_kg,1992.0,1152000.0,False,27457588.0
Tanzania,Arabica/Robusta,domestic_consumption_kg,1993.0,1050000.0,False,28332692.0
Tanzania,Arabica/Robusta,domestic_consumption_kg,1994.0,1050000.0,False,29442356.0
Tanzania,Arabica/Robusta,domestic_consumption_kg,1995.0,816000.0,False,30383497.0
Tanzania,Arabica/Robusta,domestic_consumption_kg,1996.0,996000.0,False,30945762.0
Tanzania,Arabica/Robusta,domestic_consumption_kg,1997.0,1020000.0,False,31578089.0
Tanzania,Arabica/Robusta,domestic_consumption_kg,1998.0,1020000.0,False,32420458.0
Tanzania,Arabica/Robusta,domestic_consumption_kg,1999.0,840000.0,False,33300330.0
Tanzania,Arabica/Robusta,domestic_consumption_kg,2000.0,900000.0,False,34260139.0
Tanzania,Arabica/Robusta,domestic_consumption_kg,2001.0,900000.0,False,35198299.0
Tanzania,Arabica/Robusta,domestic_consumption_kg,2002.0,900000.0,False,36121304.0
Tanzania,Arabica/Robusta,domestic_consumption_kg,2003.0,1620000.0,False,37089555.0
Tanzania,Arabica/Robusta,domestic_consumption_kg,2004.0,2220000.0,False,38109668.0
Tanzania,Arabica/Robusta,domestic_consumption_kg,2005.0,2820000.0,False,39182076.0
Tanzania,Arabica/Robusta,domestic_consumption_kg,2006.0,2820000.0,False,40294902.0
Tanzania,Arabica/Robusta,domestic_consumption_kg,2007.0,2820000.0,False,41435512.0
Tanzania,Arabica/Robusta,domestic_consumption_kg,2008.0,2820000.0,False,42570728.0
Tanzania,Arabica/Robusta,domestic_consumption_kg,2009.0,2820000.0,False,43633982.0
Tanzania,Arabica/Robusta,domestic_consumption_kg,2010.0,2820000.0,False,44758488.0
Tanzania,Arabica/Robusta,domestic_consumption_kg,2011.0,3537000.0,False,46029367.0
Tanzania,Arabica/Robusta,domestic_consumption_kg,2012.0,4302000.0,False,47374260.0
Tanzania,Arabica/Robusta,domestic_consumption_kg,2013.0,4408020.0,False,48824128.0
Tanzania,Arabica/Robusta,domestic_consumption_kg,2014.0,4603020.0,False,50351512.0
Tanzania,Arabica/Robusta,domestic_consumption_kg,2015.0,5523000.0,False,52020962.0
Tanzania,Arabica/Robusta,domestic_consumption_kg,2016.0,5478000.0,False,53824013.0
Tanzania,Arabica/Robusta,domestic_consumption_kg,2017.0,5500020.0,False,55652890.0
Tanzania,Arabica/Robusta,domestic_consumption_kg,2018.0,5520000.0,False,57437145.0
Tanzania,Arabica/Robusta,domestic_consumption_kg,2019.0,5700000.0,False,59174891.0
Thailand,Robusta/Arabica,domestic_consumption_kg,1990.0,11280000.0,False,54738329.0
Thailand,Robusta/Arabica,domestic_consumption_kg,1991.0,13200000.0,False,55637434.0
Thailand,Robusta/Arabica,domestic_consumption_kg,1992.0,13980000.0,False,56528834.0
Thailand,Robusta/Arabica,domestic_consumption_kg,1993.0,15000000.0,False,57408198.0
Thailand,Robusta/Arabica,domestic_consumption_kg,1994.0,16980000.0,False,58260854.0
Thailand,Robusta/Arabica,domestic_consumption_kg,1995.0,25020000.0,False,59098232.0
Thailand,Robusta/Arabica,domestic_consumption_kg,1996.0,19980000.0,False,59920064.0
Thailand,Robusta/Arabica,domestic_consumption_kg,1997.0,23400000.0,False,60724584.0
Thailand,Robusta/Arabica,domestic_consumption_kg,1998.0,25980000.0,False,61522630.0
Thailand,Robusta/Arabica,domestic_consumption_kg,1999.0,25980000.0,False,62299043.0
Thailand,Robusta/Arabica,domestic_consumption_kg,2000.0,30000000.0,False,63007815.0
Thailand,Robusta/Arabica,domestic_consumption_kg,2001.0,30000000.0,False,63651141.0
Thailand,Robusta/Arabica,domestic_consumption_kg,2002.0,30000000.0,False,64266437.0
Thailand,Robusta/Arabica,domestic_consumption_kg,2003.0,30000000.0,False,64868166.0
Thailand,Robusta/Arabica,domestic_consumption_kg,2004.0,30000000.0,False,65452047.0
Thailand,Robusta/Arabica,domestic_consumption_kg,2005.0,30000000.0,False,66017420.0
Thailand,Robusta/Arabica,domestic_consumption_kg,2006.0,30000000.0,False,66567687.0
Thailand,Robusta/Arabica,domestic_consumption_kg,2007.0,33000000.0,False,67102394.0
Thailand,Robusta/Arabica,domestic_consumption_kg,2008.0,36000000.0,False,67619830.0
Thailand,Robusta/Arabica,domestic_consumption_kg,2009.0,42000000.0,False,68121080.0
Thailand,Robusta/Arabica,domestic_consumption_kg,2010.0,46500000.0,False,68579447.0
Thailand,Robusta/Arabica,domestic_consumption_kg,2011.0,66000000.0,False,69007208.0
Thailand,Robusta/Arabica,domestic_consumption_kg,2012.0,67800000.0,False,69436098.0
Thailand,Robusta/Arabica,domestic_consumption_kg,2013.0,72000000.0,False,69845114.0
Thailand,Robusta/Arabica,domestic_consumption_kg,2014.0,75000000.0,False,70216367.0
Thailand,Robusta/Arabica,domestic_consumption_kg,2015.0,78000000.0,False,70540795.0
Thailand,Robusta/Arabica,domestic_consumption_kg,2016.0,81000000.0,False,70859841.0
Thailand,Robusta/Arabica,domestic_consumption_kg,2017.0,82500000.0,False,71160187.0
Thailand,Robusta/Arabica,domestic_consumption_kg,2018.0,84000000.0,False,71376079.0
Thailand,Robusta/Arabica,domestic_consumption_kg,2019.0,84000000.0,False,71522271.0
Timor-Leste,Arabica,domestic_consumption_kg,1990.0,0.0,False,760345.0
Timor-Leste,Arabica,domestic_consumption_kg,1991.0,0.0,False,778278.0
Timor-Leste,Arabica,domestic_consumption_kg,1992.0,0.0,False,799318.0
Timor-Leste,Arabica,domestic_consumption_kg,1993.0,0.0,False,821437.0
Timor-Leste,Arabica,domestic_consumption_kg,1994.0,0.0,False,844493.0
Timor-Leste,Arabica,domestic_consumption_kg,1995.0,0.0,False,868146.0
Timor-Leste,Arabica,domestic_consumption_kg,1996.0,0.0,False,892282.0
Timor-Leste,Arabica,domestic_consumption_kg,1997.0,0.0,False,917184.0
Timor-Leste,Arabica,domestic_consumption_kg,1998.0,0.0,False,942530.0
Timor-Leste,Arabica,domestic_consumption_kg,1999.0,0.0,False,834697.0
Timor-Leste,Arabica,domestic_consumption_kg,2000.0,0.0,False,745088.0
Timor-Leste,Arabica,domestic_consumption_kg,2001.0,0.0,False,812249.0
Timor-Leste,Arabica,domestic_consumption_kg,2002.0,0.0,False,879159.0
Timor-Leste,Arabica,domestic_consumption_kg,2003.0,0.0,False,916878.0
Timor-Leste,Arabica,domestic_consumption_kg,2004.0,0.0,False,929074.0
Timor-Leste,Arabica,domestic_consumption_kg,2005.0,0.0,False,948311.0
Timor-Leste,Arabica,domestic_consumption_kg,2006.0,0.0,False,976597.0
Timor-Leste,Arabica,domestic_consumption_kg,2007.0,0.0,False,1004889.0
Timor-Leste,Arabica,domestic_consumption_kg,2008.0,0.0,False,1032429.0
Timor-Leste,Arabica,domestic_consumption_kg,2009.0,0.0,False,1058782.0
Timor-Leste,Arabica,domestic_consumption_kg,2010.0,29400.0,False,1084679.0
Timor-Leste,Arabica,domestic_consumption_kg,2011.0,29400.0,False,1110207.0
Timor-Leste,Arabica,domestic_consumption_kg,2012.0,29400.0,False,1134885.0
Timor-Leste,Arabica,domestic_consumption_kg,2013.0,29400.0,False,1158695.0
Timor-Leste,Arabica,domestic_consumption_kg,2014.0,29400.0,False,1181903.0
Timor-Leste,Arabica,domestic_consumption_kg,2015.0,29400.0,False,1205131.0
Timor-Leste,Arabica,domestic_consumption_kg,2016.0,29400.0,False,1228312.0
Timor-Leste,Arabica,domestic_consumption_kg,2017.0,29400.0,False,1251703.0
Timor-Leste,Arabica,domestic_consumption_kg,2018.0,29400.0,False,1275959.0
Timor-Leste,Arabica,domestic_consumption_kg,2019.0,29400.0,False,1300945.0
Togo,Robusta,domestic_consumption_kg,1990.0,60000.0,False,3714021.0
Togo,Robusta,domestic_consumption_kg,1991.0,60000.0,False,3822636.0
Togo,Robusta,domestic_consumption_kg,1992.0,60000.0,False,3932581.0
Togo,Robusta,domestic_consumption_kg,1993.0,60000.0,False,3887974.0
Togo,Robusta,domestic_consumption_kg,1994.0,60000.0,False,3904183.0
Togo,Robusta,domestic_consumption_kg,1995.0,60000.0,False,4110450.0
Togo,Robusta,domestic_consumption_kg,1996.0,60000.0,False,4291136.0
Togo,Robusta,domestic_consumption_kg,1997.0,60000.0,False,4438794.0
Togo,Robusta,domestic_consumption_kg,1998.0,120000.0,False,4551635.0
Togo,Robusta,domestic_consumption_kg,1999.0,120000.0,False,4665754.0
Togo,Robusta,domestic_consumption_kg,2000.0,120000.0,False,4783722.0
Togo,Robusta,domestic_consumption_kg,2001.0,120000.0,False,4904144.0
Togo,Robusta,domestic_consumption_kg,2002.0,120000.0,False,5027130.0
Togo,Robusta,domestic_consumption_kg,2003.0,120000.0,False,5154112.0
Togo,Robusta,domestic_consumption_kg,2004.0,120000.0,False,5281320.0
Togo,Robusta,domestic_consumption_kg,2005.0,120000.0,False,5413154.0
Togo,Robusta,domestic_consumption_kg,2006.0,120000.0,False,5569664.0
Togo,Robusta,domestic_consumption_kg,2007.0,120000.0,False,5748443.0
Togo,Robusta,domestic_consumption_kg,2008.0,120000.0,False,5936138.0
Togo,Robusta,domestic_consumption_kg,2009.0,120000.0,False,6130946.0
Togo,Robusta,domestic_consumption_kg,2010.0,120000.0,False,6325788.0
Togo,Robusta,domestic_consumption_kg,2011.0,12600.0,False,6500582.0
Togo,Robusta,domestic_consumption_kg,2012.0,14520.0,False,6653718.0
Togo,Robusta,domestic_consumption_kg,2013.0,14280.0,False,6798848.0
Togo,Robusta,domestic_consumption_kg,2014.0,11700.0,False,6937644.0
Togo,Robusta,domestic_consumption_kg,2015.0,13200.0,False,7071502.0
Togo,Robusta,domestic_consumption_kg,2016.0,15240.0,False,7200884.0
Togo,Robusta,domestic_consumption_kg,2017.0,15240.0,False,7324386.0
Togo,Robusta,domestic_consumption_kg,2018.0,15240.0,False,7458206.0
Togo,Robusta,domestic_consumption_kg,2019.0,15600.0,False,7619925.0
Trinidad & Tobago,Robusta,domestic_consumption_kg,1990.0,480000.0,False,1252208.0
Trinidad & Tobago,Robusta,domestic_consumption_kg,1991.0,690000.0,False,1262171.0
Trinidad & Tobago,Robusta,domestic_consumption_kg,1992.0,600000.0,False,1271674.0
Trinidad & Tobago,Robusta,domestic_consumption_kg,1993.0,600000.0,False,1280466.0
Trinidad & Tobago,Robusta,domestic_consumption_kg,1994.0,840000.0,False,1288341.0
Trinidad & Tobago,Robusta,domestic_consumption_kg,1995.0,840000.0,False,1295169.0
Trinidad & Tobago,Robusta,domestic_consumption_kg,1996.0,840000.0,False,1300928.0
Trinidad & Tobago,Robusta,domestic_consumption_kg,1997.0,840000.0,False,1305836.0
Trinidad & Tobago,Robusta,domestic_consumption_kg,1998.0,840000.0,False,1310225.0
Trinidad & Tobago,Robusta,domestic_consumption_kg,1999.0,840000.0,False,1314708.0
Trinidad & Tobago,Robusta,domestic_consumption_kg,2000.0,840000.0,False,1319774.0
Trinidad & Tobago,Robusta,domestic_consumption_kg,2001.0,840000.0,False,1325567.0
Trinidad & Tobago,Robusta,domestic_consumption_kg,2002.0,840000.0,False,1332011.0
Trinidad & Tobago,Robusta,domestic_consumption_kg,2003.0,840000.0,False,1338709.0
Trinidad & Tobago,Robusta,domestic_consumption_kg,2004.0,840000.0,False,1345380.0
Trinidad & Tobago,Robusta,domestic_consumption_kg,2005.0,840000.0,False,1294494.0
Trinidad & Tobago,Robusta,domestic_consumption_kg,2006.0,660000.0,False,1297944.0
Trinidad & Tobago,Robusta,domestic_consumption_kg,2007.0,660000.0,False,1303188.0
Trinidad & Tobago,Robusta,domestic_consumption_kg,2008.0,660000.0,False,1308587.0
Trinidad & Tobago,Robusta,domestic_consumption_kg,2009.0,660000.0,False,1310106.0
Trinidad & Tobago,Robusta,domestic_consumption_kg,2010.0,600000.0,False,1317714.0
Trinidad & Tobago,Robusta,domestic_consumption_kg,2011.0,600000.0,False,1328019.0
Trinidad & Tobago,Robusta,domestic_consumption_kg,2012.0,600000.0,False,1335194.0
Trinidad & Tobago,Robusta,domestic_consumption_kg,2013.0,600000.0,False,1340557.0
Trinidad & Tobago,Robusta,domestic_consumption_kg,2014.0,600000.0,False,1345343.0
Trinidad & Tobago,Robusta,domestic_consumption_kg,2015.0,600000.0,False,1349667.0
Trinidad & Tobago,Robusta,domestic_consumption_kg,2016.0,600000.0,False,1353895.0
Trinidad & Tobago,Robusta,domestic_consumption_kg,2017.0,600000.0,False,1356633.0
Trinidad & Tobago,Robusta,domestic_consumption_kg,2018.0,600000.0,False,1359193.0
Trinidad & Tobago,Robusta,domestic_consumption_kg,2019.0,600000.0,False,1363985.0
Uganda,Robusta/Arabica,domestic_consumption_kg,1990.0,4200000.0,False,17569897.0
Uganda,Robusta/Arabica,domestic_consumption_kg,1991.0,4500000.0,False,18155901.0
Uganda,Robusta/Arabica,domestic_consumption_kg,1992.0,4500000.0,False,18785032.0
Uganda,Robusta/Arabica,domestic_consumption_kg,1993.0,4500000.0,False,19445161.0
Uganda,Robusta/Arabica,domestic_consumption_kg,1994.0,4800000.0,False,20108801.0
Uganda,Robusta/Arabica,domestic_consumption_kg,1995.0,4800000.0,False,20665667.0
Uganda,Robusta/Arabica,domestic_consumption_kg,1996.0,4800000.0,False,21231550.0
Uganda,Robusta/Arabica,domestic_consumption_kg,1997.0,6071400.0,False,21856046.0
Uganda,Robusta/Arabica,domestic_consumption_kg,1998.0,6960000.0,False,22515806.0
Uganda,Robusta/Arabica,domestic_consumption_kg,1999.0,7140000.0,False,23257281.0
Uganda,Robusta/Arabica,domestic_consumption_kg,2000.0,8520000.0,False,24000150.0
Uganda,Robusta/Arabica,domestic_consumption_kg,2001.0,8460000.0,False,24745676.0
Uganda,Robusta/Arabica,domestic_consumption_kg,2002.0,8400000.0,False,25532870.0
Uganda,Robusta/Arabica,domestic_consumption_kg,2003.0,7860000.0,False,26352124.0
Uganda,Robusta/Arabica,domestic_consumption_kg,2004.0,8400000.0,False,27154515.0
Uganda,Robusta/Arabica,domestic_consumption_kg,2005.0,9000000.0,False,27963289.0
Uganda,Robusta/Arabica,domestic_consumption_kg,2006.0,10500000.0,False,28794003.0
Uganda,Robusta/Arabica,domestic_consumption_kg,2007.0,10815000.0,False,29653430.0
Uganda,Robusta/Arabica,domestic_consumption_kg,2008.0,11100000.0,False,30539553.0
Uganda,Robusta/Arabica,domestic_consumption_kg,2009.0,11322000.0,False,31451151.0
Uganda,Robusta/Arabica,domestic_consumption_kg,2010.0,12240000.0,False,32390802.0
Uganda,Robusta/Arabica,domestic_consumption_kg,2011.0,12600000.0,False,33354543.0
Uganda,Robusta/Arabica,domestic_consumption_kg,2012.0,12960000.0,False,34337438.0
Uganda,Robusta/Arabica,domestic_consumption_kg,2013.0,13248000.0,False,35337042.0
Uganda,Robusta/Arabica,domestic_consumption_kg,2014.0,13752000.0,False,36395539.0
Uganda,Robusta/Arabica,domestic_consumption_kg,2015.0,14040000.0,False,37531446.0
Uganda,Robusta/Arabica,domestic_consumption_kg,2016.0,14400000.0,False,38799152.0
Uganda,Robusta/Arabica,domestic_consumption_kg,2017.0,14688000.0,False,40177388.0
Uganda,Robusta/Arabica,domestic_consumption_kg,2018.0,15000000.0,False,41565831.0
Uganda,Robusta/Arabica,domestic_consumption_kg,2019.0,15240000.0,False,42999637.0
Venezuela,Arabica,domestic_consumption_kg,1990.0,46943400.0,False,19827010.0
Venezuela,Arabica,domestic_consumption_kg,1991.0,48928800.0,False,20304896.0
Venezuela,Arabica,domestic_consumption_kg,1992.0,50998200.0,False,20780948.0
Venezuela,Arabica,domestic_consumption_kg,1993.0,53155800.0,False,21254520.0
Venezuela,Arabica,domestic_consumption_kg,1994.0,55404000.0,False,21725188.0
Venezuela,Arabica,domestic_consumption_kg,1995.0,57747600.0,False,22193821.0
Venezuela,Arabica,domestic_consumption_kg,1996.0,60190800.0,False,22662113.0
Venezuela,Arabica,domestic_consumption_kg,1997.0,62736599.0,False,23131685.0
Venezuela,Arabica,domestic_consumption_kg,1998.0,65390400.0,False,23601337.0
Venezuela,Arabica,domestic_consumption_kg,1999.0,68156400.0,False,24066593.0
Venezuela,Arabica,domestic_consumption_kg,2000.0,71039400.0,False,24526708.0
Venezuela,Arabica,domestic_consumption_kg,2001.0,74044200.0,False,24979922.0
Venezuela,Arabica,domestic_consumption_kg,2002.0,77176200.0,False,25435671.0
Venezuela,Arabica,domestic_consumption_kg,2003.0,80440800.0,False,25892703.0
Venezuela,Arabica,domestic_consumption_kg,2004.0,83843400.0,False,26340838.0
Venezuela,Arabica,domestic_consumption_kg,2005.0,87390000.0,False,26785804.0
Venezuela,Arabica,domestic_consumption_kg,2006.0,91086600.0,False,27224686.0
Venezuela,Arabica,domestic_consumption_kg,2007.0,94939800.0,False,27649363.0
Venezuela,Arabica,domestic_consumption_kg,2008.0,98955600.0,False,28053696.0
Venezuela,Arabica,domestic_consumption_kg,2009.0,99000000.0,False,28438298.0
Venezuela,Arabica,domestic_consumption_kg,2010.0,99000000.0,False,28813101.0
Venezuela,Arabica,domestic_consumption_kg,2011.0,99000000.0,False,29185212.0
Venezuela,Arabica,domestic_consumption_kg,2012.0,99000000.0,False,29553826.0
Venezuela,Arabica,domestic_consumption_kg,2013.0,99000000.0,False,29912198.0
Venezuela,Arabica,domestic_consumption_kg,2014.0,99000000.0,False,30254079.0
Venezuela,Arabica,domestic_consumption_kg,2015.0,99000000.0,False,30573972.0
Venezuela,Arabica,domestic_consumption_kg,2016.0,99000000.0,False,30765720.0
Venezuela,Arabica,domestic_consumption_kg,2017.0,96000000.0,False,30565323.0
Venezuela,Arabica,domestic_consumption_kg,2018.0,93000000.0,False,29807592.0
Venezuela,Arabica,domestic_consumption_kg,2019.0,76500000.0,False,28938098.0
Viet Nam,Robusta/Arabica,domestic_consumption_kg,1990.0,9000000.0,False,65504552.0
Viet Nam,Robusta/Arabica,domestic_consumption_kg,1991.0,13800000.0,False,66891775.0
Viet Nam,Robusta/Arabica,domestic_consumption_kg,1992.0,15000000.0,False,68260337.0
Viet Nam,Robusta/Arabica,domestic_consumption_kg,1993.0,16020000.0,False,69586384.0
Viet Nam,Robusta/Arabica,domestic_consumption_kg,1994.0,16020000.0,False,70854391.0
Viet Nam,Robusta/Arabica,domestic_consumption_kg,1995.0,16910700.0,False,72049940.0
Viet Nam,Robusta/Arabica,domestic_consumption_kg,1996.0,17850960.0,False,73156447.0
Viet Nam,Robusta/Arabica,domestic_consumption_kg,1997.0,18843480.0,False,74226889.0
Viet Nam,Robusta/Arabica,domestic_consumption_kg,1998.0,19891140.0,False,75299660.0
Viet Nam,Robusta/Arabica,domestic_consumption_kg,1999.0,21000000.0,False,76287452.0
Viet Nam,Robusta/Arabica,domestic_consumption_kg,2000.0,24097500.0,False,77154011.0
Viet Nam,Robusta/Arabica,domestic_consumption_kg,2001.0,27651900.0,False,77969361.0
Viet Nam,Robusta/Arabica,domestic_consumption_kg,2002.0,31130520.0,False,78772224.0
Viet Nam,Robusta/Arabica,domestic_consumption_kg,2003.0,36410760.0,False,79563777.0
Viet Nam,Robusta/Arabica,domestic_consumption_kg,2004.0,41781360.0,False,80338971.0
Viet Nam,Robusta/Arabica,domestic_consumption_kg,2005.0,48000000.0,False,81088313.0
Viet Nam,Robusta/Arabica,domestic_consumption_kg,2006.0,55020000.0,False,82167897.0
Viet Nam,Robusta/Arabica,domestic_consumption_kg,2007.0,56280000.0,False,83633375.0
Viet Nam,Robusta/Arabica,domestic_consumption_kg,2008.0,61260000.0,False,85175788.0
Viet Nam,Robusta/Arabica,domestic_consumption_kg,2009.0,72480000.0,False,86460018.0
Viet Nam,Robusta/Arabica,domestic_consumption_kg,2010.0,94980000.0,False,87455152.0
Viet Nam,Robusta/Arabica,domestic_consumption_kg,2011.0,99000000.0,False,88468314.0
Viet Nam,Robusta/Arabica,domestic_consumption_kg,2012.0,109500000.0,False,89510356.0
Viet Nam,Robusta/Arabica,domestic_consumption_kg,2013.0,120000000.0,False,90573104.0
Viet Nam,Robusta/Arabica,domestic_consumption_kg,2014.0,132000000.0,False,91679578.0
Viet Nam,Robusta/Arabica,domestic_consumption_kg,2015.0,138000000.0,False,92823254.0
Viet Nam,Robusta/Arabica,domestic_consumption_kg,2016.0,144000000.0,False,94000117.0
Viet Nam,Robusta/Arabica,domestic_consumption_kg,2017.0,150000000.0,False,95176977.0
Viet Nam,Robusta/Arabica,domestic_consumption_kg,2018.0,156000000.0,False,96237319.0
Viet Nam,Robusta/Arabica,domestic_consumption_kg,2019.0,159000000.0,False,97173776.0
Yemen,Arabica,domestic_consumption_kg,1990.0,0.0,False,13887862.0
Yemen,Arabica,domestic_consumption_kg,1991.0,0.0,False,14430201.0
Yemen,Arabica,domestic_consumption_kg,1992.0,0.0,False,14989494.0
Yemen,Arabica,domestic_consumption_kg,1993.0,0.0,False,15563914.0
Yemen,Arabica,domestic_consumption_kg,1994.0,0.0,False,16149147.0
Yemen,Arabica,domestic_consumption_kg,1995.0,0.0,False,16740058.0
Yemen,Arabica,domestic_consumption_kg,1996.0,0.0,False,17313177.0
Yemen,Arabica,domestic_consumption_kg,1997.0,0.0,False,17873936.0
Yemen,Arabica,domestic_consumption_kg,1998.0,0.0,False,18446013.0
Yemen,Arabica,domestic_consumption_kg,1999.0,0.0,False,19029420.0
Yemen,Arabica,domestic_consumption_kg,2000.0,0.0,False,19624141.0
Yemen,Arabica,domestic_consumption_kg,2001.0,0.0,False,20226147.0
Yemen,Arabica,domestic_consumption_kg,2002.0,0.0,False,20835086.0
Yemen,Arabica,domestic_consumption_kg,2003.0,8760000.0,False,21456379.0
Yemen,Arabica,domestic_consumption_kg,2004.0,8160000.0,False,22095167.0
Yemen,Arabica,domestic_consumption_kg,2005.0,8280000.0,False,22790085.0
Yemen,Arabica,domestic_consumption_kg,2006.0,8280000.0,False,23543083.0
Yemen,Arabica,domestic_consumption_kg,2007.0,7800000.0,False,24318082.0
Yemen,Arabica,domestic_consumption_kg,2008.0,7800000.0,False,25111941.0
Yemen,Arabica,domestic_consumption_kg,2009.0,7800000.0,False,25927724.0
Yemen,Arabica,domestic_consumption_kg,2010.0,7800000.0,False,26754387.0
Yemen,Arabica,domestic_consumption_kg,2011.0,7800000.0,False,27582897.0
Yemen,Arabica,domestic_consumption_kg,2012.0,7800000.0,False,28433647.0
Yemen,Arabica,domestic_consumption_kg,2013.0,7800000.0,False,29312952.0
Yemen,Arabica,domestic_consumption_kg,2014.0,7500000.0,False,30226309.0
Yemen,Arabica,domestic_consumption_kg,2015.0,6900000.0,False,31159379.0
Yemen,Arabica,domestic_consumption_kg,2016.0,6000000.0,False,32109010.0
Yemen,Arabica,domestic_consumption_kg,2017.0,5400000.0,False,33090921.0
Yemen,Arabica,domestic_consumption_kg,2018.0,3900000.0,False,34085182.0
Yemen,Arabica,domestic_consumption_kg,2019.0,3840000.0,False,35111408.0
Zambia,Arabica,domestic_consumption_kg,1990.0,90000.0,False,7786169.0
Zambia,Arabica,domestic_consumption_kg,1991.0,90000.0,False,7981650.0
Zambia,Arabica,domestic_consumption_kg,1992.0,85920.0,False,8176680.0
Zambia,Arabica,domestic_consumption_kg,1993.0,60000.0,False,8373921.0
Zambia,Arabica,domestic_consumption_kg,1994.0,90000.0,False,8576269.0
Zambia,Arabica,domestic_consumption_kg,1995.0,36000.0,False,8785763.0
Zambia,Arabica,domestic_consumption_kg,1996.0,60000.0,False,9004053.0
Zambia,Arabica,domestic_consumption_kg,1997.0,36000.0,False,9237063.0
Zambia,Arabica,domestic_consumption_kg,1998.0,36000.0,False,9482408.0
Zambia,Arabica,domestic_consumption_kg,1999.0,36000.0,False,9740005.0
Zambia,Arabica,domestic_consumption_kg,2000.0,36000.0,False,10017631.0
Zambia,Arabica,domestic_consumption_kg,2001.0,36000.0,False,10325185.0
Zambia,Arabica,domestic_consumption_kg,2002.0,36000.0,False,10647949.0
Zambia,Arabica,domestic_consumption_kg,2003.0,36000.0,False,10983595.0
Zambia,Arabica,domestic_consumption_kg,2004.0,36000.0,False,11338198.0
Zambia,Arabica,domestic_consumption_kg,2005.0,36000.0,False,11718819.0
Zambia,Arabica,domestic_consumption_kg,2006.0,36000.0,False,12129553.0
Zambia,Arabica,domestic_consumption_kg,2007.0,60000.0,False,12565085.0
Zambia,Arabica,domestic_consumption_kg,2008.0,60000.0,False,13021324.0
Zambia,Arabica,domestic_consumption_kg,2009.0,0.0,False,13490389.0
Zambia,Arabica,domestic_consumption_kg,2010.0,0.0,False,13965594.0
Zambia,Arabica,domestic_consumption_kg,2011.0,0.0,False,14437796.0
Zambia,Arabica,domestic_consumption_kg,2012.0,0.0,False,14913629.0
Zambia,Arabica,domestic_consumption_kg,2013.0,0.0,False,15398997.0
Zambia,Arabica,domestic_consumption_kg,2014.0,0.0,False,15895315.0
Zambia,Arabica,domestic_consumption_kg,2015.0,0.0,False,16399089.0
Zambia,Arabica,domestic_consumption_kg,2016.0,0.0,False,16914423.0
Zambia,Arabica,domestic_consumption_kg,2017.0,0.0,False,17441320.0
Zambia,Arabica,domestic_consumption_kg,2018.0,0.0,False,17973569.0
Zambia,Arabica,domestic_consumption_kg,2019.0,0.0,False,18513839.0
Zimbabwe,Arabica,domestic_consumption_kg,1990.0,480000.0,False,10137281.0
Zimbabwe,Arabica,domestic_consumption_kg,1991.0,480000.0,False,10404816.0
Zimbabwe,Arabica,domestic_consumption_kg,1992.0,480000.0,False,10702700.0
Zimbabwe,Arabica,domestic_consumption_kg,1993.0,499980.0,False,10860288.0
Zimbabwe,Arabica,domestic_consumption_kg,1994.0,499980.0,False,10873148.0
Zimbabwe,Arabica,domestic_consumption_kg,1995.0,396000.0,False,10974599.0
Zimbabwe,Arabica,domestic_consumption_kg,1996.0,240000.0,False,11158360.0
Zimbabwe,Arabica,domestic_consumption_kg,1997.0,240000.0,False,11369827.0
Zimbabwe,Arabica,domestic_consumption_kg,1998.0,240000.0,False,11594297.0
Zimbabwe,Arabica,domestic_consumption_kg,1999.0,240000.0,False,11783458.0
Zimbabwe,Arabica,domestic_consumption_kg,2000.0,240000.0,False,11892055.0
Zimbabwe,Arabica,domestic_consumption_kg,2001.0,240000.0,False,11971901.0
Zimbabwe,Arabica,domestic_consumption_kg,2002.0,240000.0,False,12087653.0
Zimbabwe,Arabica,domestic_consumption_kg,2003.0,240000.0,False,12232323.0
Zimbabwe,Arabica,domestic_consumption_kg,2004.0,240000.0,False,12365896.0
Zimbabwe,Arabica,domestic_consumption_kg,2005.0,240000.0,False,12483432.0
Zimbabwe,Arabica,domestic_consumption_kg,2006.0,240000.0,False,12636445.0
Zimbabwe,Arabica,domestic_consumption_kg,2007.0,240000.0,False,12804058.0
Zimbabwe,Arabica,domestic_consumption_kg,2008.0,240000.0,False,12959149.0
Zimbabwe,Arabica,domestic_consumption_kg,2009.0,240000.0,False,13142790.0
Zimbabwe,Arabica,domestic_consumption_kg,2010.0,240000.0,False,13356548.0
Zimbabwe,Arabica,domestic_consumption_kg,2011.0,240000.0,False,13595424.0
Zimbabwe,Arabica,domestic_consumption_kg,2012.0,240000.0,False,13817887.0
Zimbabwe,Arabica,domestic_consumption_kg,2013.0,240000.0,False,14013808.0
Zimbabwe,Arabica,domestic_consumption_kg,2014.0,240000.0,False,14207359.0
Zimbabwe,Arabica,domestic_consumption_kg,2015.0,240000.0,False,14399013.0
Zimbabwe,Arabica,domestic_consumption_kg,2016.0,240000.0,False,14600294.0
Zimbabwe,Arabica,domestic_consumption_kg,2017.0,240000.0,False,14812482.0
Zimbabwe,Arabica,domestic_consumption_kg,2018.0,240000.0,False,15034452.0
Zimbabwe,Arabica,domestic_consumption_kg,2019.0,240000.0,False,15271368.0
Angola,,export_kg,1990.0,5040000.0,False,11626360.0
Angola,,export_kg,1991.0,4260000.0,False,12023529.0
Angola,,export_kg,1992.0,4800000.0,False,12423712.0
Angola,,export_kg,1993.0,2340000.0,False,12827135.0
Angola,,export_kg,1994.0,480000.0,False,13249764.0
Angola,,export_kg,1995.0,2460000.0,False,13699778.0
Angola,,export_kg,1996.0,3120000.0,False,14170973.0
Angola,,export_kg,1997.0,3000000.0,False,14660413.0
Angola,,export_kg,1998.0,3240000.0,False,15159370.0
Angola,,export_kg,1999.0,3000000.0,False,15667235.0
Angola,,export_kg,2000.0,1320000.0,False,16194869.0
Angola,,export_kg,2001.0,840000.0,False,16747208.0
Angola,,export_kg,2002.0,540000.0,False,17327699.0
Angola,,export_kg,2003.0,1020000.0,False,17943712.0
Angola,,export_kg,2004.0,360000.0,False,18600423.0
Angola,,export_kg,2005.0,300000.0,False,19291161.0
Angola,,export_kg,2006.0,300000.0,False,20015279.0
Angola,,export_kg,2007.0,240000.0,False,20778561.0
Angola,,export_kg,2008.0,360000.0,False,21578655.0
Angola,,export_kg,2009.0,420000.0,False,22414773.0
Angola,,export_kg,2010.0,240000.0,False,23294825.0
Angola,,export_kg,2011.0,480000.0,False,24218352.0
Angola,,export_kg,2012.0,480000.0,False,25177394.0
Angola,,export_kg,2013.0,360000.0,False,26165620.0
Angola,,export_kg,2014.0,540000.0,False,27160769.0
Angola,,export_kg,2015.0,660000.0,False,28157798.0
Angola,,export_kg,2016.0,660000.0,False,29183070.0
Angola,,export_kg,2017.0,540000.0,False,30234839.0
Angola,,export_kg,2018.0,540000.0,False,31297155.0
Angola,,export_kg,2019.0,1380000.0,False,32375632.0
Bolivia (Plurinational State of),,export_kg,1990.0,9360000.0,False,7130142.0
Bolivia (Plurinational State of),,export_kg,1991.0,4440000.0,False,7280289.0
Bolivia (Plurinational State of),,export_kg,1992.0,5760000.0,False,7430336.0
Bolivia (Plurinational State of),,export_kg,1993.0,2820000.0,False,7579195.0
Bolivia (Plurinational State of),,export_kg,1994.0,5040000.0,False,7727322.0
Bolivia (Plurinational State of),,export_kg,1995.0,5640000.0,False,7874676.0
Bolivia (Plurinational State of),,export_kg,1996.0,7380000.0,False,8021736.0
Bolivia (Plurinational State of),,export_kg,1997.0,6660000.0,False,8167900.0
Bolivia (Plurinational State of),,export_kg,1998.0,5820000.0,False,8313394.0
Bolivia (Plurinational State of),,export_kg,1999.0,7440000.0,False,8459806.0
Bolivia (Plurinational State of),,export_kg,2000.0,6360000.0,False,8606326.0
Bolivia (Plurinational State of),,export_kg,2001.0,4200000.0,False,8752736.0
Bolivia (Plurinational State of),,export_kg,2002.0,4740000.0,False,8900355.0
Bolivia (Plurinational State of),,export_kg,2003.0,4380000.0,False,9050700.0
Bolivia (Plurinational State of),,export_kg,2004.0,5580000.0,False,9204287.0
Bolivia (Plurinational State of),,export_kg,2005.0,5040000.0,False,9360754.0
Bolivia (Plurinational State of),,export_kg,2006.0,5580000.0,False,9521689.0
Bolivia (Plurinational State of),,export_kg,2007.0,5040000.0,False,9685960.0
Bolivia (Plurinational State of),,export_kg,2008.0,4080000.0,False,9850858.0
Bolivia (Plurinational State of),,export_kg,2009.0,4980000.0,False,10016275.0
Bolivia (Plurinational State of),,export_kg,2010.0,4680000.0,False,10182345.0
Bolivia (Plurinational State of),,export_kg,2011.0,4440000.0,False,10348929.0
Bolivia (Plurinational State of),,export_kg,2012.0,3780000.0,False,10515807.0
Bolivia (Plurinational State of),,export_kg,2013.0,3300000.0,False,10682608.0
Bolivia (Plurinational State of),,export_kg,2014.0,3720000.0,False,10848888.0
Bolivia (Plurinational State of),,export_kg,2015.0,1800000.0,False,11014705.0
Bolivia (Plurinational State of),,export_kg,2016.0,1320000.0,False,11180020.0
Bolivia (Plurinational State of),,export_kg,2017.0,1560000.0,False,11344587.0
Bolivia (Plurinational State of),,export_kg,2018.0,1320000.0,False,11508368.0
Bolivia (Plurinational State of),,export_kg,2019.0,1200000.0,False,11671386.0
Brazil,,export_kg,1990.0,1016160000.0,False,149143223.0
Brazil,,export_kg,1991.0,1270980000.0,False,151724256.0
Brazil,,export_kg,1992.0,1127460000.0,False,154275079.0
Brazil,,export_kg,1993.0,1070280000.0,False,156794577.0
Brazil,,export_kg,1994.0,1036380000.0,False,159265006.0
Brazil,,export_kg,1995.0,868080000.0,False,161735073.0
Brazil,,export_kg,1996.0,915060000.0,False,164202549.0
Brazil,,export_kg,1997.0,1008060000.0,False,166661659.0
Brazil,,export_kg,1998.0,1088640000.0,False,169159655.0
Brazil,,export_kg,1999.0,1388940000.0,False,171641543.0
Brazil,,export_kg,2000.0,1080960000.0,False,174018282.0
Brazil,,export_kg,2001.0,1390320000.0,False,176301203.0
Brazil,,export_kg,2002.0,1678920000.0,False,178503484.0
Brazil,,export_kg,2003.0,1542660000.0,False,180622688.0
Brazil,,export_kg,2004.0,1588680000.0,False,182675143.0
Brazil,,export_kg,2005.0,1571880000.0,False,184688101.0
Brazil,,export_kg,2006.0,1642140000.0,False,186653106.0
Brazil,,export_kg,2007.0,1691040000.0,False,188552320.0
Brazil,,export_kg,2008.0,1770600000.0,False,190367302.0
Brazil,,export_kg,2009.0,1822680000.0,False,192079951.0
Brazil,,export_kg,2010.0,1990020000.0,False,193701929.0
Brazil,,export_kg,2011.0,2028360000.0,False,195284734.0
Brazil,,export_kg,2012.0,1712940000.0,False,196876111.0
Brazil,,export_kg,2013.0,1899060000.0,False,198478299.0
Brazil,,export_kg,2016.0,2056140000.0,False,203218114.0
Brazil,,export_kg,2017.0,1855500000.0,False,204703445.0
Brazil,,export_kg,2018.0,2138220000.0,False,206107261.0
Burundi,,export_kg,1990.0,35100000.0,False,5587052.0
Burundi,,export_kg,1991.0,41280000.0,False,5703857.0
Burundi,,export_kg,1992.0,38760000.0,False,5858407.0
Burundi,,export_kg,1993.0,25080000.0,False,5676843.0
Burundi,,export_kg,1994.0,30480000.0,False,5713854.0
Burundi,,export_kg,1995.0,31680000.0,False,6066316.0
Burundi,,export_kg,1996.0,13440000.0,False,6070506.0
Burundi,,export_kg,1997.0,31740000.0,False,6070042.0
Burundi,,export_kg,1998.0,22440000.0,False,6187108.0
Burundi,,export_kg,1999.0,24540000.0,False,6337155.0
Burundi,,export_kg,2000.0,26640000.0,False,6470194.0
Burundi,,export_kg,2001.0,18180000.0,False,6634365.0
Burundi,,export_kg,2002.0,17340000.0,False,6824132.0
Burundi,,export_kg,2003.0,28560000.0,False,7043154.0
Burundi,,export_kg,2004.0,20340000.0,False,7310656.0
Burundi,,export_kg,2005.0,22260000.0,False,7587299.0
Burundi,,export_kg,2006.0,16860000.0,False,7865547.0
Burundi,,export_kg,2007.0,21360000.0,False,8161874.0
Burundi,,export_kg,2008.0,15060000.0,False,8505637.0
Burundi,,export_kg,2009.0,17340000.0,False,8947646.0
Burundi,,export_kg,2010.0,18420000.0,False,9376444.0
Burundi,,export_kg,2011.0,13080000.0,False,9717978.0
Burundi,,export_kg,2012.0,23520000.0,False,10071028.0
Burundi,,export_kg,2013.0,11700000.0,False,10439341.0
Burundi,,export_kg,2014.0,15120000.0,False,10799785.0
Burundi,,export_kg,2015.0,13800000.0,False,11047580.0
Burundi,,export_kg,2016.0,12240000.0,False,11239451.0
Burundi,,export_kg,2017.0,10140000.0,False,11506762.0
Burundi,,export_kg,2018.0,12120000.0,False,11859446.0
Burundi,,export_kg,2019.0,17580000.0,False,12255336.0
Cameroon,,export_kg,1990.0,156660000.0,False,11331821.0
Cameroon,,export_kg,1991.0,105120000.0,False,11667180.0
Cameroon,,export_kg,1992.0,98760000.0,False,12006353.0
Cameroon,,export_kg,1993.0,42300000.0,False,12353131.0
Cameroon,,export_kg,1994.0,32760000.0,False,12704903.0
Cameroon,,export_kg,1995.0,24420000.0,False,13058516.0
Cameroon,,export_kg,1996.0,33840000.0,False,13414757.0
Cameroon,,export_kg,1997.0,82080000.0,False,13775214.0
Cameroon,,export_kg,1998.0,44760000.0,False,14144860.0
Cameroon,,export_kg,1999.0,69240000.0,False,14525140.0
Cameroon,,export_kg,2000.0,72300000.0,False,14912631.0
Cameroon,,export_kg,2001.0,67500000.0,False,15309490.0
Cameroon,,export_kg,2002.0,38400000.0,False,15725528.0
Cameroon,,export_kg,2003.0,48840000.0,False,16160340.0
Cameroon,,export_kg,2004.0,44040000.0,False,16610487.0
Cameroon,,export_kg,2005.0,42240000.0,False,17074594.0
Cameroon,,export_kg,2006.0,44340000.0,False,17550407.0
Cameroon,,export_kg,2007.0,43260000.0,False,18049896.0
Cameroon,,export_kg,2008.0,31620000.0,False,18574056.0
Cameroon,,export_kg,2009.0,37080000.0,False,19113974.0
Cameroon,,export_kg,2010.0,47640000.0,False,19668066.0
Cameroon,,export_kg,2011.0,29400000.0,False,20232304.0
Cameroon,,export_kg,2012.0,37320000.0,False,20809529.0
Cameroon,,export_kg,2013.0,16320000.0,False,21402376.0
Cameroon,,export_kg,2014.0,22500000.0,False,22059893.0
Cameroon,,export_kg,2015.0,23400000.0,False,22763414.0
Cameroon,,export_kg,2016.0,16860000.0,False,23454161.0
Cameroon,,export_kg,2017.0,14700000.0,False,24128601.0
Cameroon,,export_kg,2018.0,17220000.0,False,24806383.0
Cameroon,,export_kg,2019.0,15000000.0,False,25506095.0
Central African Republic,,export_kg,1990.0,11820000.0,False,2871910.0
Central African Republic,,export_kg,1991.0,8460000.0,False,2963191.0
Central African Republic,,export_kg,1992.0,6000000.0,False,3058831.0
Central African Republic,,export_kg,1993.0,8220000.0,False,3157839.0
Central African Republic,,export_kg,1994.0,8220000.0,False,3257954.0
Central African Republic,,export_kg,1995.0,13920000.0,False,3348052.0
Central African Republic,,export_kg,1996.0,5880000.0,False,3435965.0
Central African Republic,,export_kg,1997.0,12180000.0,False,3531700.0
Central African Republic,,export_kg,1998.0,6120000.0,False,3628827.0
Central African Republic,,export_kg,1999.0,11700000.0,False,3729450.0
Central African Republic,,export_kg,2000.0,12180000.0,False,3833416.0
Central African Republic,,export_kg,2001.0,5640000.0,False,3919487.0
Central African Republic,,export_kg,2002.0,5700000.0,False,4006077.0
Central African Republic,,export_kg,2003.0,2400000.0,False,4103086.0
Central African Republic,,export_kg,2004.0,3840000.0,False,4192826.0
Central African Republic,,export_kg,2005.0,2820000.0,False,4288810.0
Central African Republic,,export_kg,2006.0,1020000.0,False,4377579.0
Central African Republic,,export_kg,2007.0,7320000.0,False,4462770.0
Central African Republic,,export_kg,2008.0,1980000.0,False,4558984.0
Central African Republic,,export_kg,2009.0,3720000.0,False,4529047.0
Central African Republic,,export_kg,2010.0,5700000.0,False,4492995.0
Central African Republic,,export_kg,2011.0,4680000.0,False,4565021.0
Central African Republic,,export_kg,2012.0,4680000.0,False,4610848.0
Central African Republic,,export_kg,2013.0,60000.0,False,4642419.0
Central African Republic,,export_kg,2014.0,4500000.0,False,4623182.0
Central African Republic,,export_kg,2015.0,2580000.0,False,4629320.0
Central African Republic,,export_kg,2016.0,4800000.0,False,4713663.0
Central African Republic,,export_kg,2017.0,1080000.0,False,4793511.0
Central African Republic,,export_kg,2018.0,2340000.0,False,4878657.0
Central African Republic,,export_kg,2019.0,1140000.0,False,4944703.0
Colombia,,export_kg,1990.0,836640000.0,False,32440069.0
Colombia,,export_kg,1991.0,755940000.0,False,33098372.0
Colombia,,export_kg,1992.0,993840000.0,False,33760571.0
Colombia,,export_kg,1993.0,814080000.0,False,34441473.0
Colombia,,export_kg,1994.0,706080000.0,False,35127410.0
Colombia,,export_kg,1995.0,588840000.0,False,35804662.0
Colombia,,export_kg,1996.0,635280000.0,False,36462745.0
Colombia,,export_kg,1997.0,655140000.0,False,37121149.0
Colombia,,export_kg,1998.0,675600000.0,False,37792165.0
Colombia,,export_kg,1999.0,599700000.0,False,38454863.0
Colombia,,export_kg,2000.0,550620000.0,False,39089934.0
Colombia,,export_kg,2001.0,596640000.0,False,39709262.0
Colombia,,export_kg,2002.0,616380000.0,False,40324680.0
Colombia,,export_kg,2003.0,614640000.0,False,40937429.0
Colombia,,export_kg,2004.0,611640000.0,False,41543171.0
Colombia,,export_kg,2005.0,652260000.0,False,42128977.0
Colombia,,export_kg,2006.0,656700000.0,False,42691084.0
Colombia,,export_kg,2007.0,678000000.0,False,43235374.0
Colombia,,export_kg,2008.0,665100000.0,False,43758808.0
Colombia,,export_kg,2009.0,473640000.0,False,44271541.0
Colombia,,export_kg,2010.0,469320000.0,False,44777319.0
Colombia,,export_kg,2011.0,464040000.0,False,45259614.0
Colombia,,export_kg,2012.0,430200000.0,False,45715810.0
Colombia,,export_kg,2013.0,580200000.0,False,46151584.0
Colombia,,export_kg,2014.0,657240000.0,False,46565429.0
Colombia,,export_kg,2015.0,762960000.0,False,46969940.0
Colombia,,export_kg,2016.0,769860000.0,False,47437512.0
Colombia,,export_kg,2017.0,779100000.0,False,48131078.0
Colombia,,export_kg,2018.0,768480000.0,False,49024465.0
Colombia,,export_kg,2019.0,820320000.0,False,49907985.0
Congo,,export_kg,1990.0,120000.0,False,2380560.0
Congo,,export_kg,1991.0,60000.0,False,2449229.0
Congo,,export_kg,1992.0,0.0,False,2519465.0
Congo,,export_kg,1993.0,60000.0,False,2595124.0
Congo,,export_kg,1994.0,60000.0,False,2673144.0
Congo,,export_kg,1995.0,1140000.0,False,2749461.0
Congo,,export_kg,1996.0,780000.0,False,2826785.0
Congo,,export_kg,1997.0,180000.0,False,2887862.0
Congo,,export_kg,1998.0,0.0,False,2952061.0
Congo,,export_kg,1999.0,0.0,False,3032874.0
Congo,,export_kg,2000.0,0.0,False,3151345.0
Congo,,export_kg,2001.0,0.0,False,3272537.0
Congo,,export_kg,2002.0,0.0,False,3350771.0
Congo,,export_kg,2003.0,0.0,False,3445753.0
Congo,,export_kg,2004.0,0.0,False,3565554.0
Congo,,export_kg,2005.0,0.0,False,3696393.0
Congo,,export_kg,2006.0,0.0,False,3837409.0
Congo,,export_kg,2007.0,0.0,False,3980430.0
Congo,,export_kg,2008.0,0.0,False,4113517.0
Congo,,export_kg,2009.0,0.0,False,4281219.0
Congo,,export_kg,2010.0,0.0,False,4462290.0
Congo,,export_kg,2011.0,0.0,False,4609724.0
Congo,,export_kg,2012.0,0.0,False,4740450.0
Congo,,export_kg,2013.0,0.0,False,4857099.0
Congo,,export_kg,2014.0,0.0,False,4975880.0
Congo,,export_kg,2015.0,0.0,False,5097581.0
Congo,,export_kg,2016.0,0.0,False,5222536.0
Congo,,export_kg,2017.0,0.0,False,5351011.0
Congo,,export_kg,2018.0,0.0,False,5483118.0
Congo,,export_kg,2019.0,0.0,False,5616661.0
Costa Rica,,export_kg,1990.0,135960000.0,False,3121706.0
Costa Rica,,export_kg,1991.0,144000000.0,False,3202176.0
Costa Rica,,export_kg,1992.0,145860000.0,False,3284258.0
Costa Rica,,export_kg,1993.0,141840000.0,False,3367434.0
Costa Rica,,export_kg,1994.0,126300000.0,False,3451122.0
Costa Rica,,export_kg,1995.0,124020000.0,False,3535176.0
Costa Rica,,export_kg,1996.0,145800000.0,False,3619013.0
Costa Rica,,export_kg,1997.0,125940000.0,False,3701711.0
Costa Rica,,export_kg,1998.0,122700000.0,False,3782838.0
Costa Rica,,export_kg,1999.0,131700000.0,False,3862101.0
Costa Rica,,export_kg,2000.0,117900000.0,False,3937739.0
Costa Rica,,export_kg,2001.0,121080000.0,False,4008947.0
Costa Rica,,export_kg,2002.0,107040000.0,False,4075705.0
Costa Rica,,export_kg,2003.0,102120000.0,False,4138784.0
Costa Rica,,export_kg,2004.0,85440000.0,False,4200078.0
Costa Rica,,export_kg,2005.0,88800000.0,False,4261240.0
Costa Rica,,export_kg,2006.0,78600000.0,False,4321340.0
Costa Rica,,export_kg,2007.0,81840000.0,False,4380248.0
Costa Rica,,export_kg,2008.0,86400000.0,False,4440056.0
Costa Rica,,export_kg,2009.0,74160000.0,False,4499791.0
Costa Rica,,export_kg,2010.0,72000000.0,False,4555962.0
Costa Rica,,export_kg,2011.0,74580000.0,False,4609833.0
Costa Rica,,export_kg,2012.0,82440000.0,False,4663934.0
Costa Rica,,export_kg,2013.0,80640000.0,False,4716147.0
Costa Rica,,export_kg,2014.0,72540000.0,False,4767119.0
Costa Rica,,export_kg,2015.0,67680000.0,False,4818038.0
Costa Rica,,export_kg,2016.0,60420000.0,False,4866998.0
Costa Rica,,export_kg,2017.0,59220000.0,False,4913177.0
Costa Rica,,export_kg,2018.0,72480000.0,False,4957818.0
Costa Rica,,export_kg,2019.0,62340000.0,False,4999553.0
Cuba,,export_kg,1990.0,10920000.0,False,10631799.0
Cuba,,export_kg,1991.0,7260000.0,False,10717640.0
Cuba,,export_kg,1992.0,9780000.0,False,10785801.0
Cuba,,export_kg,1993.0,6960000.0,False,10841031.0
Cuba,,export_kg,1994.0,8160000.0,False,10886021.0
Cuba,,export_kg,1995.0,7320000.0,False,10925362.0
Cuba,,export_kg,1996.0,6720000.0,False,10962010.0
Cuba,,export_kg,1997.0,6420000.0,False,10997934.0
Cuba,,export_kg,1998.0,9120000.0,False,11034712.0
Cuba,,export_kg,1999.0,4620000.0,False,11072230.0
Cuba,,export_kg,2000.0,6780000.0,False,11109109.0
Cuba,,export_kg,2001.0,6540000.0,False,11144132.0
Cuba,,export_kg,2002.0,3420000.0,False,11177418.0
Cuba,,export_kg,2003.0,3000000.0,False,11209383.0
Cuba,,export_kg,2004.0,1500000.0,False,11238756.0
Cuba,,export_kg,2005.0,1440000.0,False,11262554.0
Cuba,,export_kg,2006.0,960000.0,False,11278550.0
Cuba,,export_kg,2007.0,960000.0,False,11287272.0
Cuba,,export_kg,2008.0,240000.0,False,11291762.0
Cuba,,export_kg,2009.0,420000.0,False,11294719.0
Cuba,,export_kg,2010.0,300000.0,False,11297409.0
Cuba,,export_kg,2011.0,600000.0,False,11301571.0
Cuba,,export_kg,2012.0,900000.0,False,11303175.0
Cuba,,export_kg,2013.0,720000.0,False,11298167.0
Cuba,,export_kg,2014.0,780000.0,False,11285775.0
Cuba,,export_kg,2015.0,780000.0,False,11275065.0
Cuba,,export_kg,2016.0,900000.0,False,11265612.0
Cuba,,export_kg,2017.0,900000.0,False,11247829.0
Cuba,,export_kg,2018.0,1980000.0,False,11227118.0
Cuba,,export_kg,2019.0,1320000.0,False,11202846.0
Côte d'Ivoire,,export_kg,1990.0,256980000.0,False,12189778.0
Côte d'Ivoire,,export_kg,1991.0,228300000.0,False,12683870.0
Côte d'Ivoire,,export_kg,1992.0,272760000.0,False,13200310.0
Côte d'Ivoire,,export_kg,1993.0,241980000.0,False,13735951.0
Côte d'Ivoire,,export_kg,1994.0,146640000.0,False,14287201.0
Côte d'Ivoire,,export_kg,1995.0,149640000.0,False,14855565.0
Côte d'Ivoire,,export_kg,1996.0,165060000.0,False,15442312.0
Côte d'Ivoire,,export_kg,1997.0,282780000.0,False,16047170.0
Côte d'Ivoire,,export_kg,1998.0,261900000.0,False,16663948.0
Côte d'Ivoire,,export_kg,1999.0,144360000.0,False,17215935.0
Côte d'Ivoire,,export_kg,2000.0,366600000.0,False,17699004.0
Côte d'Ivoire,,export_kg,2001.0,245700000.0,False,18178913.0
Côte d'Ivoire,,export_kg,2002.0,195180000.0,False,18654771.0
Côte d'Ivoire,,export_kg,2003.0,158820000.0,False,19125542.0
Côte d'Ivoire,,export_kg,2004.0,154380000.0,False,19595000.0
Côte d'Ivoire,,export_kg,2005.0,105240000.0,False,20068458.0
Côte d'Ivoire,,export_kg,2006.0,105060000.0,False,20546802.0
Côte d'Ivoire,,export_kg,2007.0,131760000.0,False,21030558.0
Côte d'Ivoire,,export_kg,2008.0,89400000.0,False,21514439.0
Côte d'Ivoire,,export_kg,2009.0,108420000.0,False,21997940.0
Côte d'Ivoire,,export_kg,2010.0,114720000.0,False,22488065.0
Côte d'Ivoire,,export_kg,2011.0,46320000.0,False,22982000.0
Côte d'Ivoire,,export_kg,2012.0,102720000.0,False,23467078.0
Côte d'Ivoire,,export_kg,2013.0,117720000.0,False,23939775.0
Côte d'Ivoire,,export_kg,2014.0,89340000.0,False,24527395.0
Côte d'Ivoire,,export_kg,2015.0,85080000.0,False,25246342.0
Côte d'Ivoire,,export_kg,2016.0,85920000.0,False,25989405.0
Côte d'Ivoire,,export_kg,2017.0,51300000.0,False,26733372.0
Côte d'Ivoire,,export_kg,2018.0,91320000.0,False,27464173.0
Côte d'Ivoire,,export_kg,2019.0,126240000.0,False,28193009.0
Democratic Republic of Congo,,export_kg,1990.0,110340000.0,False,36684063.0
Democratic Republic of Congo,,export_kg,1991.0,85080000.0,False,37925817.0
Democratic Republic of Congo,,export_kg,1992.0,57240000.0,False,39228910.0
Democratic Republic of Congo,,export_kg,1993.0,55200000.0,False,40656336.0
Democratic Republic of Congo,,export_kg,1994.0,45660000.0,False,42626876.0
Democratic Republic of Congo,,export_kg,1995.0,63060000.0,False,44433704.0
Democratic Republic of Congo,,export_kg,1996.0,52920000.0,False,45296124.0
Democratic Republic of Congo,,export_kg,1997.0,32640000.0,False,46029902.0
Democratic Republic of Congo,,export_kg,1998.0,38400000.0,False,47297600.0
Democratic Republic of Congo,,export_kg,1999.0,29220000.0,False,48912971.0
Democratic Republic of Congo,,export_kg,2000.0,16860000.0,False,50507442.0
Democratic Republic of Congo,,export_kg,2001.0,7980000.0,False,52132646.0
Democratic Republic of Congo,,export_kg,2002.0,10740000.0,False,53750524.0
Democratic Republic of Congo,,export_kg,2003.0,12720000.0,False,55343867.0
Democratic Republic of Congo,,export_kg,2004.0,15180000.0,False,56997741.0
Democratic Republic of Congo,,export_kg,2005.0,9480000.0,False,58775724.0
Democratic Republic of Congo,,export_kg,2006.0,8280000.0,False,60615908.0
Democratic Republic of Congo,,export_kg,2007.0,12000000.0,False,62477752.0
Democratic Republic of Congo,,export_kg,2008.0,12180000.0,False,64390664.0
Democratic Republic of Congo,,export_kg,2009.0,9660000.0,False,66412044.0
Democratic Republic of Congo,,export_kg,2010.0,9720000.0,False,68563038.0
Democratic Republic of Congo,,export_kg,2011.0,7920000.0,False,70849311.0
Democratic Republic of Congo,,export_kg,2012.0,8760000.0,False,73254618.0
Democratic Republic of Congo,,export_kg,2013.0,8400000.0,False,75789395.0
Democratic Republic of Congo,,export_kg,2014.0,9060000.0,False,78403242.0
Democratic Republic of Congo,,export_kg,2015.0,7680000.0,False,81035531.0
Democratic Republic of Congo,,export_kg,2016.0,10260000.0,False,83956415.0
Democratic Republic of Congo,,export_kg,2017.0,5340000.0,False,87083398.0
Democratic Republic of Congo,,export_kg,2018.0,11280000.0,False,90047644.0
Democratic Republic of Congo,,export_kg,2019.0,12300000.0,False,92947442.0
Dominican Republic,,export_kg,1990.0,32100000.0,False,7151166.0
Dominican Republic,,export_kg,1991.0,28560000.0,False,7299853.0
Dominican Republic,,export_kg,1992.0,22140000.0,False,7447474.0
Dominican Republic,,export_kg,1993.0,19860000.0,False,7594572.0
Dominican Republic,,export_kg,1994.0,19920000.0,False,7741694.0
Dominican Republic,,export_kg,1995.0,27060000.0,False,7888115.0
Dominican Republic,,export_kg,1996.0,27180000.0,False,8032894.0
Dominican Republic,,export_kg,1997.0,18420000.0,False,8174078.0
Dominican Republic,,export_kg,1998.0,21600000.0,False,8310362.0
Dominican Republic,,export_kg,1999.0,9660000.0,False,8446208.0
Dominican Republic,,export_kg,2000.0,9300000.0,False,8584190.0
Dominican Republic,,export_kg,2001.0,5820000.0,False,8720283.0
Dominican Republic,,export_kg,2002.0,7020000.0,False,8852235.0
Dominican Republic,,export_kg,2003.0,9060000.0,False,8980620.0
Dominican Republic,,export_kg,2004.0,2760000.0,False,9104892.0
Dominican Republic,,export_kg,2005.0,2520000.0,False,9225034.0
Dominican Republic,,export_kg,2006.0,7500000.0,False,9341183.0
Dominican Republic,,export_kg,2007.0,4680000.0,False,9455658.0
Dominican Republic,,export_kg,2008.0,4920000.0,False,9573130.0
Dominican Republic,,export_kg,2009.0,6120000.0,False,9695265.0
Dominican Republic,,export_kg,2010.0,2460000.0,False,9820175.0
Dominican Republic,,export_kg,2011.0,5340000.0,False,9945621.0
Dominican Republic,,export_kg,2012.0,8220000.0,False,10070411.0
Dominican Republic,,export_kg,2013.0,3900000.0,False,10193833.0
Dominican Republic,,export_kg,2014.0,2700000.0,False,10315528.0
Dominican Republic,,export_kg,2015.0,1140000.0,False,10434829.0
Dominican Republic,,export_kg,2016.0,1140000.0,False,10551430.0
Dominican Republic,,export_kg,2017.0,1440000.0,False,10666843.0
Dominican Republic,,export_kg,2018.0,1920000.0,False,10782053.0
Dominican Republic,,export_kg,2019.0,1620000.0,False,10894043.0
Ecuador,,export_kg,1990.0,107040000.0,False,10473673.0
Ecuador,,export_kg,1991.0,84960000.0,False,10702380.0
Ecuador,,export_kg,1992.0,76380000.0,False,10930128.0
Ecuador,,export_kg,1993.0,95940000.0,False,11154274.0
Ecuador,,export_kg,1994.0,128700000.0,False,11372197.0
Ecuador,,export_kg,1995.0,92400000.0,False,11590514.0
Ecuador,,export_kg,1996.0,92340000.0,False,11810950.0
Ecuador,,export_kg,1997.0,62700000.0,False,12031127.0
Ecuador,,export_kg,1998.0,63360000.0,False,12251184.0
Ecuador,,export_kg,1999.0,59280000.0,False,12470795.0
Ecuador,,export_kg,2000.0,41820000.0,False,12689206.0
Ecuador,,export_kg,2001.0,45360000.0,False,12910740.0
Ecuador,,export_kg,2002.0,33900000.0,False,13138472.0
Ecuador,,export_kg,2003.0,37260000.0,False,13372306.0
Ecuador,,export_kg,2004.0,42240000.0,False,13608701.0
Ecuador,,export_kg,2005.0,59580000.0,False,13846163.0
Ecuador,,export_kg,2006.0,60900000.0,False,14086131.0
Ecuador,,export_kg,2007.0,59460000.0,False,14328773.0
Ecuador,,export_kg,2008.0,52080000.0,False,14575202.0
Ecuador,,export_kg,2009.0,65160000.0,False,14825954.0
Ecuador,,export_kg,2010.0,72120000.0,False,15076695.0
Ecuador,,export_kg,2011.0,91920000.0,False,15326227.0
Ecuador,,export_kg,2012.0,94800000.0,False,15572194.0
Ecuador,,export_kg,2013.0,75720000.0,False,15807128.0
Ecuador,,export_kg,2014.0,67740000.0,False,16035124.0
Ecuador,,export_kg,2015.0,52140000.0,False,16266225.0
Ecuador,,export_kg,2016.0,55380000.0,False,16505139.0
Ecuador,,export_kg,2017.0,41700000.0,False,16759519.0
Ecuador,,export_kg,2018.0,28980000.0,False,17049547.0
Ecuador,,export_kg,2019.0,30360000.0,False,17340021.0
El Salvador,,export_kg,1990.0,150600000.0,False,5399726.0
El Salvador,,export_kg,1991.0,128880000.0,False,5495077.0
El Salvador,,export_kg,1992.0,127200000.0,False,5585609.0
El Salvador,,export_kg,1993.0,176820000.0,False,5659957.0
El Salvador,,export_kg,1994.0,125580000.0,False,5714129.0
El Salvador,,export_kg,1995.0,108420000.0,False,5762131.0
El Salvador,,export_kg,1996.0,138840000.0,False,5805286.0
El Salvador,,export_kg,1997.0,166320000.0,False,5844578.0
El Salvador,,export_kg,1998.0,101040000.0,False,5880781.0
El Salvador,,export_kg,1999.0,113400000.0,False,5913900.0
El Salvador,,export_kg,2000.0,152220000.0,False,5943366.0
El Salvador,,export_kg,2001.0,91980000.0,False,5968060.0
El Salvador,,export_kg,2002.0,91980000.0,False,5986631.0
El Salvador,,export_kg,2003.0,78240000.0,False,5998599.0
El Salvador,,export_kg,2004.0,79680000.0,False,6004671.0
El Salvador,,export_kg,2005.0,76800000.0,False,6005578.0
El Salvador,,export_kg,2006.0,77580000.0,False,6002319.0
El Salvador,,export_kg,2007.0,72600000.0,False,6009824.0
El Salvador,,export_kg,2008.0,86280000.0,False,6029297.0
El Salvador,,export_kg,2009.0,78540000.0,False,6048279.0
El Salvador,,export_kg,2010.0,64920000.0,False,6068249.0
El Salvador,,export_kg,2011.0,109560000.0,False,6090127.0
El Salvador,,export_kg,2012.0,62640000.0,False,6113975.0
El Salvador,,export_kg,2013.0,66180000.0,False,6138839.0
El Salvador,,export_kg,2014.0,27720000.0,False,6162955.0
El Salvador,,export_kg,2015.0,34560000.0,False,6183676.0
El Salvador,,export_kg,2016.0,29760000.0,False,6200800.0
El Salvador,,export_kg,2017.0,31620000.0,False,6213533.0
El Salvador,,export_kg,2018.0,34260000.0,False,6219807.0
El Salvador,,export_kg,2019.0,32760000.0,False,6222318.0
Equatorial Guinea,,export_kg,1990.0,420000.0,False,474274.0
Equatorial Guinea,,export_kg,1991.0,180000.0,False,492217.0
Equatorial Guinea,,export_kg,1992.0,180000.0,False,510770.0
Equatorial Guinea,,export_kg,1993.0,120000.0,False,530023.0
Equatorial Guinea,,export_kg,1994.0,60000.0,False,550138.0
Equatorial Guinea,,export_kg,1995.0,180000.0,False,571264.0
Equatorial Guinea,,export_kg,1996.0,120000.0,False,593492.0
Equatorial Guinea,,export_kg,1997.0,60000.0,False,616893.0
Equatorial Guinea,,export_kg,1998.0,120000.0,False,641474.0
Equatorial Guinea,,export_kg,1999.0,60000.0,False,667214.0
Equatorial Guinea,,export_kg,2000.0,0.0,False,703279.0
Equatorial Guinea,,export_kg,2001.0,0.0,False,749836.0
Equatorial Guinea,,export_kg,2002.0,0.0,False,797957.0
Equatorial Guinea,,export_kg,2003.0,0.0,False,847862.0
Equatorial Guinea,,export_kg,2004.0,0.0,False,899917.0
Equatorial Guinea,,export_kg,2005.0,0.0,False,947367.0
Equatorial Guinea,,export_kg,2006.0,0.0,False,990343.0
Equatorial Guinea,,export_kg,2007.0,0.0,False,1036044.0
Equatorial Guinea,,export_kg,2008.0,0.0,False,1084530.0
Equatorial Guinea,,export_kg,2009.0,0.0,False,1135673.0
Equatorial Guinea,,export_kg,2010.0,0.0,False,1189085.0
Equatorial Guinea,,export_kg,2011.0,0.0,False,1241835.0
Equatorial Guinea,,export_kg,2012.0,0.0,False,1293483.0
Equatorial Guinea,,export_kg,2013.0,0.0,False,1346218.0
Equatorial Guinea,,export_kg,2014.0,0.0,False,1399828.0
Equatorial Guinea,,export_kg,2015.0,0.0,False,1453923.0
Equatorial Guinea,,export_kg,2016.0,0.0,False,1508186.0
Equatorial Guinea,,export_kg,2017.0,0.0,False,1562396.0
Equatorial Guinea,,export_kg,2018.0,0.0,False,1616422.0
Equatorial Guinea,,export_kg,2019.0,0.0,False,1670177.0
Ethiopia,,export_kg,1990.0,64440000.0,False,47609755.0
Ethiopia,,export_kg,1991.0,50460000.0,False,49717198.0
Ethiopia,,export_kg,1992.0,44040000.0,False,51853747.0
Ethiopia,,export_kg,1993.0,70020000.0,False,53708891.0
Ethiopia,,export_kg,1994.0,88500000.0,False,55611508.0
Ethiopia,,export_kg,1995.0,76560000.0,False,57537335.0
Ethiopia,,export_kg,1996.0,110280000.0,False,59467635.0
Ethiopia,,export_kg,1997.0,118800000.0,False,61404539.0
Ethiopia,,export_kg,1998.0,115020000.0,False,63363524.0
Ethiopia,,export_kg,1999.0,109080000.0,False,65374561.0
Ethiopia,,export_kg,2000.0,118920000.0,False,67411494.0
Ethiopia,,export_kg,2001.0,82560000.0,False,69487762.0
Ethiopia,,export_kg,2002.0,123300000.0,False,71635517.0
Ethiopia,,export_kg,2003.0,133740000.0,False,73832663.0
Ethiopia,,export_kg,2004.0,149460000.0,False,76077206.0
Ethiopia,,export_kg,2005.0,146100000.0,False,78367470.0
Ethiopia,,export_kg,2006.0,176160000.0,False,80703490.0
Ethiopia,,export_kg,2007.0,156240000.0,False,83103217.0
Ethiopia,,export_kg,2008.0,171120000.0,False,85543668.0
Ethiopia,,export_kg,2009.0,111060000.0,False,88007636.0
Ethiopia,,export_kg,2010.0,199440000.0,False,90538514.0
Ethiopia,,export_kg,2011.0,160500000.0,False,93149970.0
Ethiopia,,export_kg,2012.0,192180000.0,False,95798767.0
Ethiopia,,export_kg,2013.0,172200000.0,False,98438751.0
Ethiopia,,export_kg,2014.0,187020000.0,False,101115610.0
Ethiopia,,export_kg,2015.0,179100000.0,False,103867135.0
Ethiopia,,export_kg,2016.0,180060000.0,False,106718162.0
Ethiopia,,export_kg,2017.0,226380000.0,False,109666481.0
Ethiopia,,export_kg,2018.0,215340000.0,False,112664152.0
Ethiopia,,export_kg,2019.0,235260000.0,False,115737383.0
Gabon,,export_kg,1990.0,120000.0,False,983734.0
Gabon,,export_kg,1991.0,180000.0,False,1010818.0
Gabon,,export_kg,1992.0,60000.0,False,1038380.0
Gabon,,export_kg,1993.0,120000.0,False,1066405.0
Gabon,,export_kg,1994.0,300000.0,False,1094720.0
Gabon,,export_kg,1995.0,180000.0,False,1123213.0
Gabon,,export_kg,1996.0,120000.0,False,1152015.0
Gabon,,export_kg,1997.0,0.0,False,1181439.0
Gabon,,export_kg,1998.0,120000.0,False,1211736.0
Gabon,,export_kg,1999.0,120000.0,False,1243016.0
Gabon,,export_kg,2000.0,60000.0,False,1275572.0
Gabon,,export_kg,2001.0,120000.0,False,1309589.0
Gabon,,export_kg,2002.0,0.0,False,1345135.0
Gabon,,export_kg,2003.0,60000.0,False,1382350.0
Gabon,,export_kg,2004.0,0.0,False,1421609.0
Gabon,,export_kg,2005.0,0.0,False,1463495.0
Gabon,,export_kg,2006.0,60000.0,False,1508337.0
Gabon,,export_kg,2007.0,0.0,False,1556237.0
Gabon,,export_kg,2008.0,0.0,False,1607175.0
Gabon,,export_kg,2009.0,60000.0,False,1661556.0
Gabon,,export_kg,2010.0,60000.0,False,1719879.0
Gabon,,export_kg,2011.0,60000.0,False,1781985.0
Gabon,,export_kg,2012.0,0.0,False,1846889.0
Gabon,,export_kg,2013.0,0.0,False,1913059.0
Gabon,,export_kg,2014.0,0.0,False,1978399.0
Gabon,,export_kg,2015.0,0.0,False,2040989.0
Gabon,,export_kg,2016.0,0.0,False,2100306.0
Gabon,,export_kg,2017.0,0.0,False,2156900.0
Gabon,,export_kg,2018.0,0.0,False,2212318.0
Gabon,,export_kg,2019.0,0.0,False,2267706.0
Ghana,,export_kg,1990.0,660000.0,False,15394648.0
Ghana,,export_kg,1991.0,960000.0,False,15787496.0
Ghana,,export_kg,1992.0,1920000.0,False,16184855.0
Ghana,,export_kg,1993.0,2820000.0,False,16589519.0
Ghana,,export_kg,1994.0,660000.0,False,16993190.0
Ghana,,export_kg,1995.0,2280000.0,False,17399017.0
Ghana,,export_kg,1996.0,240000.0,False,17810181.0
Ghana,,export_kg,1997.0,1800000.0,False,18238958.0
Ghana,,export_kg,1998.0,1080000.0,False,18688036.0
Ghana,,export_kg,1999.0,5640000.0,False,19149864.0
Ghana,,export_kg,2000.0,5460000.0,False,19637087.0
Ghana,,export_kg,2001.0,3420000.0,False,20167069.0
Ghana,,export_kg,2002.0,1500000.0,False,20729388.0
Ghana,,export_kg,2003.0,1500000.0,False,21296705.0
Ghana,,export_kg,2004.0,1320000.0,False,21868298.0
Ghana,,export_kg,2005.0,1080000.0,False,22449438.0
Ghana,,export_kg,2006.0,540000.0,False,23040702.0
Ghana,,export_kg,2007.0,1320000.0,False,23642279.0
Ghana,,export_kg,2008.0,2160000.0,False,24249946.0
Ghana,,export_kg,2009.0,1440000.0,False,24862664.0
Ghana,,export_kg,2010.0,420000.0,False,25474995.0
Ghana,,export_kg,2011.0,4320000.0,False,26095088.0
Ghana,,export_kg,2012.0,1800000.0,False,26734268.0
Ghana,,export_kg,2013.0,1380000.0,False,27386193.0
Ghana,,export_kg,2014.0,1560000.0,False,28041592.0
Ghana,,export_kg,2015.0,2400000.0,False,28696068.0
Ghana,,export_kg,2016.0,1620000.0,False,29356742.0
Ghana,,export_kg,2017.0,1020000.0,False,30008354.0
Ghana,,export_kg,2018.0,720000.0,False,30637585.0
Ghana,,export_kg,2019.0,600000.0,False,31258945.0
Guatemala,,export_kg,1990.0,194400000.0,False,9024773.0
Guatemala,,export_kg,1991.0,169920000.0,False,9272584.0
Guatemala,,export_kg,1992.0,199680000.0,False,9522266.0
Guatemala,,export_kg,1993.0,225060000.0,False,9779761.0
Guatemala,,export_kg,1994.0,196440000.0,False,10043718.0
Guatemala,,export_kg,1995.0,222060000.0,False,10312996.0
Guatemala,,export_kg,1996.0,238740000.0,False,10583526.0
Guatemala,,export_kg,1997.0,254640000.0,False,10857754.0
Guatemala,,export_kg,1998.0,212520000.0,False,11139145.0
Guatemala,,export_kg,1999.0,280860000.0,False,11422965.0
Guatemala,,export_kg,2000.0,291120000.0,False,11697592.0
Guatemala,,export_kg,2001.0,246600000.0,False,11969422.0
Guatemala,,export_kg,2002.0,209460000.0,False,12246915.0
Guatemala,,export_kg,2003.0,229260000.0,False,12525842.0
Guatemala,,export_kg,2004.0,198600000.0,False,12807402.0
Guatemala,,export_kg,2005.0,207960000.0,False,13087629.0
Guatemala,,export_kg,2006.0,198720000.0,False,13367459.0
Guatemala,,export_kg,2007.0,223560000.0,False,13652040.0
Guatemala,,export_kg,2008.0,226680000.0,False,13935174.0
Guatemala,,export_kg,2009.0,209580000.0,False,14215611.0
Guatemala,,export_kg,2010.0,208080000.0,False,14500112.0
Guatemala,,export_kg,2011.0,221820000.0,False,14792126.0
Guatemala,,export_kg,2012.0,225000000.0,False,15089647.0
Guatemala,,export_kg,2013.0,214500000.0,False,15387337.0
Guatemala,,export_kg,2014.0,182580000.0,False,15681725.0
Guatemala,,export_kg,2015.0,177660000.0,False,15971743.0
Guatemala,,export_kg,2016.0,179460000.0,False,16268760.0
Guatemala,,export_kg,2017.0,202980000.0,False,16567357.0
Guatemala,,export_kg,2018.0,199620000.0,False,16845685.0
Guatemala,,export_kg,2019.0,216780000.0,False,17103803.0
Guinea,,export_kg,1990.0,7320000.0,False,6434374.0
Guinea,,export_kg,1991.0,3660000.0,False,6697166.0
Guinea,,export_kg,1992.0,3480000.0,False,6914366.0
Guinea,,export_kg,1993.0,900000.0,False,7128177.0
Guinea,,export_kg,1994.0,3000000.0,False,7345107.0
Guinea,,export_kg,1995.0,9120000.0,False,7553249.0
Guinea,,export_kg,1996.0,1920000.0,False,7770035.0
Guinea,,export_kg,1997.0,6840000.0,False,7931370.0
Guinea,,export_kg,1998.0,13680000.0,False,8081990.0
Guinea,,export_kg,1999.0,18060000.0,False,8265123.0
Guinea,,export_kg,2000.0,17520000.0,False,8428832.0
Guinea,,export_kg,2001.0,21360000.0,False,8539960.0
Guinea,,export_kg,2002.0,8160000.0,False,8674066.0
Guinea,,export_kg,2003.0,21300000.0,False,8870781.0
Guinea,,export_kg,2004.0,17760000.0,False,9062726.0
Guinea,,export_kg,2005.0,16740000.0,False,9245844.0
Guinea,,export_kg,2006.0,31140000.0,False,9441171.0
Guinea,,export_kg,2007.0,26160000.0,False,9662281.0
Guinea,,export_kg,2008.0,12480000.0,False,9898870.0
Guinea,,export_kg,2009.0,26340000.0,False,10143534.0
Guinea,,export_kg,2010.0,24360000.0,False,10396086.0
Guinea,,export_kg,2011.0,23100000.0,False,10656810.0
Guinea,,export_kg,2012.0,22620000.0,False,10921581.0
Guinea,,export_kg,2013.0,8040000.0,False,11191873.0
Guinea,,export_kg,2014.0,1440000.0,False,11472924.0
Guinea,,export_kg,2015.0,9120000.0,False,11767070.0
Guinea,,export_kg,2016.0,15000000.0,False,12073030.0
Guinea,,export_kg,2017.0,12960000.0,False,12385659.0
Guinea,,export_kg,2018.0,9420000.0,False,12704774.0
Guinea,,export_kg,2019.0,4140000.0,False,13034346.0
Guyana,,export_kg,1990.0,0.0,False,749894.0
Guyana,,export_kg,1991.0,0.0,False,747861.0
Guyana,,export_kg,1992.0,60000.0,False,749911.0
Guyana,,export_kg,1993.0,0.0,False,752965.0
Guyana,,export_kg,1994.0,0.0,False,755822.0
Guyana,,export_kg,1995.0,0.0,False,758388.0
Guyana,,export_kg,1996.0,0.0,False,760526.0
Guyana,,export_kg,1997.0,0.0,False,762245.0
Guyana,,export_kg,1998.0,0.0,False,763586.0
Guyana,,export_kg,1999.0,60000.0,False,764483.0
Guyana,,export_kg,2000.0,60000.0,False,764832.0
Guyana,,export_kg,2001.0,60000.0,False,764477.0
Guyana,,export_kg,2002.0,60000.0,False,763652.0
Guyana,,export_kg,2003.0,60000.0,False,763101.0
Guyana,,export_kg,2004.0,60000.0,False,762418.0
Guyana,,export_kg,2005.0,60000.0,False,760914.0
Guyana,,export_kg,2006.0,120000.0,False,758966.0
Guyana,,export_kg,2007.0,120000.0,False,756861.0
Guyana,,export_kg,2008.0,120000.0,False,754606.0
Guyana,,export_kg,2009.0,60000.0,False,752094.0
Guyana,,export_kg,2010.0,60000.0,False,749256.0
Guyana,,export_kg,2011.0,60000.0,False,746153.0
Guyana,,export_kg,2012.0,120000.0,False,746288.0
Guyana,,export_kg,2013.0,60000.0,False,750021.0
Guyana,,export_kg,2014.0,780000.0,False,754229.0
Guyana,,export_kg,2015.0,120000.0,False,758781.0
Guyana,,export_kg,2016.0,120000.0,False,763548.0
Guyana,,export_kg,2017.0,60000.0,False,768479.0
Guyana,,export_kg,2018.0,60000.0,False,791556.0
Guyana,,export_kg,2019.0,60000.0,False,807665.0
Haiti,,export_kg,1990.0,11460000.0,False,6854441.0
Haiti,,export_kg,1991.0,9060000.0,False,6995450.0
Haiti,,export_kg,1992.0,9960000.0,False,7136571.0
Haiti,,export_kg,1993.0,9540000.0,False,7278181.0
Haiti,,export_kg,1994.0,6180000.0,False,7419771.0
Haiti,,export_kg,1995.0,9120000.0,False,7562546.0
Haiti,,export_kg,1996.0,9360000.0,False,7707557.0
Haiti,,export_kg,1997.0,6060000.0,False,7854298.0
Haiti,,export_kg,1998.0,7620000.0,False,8002143.0
Haiti,,export_kg,1999.0,4320000.0,False,8151296.0
Haiti,,export_kg,2000.0,4380000.0,False,8303151.0
Haiti,,export_kg,2001.0,5220000.0,False,8455918.0
Haiti,,export_kg,2002.0,2460000.0,False,8607641.0
Haiti,,export_kg,2003.0,2220000.0,False,8759912.0
Haiti,,export_kg,2004.0,1920000.0,False,8910263.0
Haiti,,export_kg,2005.0,1500000.0,False,9061273.0
Haiti,,export_kg,2006.0,1440000.0,False,9216562.0
Haiti,,export_kg,2007.0,1260000.0,False,9373296.0
Haiti,,export_kg,2008.0,1020000.0,False,9530774.0
Haiti,,export_kg,2009.0,960000.0,False,9689581.0
Haiti,,export_kg,2010.0,540000.0,False,9803294.0
Haiti,,export_kg,2011.0,540000.0,False,9914904.0
Haiti,,export_kg,2012.0,660000.0,False,10069771.0
Haiti,,export_kg,2013.0,480000.0,False,10222362.0
Haiti,,export_kg,2014.0,180000.0,False,10373235.0
Haiti,,export_kg,2015.0,180000.0,False,10523242.0
Haiti,,export_kg,2016.0,60000.0,False,10671457.0
Haiti,,export_kg,2017.0,120000.0,False,10817754.0
Haiti,,export_kg,2018.0,120000.0,False,10962362.0
Haiti,,export_kg,2019.0,120000.0,False,11105163.0
Honduras,,export_kg,1990.0,104100000.0,False,4980488.0
Honduras,,export_kg,1991.0,86640000.0,False,5123792.0
Honduras,,export_kg,1992.0,117600000.0,False,5271431.0
Honduras,,export_kg,1993.0,102300000.0,False,5423249.0
Honduras,,export_kg,1994.0,103080000.0,False,5579242.0
Honduras,,export_kg,1995.0,107760000.0,False,5739637.0
Honduras,,export_kg,1996.0,123600000.0,False,5903954.0
Honduras,,export_kg,1997.0,103320000.0,False,6071454.0
Honduras,,export_kg,1998.0,139740000.0,False,6234431.0
Honduras,,export_kg,1999.0,119220000.0,False,6400463.0
Honduras,,export_kg,2000.0,172740000.0,False,6577773.0
Honduras,,export_kg,2001.0,143520000.0,False,6757993.0
Honduras,,export_kg,2002.0,162660000.0,False,6938859.0
Honduras,,export_kg,2003.0,145500000.0,False,7119213.0
Honduras,,export_kg,2004.0,166740000.0,False,7298994.0
Honduras,,export_kg,2005.0,143520000.0,False,7478355.0
Honduras,,export_kg,2006.0,173880000.0,False,7656832.0
Honduras,,export_kg,2007.0,198720000.0,False,7834798.0
Honduras,,export_kg,2008.0,195540000.0,False,8012587.0
Honduras,,export_kg,2009.0,185040000.0,False,8189899.0
Honduras,,export_kg,2010.0,200940000.0,False,8365878.0
Honduras,,export_kg,2011.0,236820000.0,False,8540583.0
Honduras,,export_kg,2012.0,330480000.0,False,8715076.0
Honduras,,export_kg,2013.0,251100000.0,False,8889278.0
Honduras,,export_kg,2014.0,255120000.0,False,9063122.0
Honduras,,export_kg,2015.0,301800000.0,False,9237305.0
Honduras,,export_kg,2016.0,318360000.0,False,9412380.0
Honduras,,export_kg,2017.0,440460000.0,False,9588137.0
Honduras,,export_kg,2018.0,428640000.0,False,9765210.0
Honduras,,export_kg,2019.0,405900000.0,False,9943633.0
India,,export_kg,1990.0,118740000.0,False,864972221.0
India,,export_kg,1991.0,103620000.0,False,883927600.0
India,,export_kg,1992.0,108960000.0,False,902957070.0
India,,export_kg,1993.0,126120000.0,False,922118387.0
India,,export_kg,1994.0,149760000.0,False,941163767.0
India,,export_kg,1995.0,148020000.0,False,960301044.0
India,,export_kg,1996.0,186180000.0,False,979678458.0
India,,export_kg,1997.0,158400000.0,False,999133762.0
India,,export_kg,1998.0,209220000.0,False,1018665080.0
India,,export_kg,1999.0,217320000.0,False,1038225823.0
India,,export_kg,2000.0,253740000.0,False,1057922733.0
India,,export_kg,2001.0,223800000.0,False,1077898575.0
India,,export_kg,2002.0,213000000.0,False,1097600380.0
India,,export_kg,2003.0,222420000.0,False,1116803006.0
India,,export_kg,2004.0,218820000.0,False,1135991513.0
India,,export_kg,2005.0,169740000.0,False,1154676322.0
India,,export_kg,2006.0,214680000.0,False,1172878890.0
India,,export_kg,2007.0,199140000.0,False,1190676021.0
India,,export_kg,2008.0,202620000.0,False,1207930964.0
India,,export_kg,2009.0,180420000.0,False,1225524753.0
India,,export_kg,2010.0,278820000.0,False,1243481564.0
India,,export_kg,2011.0,324840000.0,False,1261224954.0
India,,export_kg,2012.0,302640000.0,False,1278674502.0
India,,export_kg,2013.0,301980000.0,False,1295829511.0
India,,export_kg,2014.0,307860000.0,False,1312277191.0
India,,export_kg,2015.0,315720000.0,False,1328024498.0
India,,export_kg,2016.0,365160000.0,False,1343944296.0
India,,export_kg,2017.0,392520000.0,False,1359657400.0
India,,export_kg,2018.0,358020000.0,False,1374659064.0
India,,export_kg,2019.0,361680000.0,False,1389030312.0
Indonesia,,export_kg,1990.0,414180000.0,False,183501098.0
Indonesia,,export_kg,1991.0,370260000.0,False,186778238.0
Indonesia,,export_kg,1992.0,276240000.0,False,190043744.0
Indonesia,,export_kg,1993.0,339720000.0,False,193305168.0
Indonesia,,export_kg,1994.0,276300000.0,False,196591828.0
Indonesia,,export_kg,1995.0,236820000.0,False,199888057.0
Indonesia,,export_kg,1996.0,386400000.0,False,203204348.0
Indonesia,,export_kg,1997.0,345300000.0,False,206536095.0
Indonesia,,export_kg,1998.0,335880000.0,False,209826788.0
Indonesia,,export_kg,1999.0,306900000.0,False,213004668.0
Indonesia,,export_kg,2000.0,321480000.0,False,216077790.0
Indonesia,,export_kg,2001.0,314580000.0,False,219097902.0
Indonesia,,export_kg,2002.0,257160000.0,False,222088495.0
Indonesia,,export_kg,2003.0,287700000.0,False,225048008.0
Indonesia,,export_kg,2004.0,327360000.0,False,227926649.0
Indonesia,,export_kg,2005.0,404640000.0,False,230871650.0
Indonesia,,export_kg,2006.0,316800000.0,False,233951652.0
Indonesia,,export_kg,2007.0,248940000.0,False,237062337.0
Indonesia,,export_kg,2008.0,344460000.0,False,240157903.0
Indonesia,,export_kg,2009.0,474420000.0,False,243220028.0
Indonesia,,export_kg,2010.0,329340000.0,False,246305322.0
Indonesia,,export_kg,2011.0,235200000.0,False,249470032.0
Indonesia,,export_kg,2012.0,492360000.0,False,252698525.0
Indonesia,,export_kg,2013.0,555300000.0,False,255852467.0
Indonesia,,export_kg,2014.0,370500000.0,False,258877399.0
Indonesia,,export_kg,2015.0,502740000.0,False,261799249.0
Indonesia,,export_kg,2016.0,392700000.0,False,264627418.0
Indonesia,,export_kg,2017.0,491880000.0,False,267346658.0
Indonesia,,export_kg,2018.0,272340000.0,False,269951846.0
Indonesia,,export_kg,2019.0,380040000.0,False,272489381.0
Jamaica,,export_kg,1990.0,900000.0,False,2379877.0
Jamaica,,export_kg,1991.0,1020000.0,False,2400869.0
Jamaica,,export_kg,1992.0,1320000.0,False,2424701.0
Jamaica,,export_kg,1993.0,1440000.0,False,2449916.0
Jamaica,,export_kg,1994.0,960000.0,False,2475220.0
Jamaica,,export_kg,1995.0,1560000.0,False,2500151.0
Jamaica,,export_kg,1996.0,1620000.0,False,2524463.0
Jamaica,,export_kg,1997.0,1800000.0,False,2547848.0
Jamaica,,export_kg,1998.0,1020000.0,False,2569736.0
Jamaica,,export_kg,1999.0,1440000.0,False,2589795.0
Jamaica,,export_kg,2000.0,1740000.0,False,2607826.0
Jamaica,,export_kg,2001.0,1680000.0,False,2624403.0
Jamaica,,export_kg,2002.0,1560000.0,False,2640572.0
Jamaica,,export_kg,2003.0,1500000.0,False,2656623.0
Jamaica,,export_kg,2004.0,1740000.0,False,2672225.0
Jamaica,,export_kg,2005.0,900000.0,False,2687066.0
Jamaica,,export_kg,2006.0,1500000.0,False,2700968.0
Jamaica,,export_kg,2007.0,1380000.0,False,2713800.0
Jamaica,,export_kg,2008.0,1260000.0,False,2725635.0
Jamaica,,export_kg,2009.0,1500000.0,False,2736995.0
Jamaica,,export_kg,2010.0,900000.0,False,2748568.0
Jamaica,,export_kg,2011.0,960000.0,False,2760494.0
Jamaica,,export_kg,2012.0,900000.0,False,2772430.0
Jamaica,,export_kg,2013.0,900000.0,False,2783687.0
Jamaica,,export_kg,2014.0,600000.0,False,2793749.0
Jamaica,,export_kg,2015.0,720000.0,False,2802534.0
Jamaica,,export_kg,2016.0,660000.0,False,2809915.0
Jamaica,,export_kg,2017.0,600000.0,False,2815764.0
Jamaica,,export_kg,2018.0,600000.0,False,2820097.0
Jamaica,,export_kg,2019.0,540000.0,False,2823271.0
Kenya,,export_kg,1990.0,118140000.0,False,22892651.0
Kenya,,export_kg,1991.0,93480000.0,False,23646514.0
Kenya,,export_kg,1992.0,83040000.0,False,24382460.0
Kenya,,export_kg,1993.0,86340000.0,False,25117188.0
Kenya,,export_kg,1994.0,81480000.0,False,25857130.0
Kenya,,export_kg,1995.0,87000000.0,False,26601751.0
Kenya,,export_kg,1996.0,114120000.0,False,27344211.0
Kenya,,export_kg,1997.0,69540000.0,False,28101768.0
Kenya,,export_kg,1998.0,50460000.0,False,28888057.0
Kenya,,export_kg,1999.0,66840000.0,False,29733408.0
Kenya,,export_kg,2000.0,79680000.0,False,30642890.0
Kenya,,export_kg,2001.0,65760000.0,False,31619170.0
Kenya,,export_kg,2002.0,44160000.0,False,32629808.0
Kenya,,export_kg,2003.0,55200000.0,False,33652223.0
Kenya,,export_kg,2004.0,45240000.0,False,34713455.0
Kenya,,export_kg,2005.0,40380000.0,False,35796484.0
Kenya,,export_kg,2006.0,35820000.0,False,36904008.0
Kenya,,export_kg,2007.0,49020000.0,False,38036349.0
Kenya,,export_kg,2008.0,36480000.0,False,39206351.0
Kenya,,export_kg,2009.0,31500000.0,False,40408891.0
Kenya,,export_kg,2010.0,31860000.0,False,41598567.0
Kenya,,export_kg,2011.0,36540000.0,False,42758461.0
Kenya,,export_kg,2012.0,48180000.0,False,43888303.0
Kenya,,export_kg,2013.0,48900000.0,False,44986791.0
Kenya,,export_kg,2014.0,47940000.0,False,46051440.0
Kenya,,export_kg,2015.0,42720000.0,False,47088526.0
Kenya,,export_kg,2016.0,43620000.0,False,48139687.0
Kenya,,export_kg,2017.0,42600000.0,False,49197766.0
Kenya,,export_kg,2018.0,45180000.0,False,50207107.0
Kenya,,export_kg,2019.0,50160000.0,False,51202827.0
Lao People's Democratic Republic,,export_kg,1990.0,5880000.0,False,4311955.0
Lao People's Democratic Republic,,export_kg,1991.0,5880000.0,False,4435118.0
Lao People's Democratic Republic,,export_kg,1992.0,6120000.0,False,4559646.0
Lao People's Democratic Republic,,export_kg,1993.0,8520000.0,False,4685060.0
Lao People's Democratic Republic,,export_kg,1994.0,9180000.0,False,4809220.0
Lao People's Democratic Republic,,export_kg,1995.0,9900000.0,False,4929409.0
Lao People's Democratic Republic,,export_kg,1996.0,8640000.0,False,5045678.0
Lao People's Democratic Republic,,export_kg,1997.0,6600000.0,False,5152011.0
Lao People's Democratic Republic,,export_kg,1998.0,6720000.0,False,5248266.0
Lao People's Democratic Republic,,export_kg,1999.0,11460000.0,False,5340784.0
Lao People's Democratic Republic,,export_kg,2000.0,15300000.0,False,5431212.0
Lao People's Democratic Republic,,export_kg,2001.0,11880000.0,False,5521482.0
Lao People's Democratic Republic,,export_kg,2002.0,16680000.0,False,5610889.0
Lao People's Democratic Republic,,export_kg,2003.0,13980000.0,False,5697945.0
Lao People's Democratic Republic,,export_kg,2004.0,16020000.0,False,5781626.0
Lao People's Democratic Republic,,export_kg,2005.0,14220000.0,False,5869523.0
Lao People's Democratic Republic,,export_kg,2006.0,7200000.0,False,5963200.0
Lao People's Democratic Republic,,export_kg,2007.0,15120000.0,False,6056236.0
Lao People's Democratic Republic,,export_kg,2008.0,15480000.0,False,6148969.0
Lao People's Democratic Republic,,export_kg,2009.0,15840000.0,False,6241642.0
Lao People's Democratic Republic,,export_kg,2010.0,17280000.0,False,6334194.0
Lao People's Democratic Republic,,export_kg,2011.0,25260000.0,False,6426590.0
Lao People's Democratic Republic,,export_kg,2012.0,21600000.0,False,6518978.0
Lao People's Democratic Republic,,export_kg,2013.0,24000000.0,False,6611385.0
Lao People's Democratic Republic,,export_kg,2014.0,22200000.0,False,6703172.0
Lao People's Democratic Republic,,export_kg,2015.0,24180000.0,False,6801645.0
Lao People's Democratic Republic,,export_kg,2016.0,23160000.0,False,6908802.0
Lao People's Democratic Republic,,export_kg,2017.0,23160000.0,False,7018147.0
Lao People's Democratic Republic,,export_kg,2018.0,21660000.0,False,7128045.0
Lao People's Democratic Republic,,export_kg,2019.0,34500000.0,False,7237636.0
Liberia,,export_kg,1990.0,1320000.0,False,2223667.0
Liberia,,export_kg,1991.0,0.0,False,1956518.0
Liberia,,export_kg,1992.0,0.0,False,2072461.0
Liberia,,export_kg,1993.0,0.0,False,2155126.0
Liberia,,export_kg,1994.0,0.0,False,2149928.0
Liberia,,export_kg,1995.0,0.0,False,2169162.0
Liberia,,export_kg,1996.0,0.0,False,2232289.0
Liberia,,export_kg,1997.0,0.0,False,2412989.0
Liberia,,export_kg,1998.0,180000.0,False,2670124.0
Liberia,,export_kg,1999.0,900000.0,False,2821684.0
Liberia,,export_kg,2000.0,240000.0,False,2928117.0
Liberia,,export_kg,2001.0,420000.0,False,3015338.0
Liberia,,export_kg,2002.0,360000.0,False,3094782.0
Liberia,,export_kg,2003.0,420000.0,False,3119532.0
Liberia,,export_kg,2004.0,0.0,False,3156892.0
Liberia,,export_kg,2005.0,60000.0,False,3301015.0
Liberia,,export_kg,2006.0,0.0,False,3490787.0
Liberia,,export_kg,2007.0,120000.0,False,3669050.0
Liberia,,export_kg,2008.0,120000.0,False,3821003.0
Liberia,,export_kg,2009.0,540000.0,False,3943028.0
Liberia,,export_kg,2010.0,420000.0,False,4058890.0
Liberia,,export_kg,2011.0,480000.0,False,4221178.0
Liberia,,export_kg,2012.0,180000.0,False,4373043.0
Liberia,,export_kg,2013.0,240000.0,False,4470239.0
Liberia,,export_kg,2014.0,60000.0,False,4564293.0
Liberia,,export_kg,2015.0,240000.0,False,4659431.0
Liberia,,export_kg,2016.0,180000.0,False,4755608.0
Liberia,,export_kg,2017.0,660000.0,False,4848925.0
Liberia,,export_kg,2018.0,480000.0,False,4944726.0
Liberia,,export_kg,2019.0,60000.0,False,5043721.0
Madagascar,,export_kg,1990.0,51780000.0,False,12055639.0
Madagascar,,export_kg,1991.0,35280000.0,False,12421412.0
Madagascar,,export_kg,1992.0,44160000.0,False,12800870.0
Madagascar,,export_kg,1993.0,37680000.0,False,13197345.0
Madagascar,,export_kg,1994.0,26160000.0,False,13613850.0
Madagascar,,export_kg,1995.0,35100000.0,False,14051275.0
Madagascar,,export_kg,1996.0,43080000.0,False,14510711.0
Madagascar,,export_kg,1997.0,28800000.0,False,14990814.0
Madagascar,,export_kg,1998.0,47760000.0,False,15489364.0
Madagascar,,export_kg,1999.0,27840000.0,False,16000506.0
Madagascar,,export_kg,2000.0,12960000.0,False,16516338.0
Madagascar,,export_kg,2001.0,5220000.0,False,17032939.0
Madagascar,,export_kg,2002.0,8700000.0,False,17549913.0
Madagascar,,export_kg,2003.0,7140000.0,False,18071854.0
Madagascar,,export_kg,2004.0,7620000.0,False,18606608.0
Madagascar,,export_kg,2005.0,5760000.0,False,19159707.0
Madagascar,,export_kg,2006.0,10740000.0,False,19730909.0
Madagascar,,export_kg,2007.0,5940000.0,False,20318583.0
Madagascar,,export_kg,2008.0,11760000.0,False,20923840.0
Madagascar,,export_kg,2009.0,2400000.0,False,21547280.0
Madagascar,,export_kg,2010.0,4440000.0,False,22183340.0
Madagascar,,export_kg,2011.0,8640000.0,False,22822300.0
Madagascar,,export_kg,2012.0,4740000.0,False,23462438.0
Madagascar,,export_kg,2013.0,9960000.0,False,24109290.0
Madagascar,,export_kg,2014.0,8280000.0,False,24764348.0
Madagascar,,export_kg,2015.0,3540000.0,False,25426702.0
Madagascar,,export_kg,2016.0,4560000.0,False,26099952.0
Madagascar,,export_kg,2017.0,3480000.0,False,26788375.0
Madagascar,,export_kg,2018.0,360000.0,False,27494926.0
Madagascar,,export_kg,2019.0,240000.0,False,28219554.0
Malawi,,export_kg,1990.0,7440000.0,False,9545852.0
Malawi,,export_kg,1991.0,6000000.0,False,9844227.0
Malawi,,export_kg,1992.0,7680000.0,False,10135079.0
Malawi,,export_kg,1993.0,6240000.0,False,10284024.0
Malawi,,export_kg,1994.0,4680000.0,False,10164894.0
Malawi,,export_kg,1995.0,5520000.0,False,10150117.0
Malawi,,export_kg,1996.0,3600000.0,False,10352228.0
Malawi,,export_kg,1997.0,3600000.0,False,10562035.0
Malawi,,export_kg,1998.0,3540000.0,False,10792876.0
Malawi,,export_kg,1999.0,3240000.0,False,11047804.0
Malawi,,export_kg,2000.0,3660000.0,False,11315942.0
Malawi,,export_kg,2001.0,3840000.0,False,11593058.0
Malawi,,export_kg,2002.0,2640000.0,False,11880440.0
Malawi,,export_kg,2003.0,2940000.0,False,12181574.0
Malawi,,export_kg,2004.0,1560000.0,False,12500737.0
Malawi,,export_kg,2005.0,1260000.0,False,12840031.0
Malawi,,export_kg,2006.0,1020000.0,False,13198701.0
Malawi,,export_kg,2007.0,1140000.0,False,13576343.0
Malawi,,export_kg,2008.0,1260000.0,False,13976417.0
Malawi,,export_kg,2009.0,1080000.0,False,14395788.0
Malawi,,export_kg,2010.0,480000.0,False,14826463.0
Malawi,,export_kg,2011.0,1560000.0,False,15265022.0
Malawi,,export_kg,2012.0,1200000.0,False,15709577.0
Malawi,,export_kg,2013.0,1740000.0,False,16161816.0
Malawi,,export_kg,2014.0,1560000.0,False,16621538.0
Malawi,,export_kg,2015.0,1080000.0,False,17085587.0
Malawi,,export_kg,2016.0,1320000.0,False,17557739.0
Malawi,,export_kg,2017.0,780000.0,False,18039715.0
Malawi,,export_kg,2018.0,720000.0,False,18528081.0
Malawi,,export_kg,2019.0,960000.0,False,19025752.0
Mexico,,export_kg,1990.0,220980000.0,False,82820170.0
Mexico,,export_kg,1991.0,211860000.0,False,84430572.0
Mexico,,export_kg,1992.0,199920000.0,False,86044809.0
Mexico,,export_kg,1993.0,195840000.0,False,87653807.0
Mexico,,export_kg,1994.0,167340000.0,False,89259205.0
Mexico,,export_kg,1995.0,217560000.0,False,90862455.0
Mexico,,export_kg,1996.0,277980000.0,False,92452702.0
Mexico,,export_kg,1997.0,270120000.0,False,94021207.0
Mexico,,export_kg,1998.0,203940000.0,False,95575245.0
Mexico,,export_kg,1999.0,261480000.0,False,97115707.0
Mexico,,export_kg,2000.0,318240000.0,False,98625552.0
Mexico,,export_kg,2001.0,199980000.0,False,100099099.0
Mexico,,export_kg,2002.0,158700000.0,False,101548624.0
Mexico,,export_kg,2003.0,155760000.0,False,102978515.0
Mexico,,export_kg,2004.0,141720000.0,False,104394131.0
Mexico,,export_kg,2005.0,119100000.0,False,105811504.0
Mexico,,export_kg,2006.0,154200000.0,False,107253666.0
Mexico,,export_kg,2007.0,174720000.0,False,108774360.0
Mexico,,export_kg,2008.0,146880000.0,False,110374288.0
Mexico,,export_kg,2009.0,170280000.0,False,111999721.0
Mexico,,export_kg,2010.0,149880000.0,False,113623895.0
Mexico,,export_kg,2011.0,174420000.0,False,115243504.0
Mexico,,export_kg,2012.0,213360000.0,False,116818208.0
Mexico,,export_kg,2013.0,187920000.0,False,118343573.0
Mexico,,export_kg,2014.0,148800000.0,False,119784261.0
Mexico,,export_kg,2015.0,147480000.0,False,121072306.0
Mexico,,export_kg,2016.0,133980000.0,False,122251351.0
Mexico,,export_kg,2017.0,174660000.0,False,123400057.0
Mexico,,export_kg,2018.0,173280000.0,False,124573711.0
Mexico,,export_kg,2019.0,157620000.0,False,125762982.0
Nepal,,export_kg,1990.0,0.0,False,19524573.0
Nepal,,export_kg,1991.0,0.0,False,20036500.0
Nepal,,export_kg,1992.0,0.0,False,20609707.0
Nepal,,export_kg,1993.0,0.0,False,21180159.0
Nepal,,export_kg,1994.0,0.0,False,21717479.0
Nepal,,export_kg,1995.0,0.0,False,22245439.0
Nepal,,export_kg,1996.0,0.0,False,22741862.0
Nepal,,export_kg,1997.0,0.0,False,23219463.0
Nepal,,export_kg,1998.0,0.0,False,23680357.0
Nepal,,export_kg,1999.0,0.0,False,24125199.0
Nepal,,export_kg,2000.0,0.0,False,24546509.0
Nepal,,export_kg,2001.0,0.0,False,24946748.0
Nepal,,export_kg,2002.0,0.0,False,25328981.0
Nepal,,export_kg,2003.0,120000.0,False,25688758.0
Nepal,,export_kg,2004.0,60000.0,False,26016656.0
Nepal,,export_kg,2005.0,60000.0,False,26309458.0
Nepal,,export_kg,2006.0,60000.0,False,26565425.0
Nepal,,export_kg,2007.0,120000.0,False,26788492.0
Nepal,,export_kg,2008.0,60000.0,False,26990037.0
Nepal,,export_kg,2009.0,120000.0,False,27173035.0
Nepal,,export_kg,2010.0,60000.0,False,27341952.0
Nepal,,export_kg,2011.0,240000.0,False,27464494.0
Nepal,,export_kg,2012.0,60000.0,False,27534915.0
Nepal,,export_kg,2013.0,60000.0,False,27589996.0
Nepal,,export_kg,2014.0,60000.0,False,27672370.0
Nepal,,export_kg,2015.0,120000.0,False,27823629.0
Nepal,,export_kg,2016.0,120000.0,False,27955462.0
Nepal,,export_kg,2017.0,60000.0,False,28011258.0
Nepal,,export_kg,2018.0,120000.0,False,28079689.0
Nepal,,export_kg,2019.0,60000.0,False,28414064.0
Nicaragua,,export_kg,1990.0,40260000.0,False,4162559.0
Nicaragua,,export_kg,1991.0,23520000.0,False,4259637.0
Nicaragua,,export_kg,1992.0,38160000.0,False,4357026.0
Nicaragua,,export_kg,1993.0,28560000.0,False,4453732.0
Nicaragua,,export_kg,1994.0,37440000.0,False,4549316.0
Nicaragua,,export_kg,1995.0,40860000.0,False,4642931.0
Nicaragua,,export_kg,1996.0,49320000.0,False,4729974.0
Nicaragua,,export_kg,1997.0,42840000.0,False,4809573.0
Nicaragua,,export_kg,1998.0,56460000.0,False,4883655.0
Nicaragua,,export_kg,1999.0,59040000.0,False,4954018.0
Nicaragua,,export_kg,2000.0,82020000.0,False,5022633.0
Nicaragua,,export_kg,2001.0,81900000.0,False,5087825.0
Nicaragua,,export_kg,2002.0,57300000.0,False,5149909.0
Nicaragua,,export_kg,2003.0,60780000.0,False,5210963.0
Nicaragua,,export_kg,2004.0,78660000.0,False,5272912.0
Nicaragua,,export_kg,2005.0,60180000.0,False,5342105.0
Nicaragua,,export_kg,2006.0,86700000.0,False,5418855.0
Nicaragua,,export_kg,2007.0,75540000.0,False,5497243.0
Nicaragua,,export_kg,2008.0,97500000.0,False,5576593.0
Nicaragua,,export_kg,2009.0,82440000.0,False,5656601.0
Nicaragua,,export_kg,2010.0,102720000.0,False,5737450.0
Nicaragua,,export_kg,2011.0,88080000.0,False,5819051.0
Nicaragua,,export_kg,2012.0,119220000.0,False,5901287.0
Nicaragua,,export_kg,2013.0,99660000.0,False,5983845.0
Nicaragua,,export_kg,2014.0,114060000.0,False,6066492.0
Nicaragua,,export_kg,2015.0,105180000.0,False,6149417.0
Nicaragua,,export_kg,2016.0,117780000.0,False,6232666.0
Nicaragua,,export_kg,2017.0,146940000.0,False,6316231.0
Nicaragua,,export_kg,2018.0,138000000.0,False,6400080.0
Nicaragua,,export_kg,2019.0,177240000.0,False,6483657.0
Nigeria,,export_kg,1990.0,240000.0,False,97120925.0
Nigeria,,export_kg,1991.0,60000.0,False,99720162.0
Nigeria,,export_kg,1992.0,660000.0,False,102372770.0
Nigeria,,export_kg,1993.0,600000.0,False,105122069.0
Nigeria,,export_kg,1994.0,480000.0,False,107935714.0
Nigeria,,export_kg,1995.0,900000.0,False,110819428.0
Nigeria,,export_kg,1996.0,420000.0,False,113754779.0
Nigeria,,export_kg,1997.0,420000.0,False,116754792.0
Nigeria,,export_kg,1998.0,600000.0,False,119846254.0
Nigeria,,export_kg,1999.0,540000.0,False,123047320.0
Nigeria,,export_kg,2000.0,420000.0,False,126382494.0
Nigeria,,export_kg,2001.0,420000.0,False,129862595.0
Nigeria,,export_kg,2002.0,300000.0,False,133471989.0
Nigeria,,export_kg,2003.0,540000.0,False,137202644.0
Nigeria,,export_kg,2004.0,360000.0,False,141057045.0
Nigeria,,export_kg,2005.0,480000.0,False,145017253.0
Nigeria,,export_kg,2006.0,1680000.0,False,149077334.0
Nigeria,,export_kg,2007.0,540000.0,False,153267261.0
Nigeria,,export_kg,2008.0,120000.0,False,157595014.0
Nigeria,,export_kg,2009.0,60000.0,False,162049464.0
Nigeria,,export_kg,2010.0,180000.0,False,166642886.0
Nigeria,,export_kg,2011.0,420000.0,False,171379598.0
Nigeria,,export_kg,2012.0,120000.0,False,176200625.0
Nigeria,,export_kg,2013.0,60000.0,False,181049443.0
Nigeria,,export_kg,2014.0,60000.0,False,185896915.0
Nigeria,,export_kg,2015.0,180000.0,False,190671878.0
Nigeria,,export_kg,2016.0,60000.0,False,195443700.0
Nigeria,,export_kg,2017.0,180000.0,False,200254579.0
Nigeria,,export_kg,2018.0,180000.0,False,204938755.0
Nigeria,,export_kg,2019.0,120000.0,False,209485641.0
Panama,,export_kg,1990.0,7920000.0,False,2455583.0
Panama,,export_kg,1991.0,7440000.0,False,2508265.0
Panama,,export_kg,1992.0,7500000.0,False,2561336.0
Panama,,export_kg,1993.0,7740000.0,False,2615099.0
Panama,,export_kg,1994.0,4560000.0,False,2669546.0
Panama,,export_kg,1995.0,10860000.0,False,2724557.0
Panama,,export_kg,1996.0,8340000.0,False,2780227.0
Panama,,export_kg,1997.0,7440000.0,False,2836695.0
Panama,,export_kg,1998.0,8700000.0,False,2893914.0
Panama,,export_kg,1999.0,7080000.0,False,2951822.0
Panama,,export_kg,2000.0,4320000.0,False,3010369.0
Panama,,export_kg,2001.0,3420000.0,False,3069537.0
Panama,,export_kg,2002.0,4980000.0,False,3129344.0
Panama,,export_kg,2003.0,5160000.0,False,3189807.0
Panama,,export_kg,2004.0,5940000.0,False,3251155.0
Panama,,export_kg,2005.0,5400000.0,False,3313026.0
Panama,,export_kg,2006.0,6420000.0,False,3375024.0
Panama,,export_kg,2007.0,6540000.0,False,3437490.0
Panama,,export_kg,2008.0,6840000.0,False,3500648.0
Panama,,export_kg,2009.0,3540000.0,False,3564381.0
Panama,,export_kg,2010.0,3900000.0,False,3628535.0
Panama,,export_kg,2011.0,3180000.0,False,3693505.0
Panama,,export_kg,2012.0,3060000.0,False,3759256.0
Panama,,export_kg,2013.0,2940000.0,False,3825329.0
Panama,,export_kg,2014.0,3060000.0,False,3892101.0
Panama,,export_kg,2015.0,3000000.0,False,3960035.0
Panama,,export_kg,2016.0,3360000.0,False,4029086.0
Panama,,export_kg,2017.0,3000000.0,False,4098707.0
Panama,,export_kg,2018.0,2820000.0,False,4167860.0
Panama,,export_kg,2019.0,3060000.0,False,4234700.0
Papua New Guinea,,export_kg,1990.0,63060000.0,False,3896481.0
Papua New Guinea,,export_kg,1991.0,47280000.0,False,4021837.0
Papua New Guinea,,export_kg,1992.0,55020000.0,False,4166699.0
Papua New Guinea,,export_kg,1993.0,63300000.0,False,4320872.0
Papua New Guinea,,export_kg,1994.0,69420000.0,False,4480208.0
Papua New Guinea,,export_kg,1995.0,60120000.0,False,4644278.0
Papua New Guinea,,export_kg,1996.0,65400000.0,False,4813361.0
Papua New Guinea,,export_kg,1997.0,62580000.0,False,4987883.0
Papua New Guinea,,export_kg,1998.0,80940000.0,False,5166390.0
Papua New Guinea,,export_kg,1999.0,79200000.0,False,5349333.0
Papua New Guinea,,export_kg,2000.0,62580000.0,False,5537064.0
Papua New Guinea,,export_kg,2001.0,65700000.0,False,5728435.0
Papua New Guinea,,export_kg,2002.0,63420000.0,False,5924003.0
Papua New Guinea,,export_kg,2003.0,68820000.0,False,6123997.0
Papua New Guinea,,export_kg,2004.0,62880000.0,False,6328041.0
Papua New Guinea,,export_kg,2005.0,72000000.0,False,6535905.0
Papua New Guinea,,export_kg,2006.0,50940000.0,False,6747720.0
Papua New Guinea,,export_kg,2007.0,54540000.0,False,6963345.0
Papua New Guinea,,export_kg,2008.0,65760000.0,False,7183002.0
Papua New Guinea,,export_kg,2009.0,61620000.0,False,7406438.0
Papua New Guinea,,export_kg,2010.0,55740000.0,False,7633523.0
Papua New Guinea,,export_kg,2011.0,73500000.0,False,7859346.0
Papua New Guinea,,export_kg,2012.0,55500000.0,False,8081390.0
Papua New Guinea,,export_kg,2013.0,48660000.0,False,8302698.0
Papua New Guinea,,export_kg,2014.0,48420000.0,False,8523441.0
Papua New Guinea,,export_kg,2015.0,42660000.0,False,8743246.0
Papua New Guinea,,export_kg,2016.0,67980000.0,False,8961718.0
Papua New Guinea,,export_kg,2017.0,47640000.0,False,9178714.0
Papua New Guinea,,export_kg,2018.0,52200000.0,False,9394513.0
Papua New Guinea,,export_kg,2019.0,47220000.0,False,9609010.0
Paraguay,,export_kg,1990.0,15780000.0,False,4035747.0
Paraguay,,export_kg,1991.0,7200000.0,False,4144364.0
Paraguay,,export_kg,1992.0,2400000.0,False,4253600.0
Paraguay,,export_kg,1993.0,3480000.0,False,4362696.0
Paraguay,,export_kg,1994.0,2880000.0,False,4471417.0
Paraguay,,export_kg,1995.0,1260000.0,False,4579806.0
Paraguay,,export_kg,1996.0,960000.0,False,4687543.0
Paraguay,,export_kg,1997.0,2100000.0,False,4794412.0
Paraguay,,export_kg,1998.0,1140000.0,False,4900025.0
Paraguay,,export_kg,1999.0,180000.0,False,5003135.0
Paraguay,,export_kg,2000.0,300000.0,False,5100868.0
Paraguay,,export_kg,2001.0,60000.0,False,5187689.0
Paraguay,,export_kg,2002.0,1260000.0,False,5261328.0
Paraguay,,export_kg,2003.0,1860000.0,False,5326436.0
Paraguay,,export_kg,2004.0,1020000.0,False,5388175.0
Paraguay,,export_kg,2005.0,1440000.0,False,5448097.0
Paraguay,,export_kg,2006.0,1500000.0,False,5505148.0
Paraguay,,export_kg,2007.0,1860000.0,False,5559386.0
Paraguay,,export_kg,2008.0,60000.0,False,5613574.0
Paraguay,,export_kg,2009.0,0.0,False,5671236.0
Paraguay,,export_kg,2010.0,0.0,False,5737971.0
Paraguay,,export_kg,2011.0,0.0,False,5814626.0
Paraguay,,export_kg,2012.0,0.0,False,5897008.0
Paraguay,,export_kg,2013.0,0.0,False,5982445.0
Paraguay,,export_kg,2014.0,0.0,False,6069811.0
Paraguay,,export_kg,2015.0,0.0,False,6159103.0
Paraguay,,export_kg,2016.0,0.0,False,6249126.0
Paraguay,,export_kg,2017.0,0.0,False,6338660.0
Paraguay,,export_kg,2018.0,0.0,False,6427382.0
Paraguay,,export_kg,2019.0,0.0,False,6515058.0
Peru,,export_kg,1990.0,66300000.0,False,22014771.0
Peru,,export_kg,1991.0,62520000.0,False,22483775.0
Peru,,export_kg,1992.0,63660000.0,False,22946340.0
Peru,,export_kg,1993.0,46500000.0,False,23413783.0
Peru,,export_kg,1994.0,63420000.0,False,23881493.0
Peru,,export_kg,1995.0,105600000.0,False,24348919.0
Peru,,export_kg,1996.0,100740000.0,False,24811171.0
Peru,,export_kg,1997.0,98880000.0,False,25274147.0
Peru,,export_kg,1998.0,116940000.0,False,25738095.0
Peru,,export_kg,1999.0,144420000.0,False,26186504.0
Peru,,export_kg,2000.0,141720000.0,False,26598331.0
Peru,,export_kg,2001.0,159780000.0,False,26964601.0
Peru,,export_kg,2002.0,167340000.0,False,27288217.0
Peru,,export_kg,2003.0,150180000.0,False,27580490.0
Peru,,export_kg,2004.0,191040000.0,False,27852190.0
Peru,,export_kg,2005.0,142140000.0,False,28101180.0
Peru,,export_kg,2006.0,232860000.0,False,28324491.0
Peru,,export_kg,2007.0,172740000.0,False,28530699.0
Peru,,export_kg,2008.0,223980000.0,False,28719041.0
Peru,,export_kg,2009.0,184440000.0,False,28896811.0
Peru,,export_kg,2010.0,229020000.0,False,29086019.0
Peru,,export_kg,2011.0,281820000.0,False,29304086.0
Peru,,export_kg,2012.0,258600000.0,False,29550366.0
Peru,,export_kg,2013.0,224160000.0,False,29817919.0
Peru,,export_kg,2014.0,163200000.0,False,30115826.0
Peru,,export_kg,2015.0,167400000.0,False,30457600.0
Peru,,export_kg,2016.0,237600000.0,False,30866494.0
Peru,,export_kg,2017.0,236760000.0,False,31324637.0
Peru,,export_kg,2018.0,243840000.0,False,31897584.0
Peru,,export_kg,2019.0,226320000.0,False,32449303.0
Philippines,,export_kg,1990.0,10080000.0,False,62854666.0
Philippines,,export_kg,1991.0,6180000.0,False,64382249.0
Philippines,,export_kg,1992.0,2460000.0,False,65926125.0
Philippines,,export_kg,1993.0,2100000.0,False,67530621.0
Philippines,,export_kg,1994.0,7560000.0,False,69019291.0
Philippines,,export_kg,1995.0,3420000.0,False,70546246.0
Philippines,,export_kg,1996.0,1620000.0,False,72190242.0
Philippines,,export_kg,1997.0,1860000.0,False,73908810.0
Philippines,,export_kg,1998.0,1260000.0,False,75791024.0
Philippines,,export_kg,1999.0,540000.0,False,77753257.0
Philippines,,export_kg,2000.0,300000.0,False,79625397.0
Philippines,,export_kg,2001.0,180000.0,False,81401488.0
Philippines,,export_kg,2002.0,420000.0,False,83068889.0
Philippines,,export_kg,2003.0,720000.0,False,84731835.0
Philippines,,export_kg,2004.0,1740000.0,False,86394504.0
Philippines,,export_kg,2005.0,2040000.0,False,88015962.0
Philippines,,export_kg,2006.0,2280000.0,False,89508986.0
Philippines,,export_kg,2007.0,1920000.0,False,91075184.0
Philippines,,export_kg,2008.0,240000.0,False,92699095.0
Philippines,,export_kg,2009.0,420000.0,False,94384250.0
Philippines,,export_kg,2010.0,360000.0,False,96337125.0
Philippines,,export_kg,2011.0,600000.0,False,98248614.0
Philippines,,export_kg,2012.0,180000.0,False,100175512.0
Philippines,,export_kg,2013.0,360000.0,False,102076336.0
Philippines,,export_kg,2014.0,720000.0,False,103767130.0
Philippines,,export_kg,2015.0,900000.0,False,105312992.0
Philippines,,export_kg,2016.0,780000.0,False,106735719.0
Philippines,,export_kg,2017.0,540000.0,False,108119693.0
Philippines,,export_kg,2018.0,240000.0,False,109465287.0
Philippines,,export_kg,2019.0,420000.0,False,110804683.0
Rwanda,,export_kg,1990.0,46740000.0,False,7375307.0
Rwanda,,export_kg,1991.0,28440000.0,False,7526966.0
Rwanda,,export_kg,1992.0,38700000.0,False,7683266.0
Rwanda,,export_kg,1993.0,28860000.0,False,7981132.0
Rwanda,,export_kg,1994.0,1800000.0,False,6792352.0
Rwanda,,export_kg,1995.0,18840000.0,False,5674118.0
Rwanda,,export_kg,1996.0,15900000.0,False,6708764.0
Rwanda,,export_kg,1997.0,13080000.0,False,7755238.0
Rwanda,,export_kg,1998.0,12840000.0,False,8081681.0
Rwanda,,export_kg,1999.0,18840000.0,False,8147912.0
Rwanda,,export_kg,2000.0,16200000.0,False,8213931.0
Rwanda,,export_kg,2001.0,16740000.0,False,8287094.0
Rwanda,,export_kg,2002.0,19800000.0,False,8400180.0
Rwanda,,export_kg,2003.0,14700000.0,False,8586875.0
Rwanda,,export_kg,2004.0,27000000.0,False,8816844.0
Rwanda,,export_kg,2005.0,14160000.0,False,9054528.0
Rwanda,,export_kg,2006.0,23340000.0,False,9299246.0
Rwanda,,export_kg,2007.0,15360000.0,False,9549933.0
Rwanda,,export_kg,2008.0,19560000.0,False,9804269.0
Rwanda,,export_kg,2009.0,18240000.0,False,10060432.0
Rwanda,,export_kg,2010.0,17760000.0,False,10317553.0
Rwanda,,export_kg,2011.0,16620000.0,False,10573733.0
Rwanda,,export_kg,2012.0,15060000.0,False,10829901.0
Rwanda,,export_kg,2013.0,15240000.0,False,11093340.0
Rwanda,,export_kg,2014.0,15360000.0,False,11364757.0
Rwanda,,export_kg,2015.0,15780000.0,False,11640022.0
Rwanda,,export_kg,2016.0,14640000.0,False,11919183.0
Rwanda,,export_kg,2017.0,14760000.0,False,12202060.0
Rwanda,,export_kg,2018.0,21000000.0,False,12487996.0
Rwanda,,export_kg,2019.0,23340000.0,False,12776103.0
Sierra Leone,,export_kg,1990.0,8400000.0,False,4196828.0
Sierra Leone,,export_kg,1991.0,6240000.0,False,4246267.0
Sierra Leone,,export_kg,1992.0,2820000.0,False,4166366.0
Sierra Leone,,export_kg,1993.0,2460000.0,False,4157130.0
Sierra Leone,,export_kg,1994.0,3720000.0,False,4173105.0
Sierra Leone,,export_kg,1995.0,4260000.0,False,4179179.0
Sierra Leone,,export_kg,1996.0,1740000.0,False,4199210.0
Sierra Leone,,export_kg,1997.0,2820000.0,False,4253716.0
Sierra Leone,,export_kg,1998.0,2520000.0,False,4295785.0
Sierra Leone,,export_kg,1999.0,1380000.0,False,4318043.0
Sierra Leone,,export_kg,2000.0,2400000.0,False,4423611.0
Sierra Leone,,export_kg,2001.0,2160000.0,False,4692716.0
Sierra Leone,,export_kg,2002.0,4800000.0,False,4971435.0
Sierra Leone,,export_kg,2003.0,2040000.0,False,5177687.0
Sierra Leone,,export_kg,2004.0,1380000.0,False,5355717.0
Sierra Leone,,export_kg,2005.0,1200000.0,False,5501712.0
Sierra Leone,,export_kg,2006.0,3060000.0,False,5624466.0
Sierra Leone,,export_kg,2007.0,3060000.0,False,5749352.0
Sierra Leone,,export_kg,2008.0,1560000.0,False,5894722.0
Sierra Leone,,export_kg,2009.0,6240000.0,False,6055646.0
Sierra Leone,,export_kg,2010.0,3480000.0,False,6222714.0
Sierra Leone,,export_kg,2011.0,2220000.0,False,6387251.0
Sierra Leone,,export_kg,2012.0,3900000.0,False,6551080.0
Sierra Leone,,export_kg,2013.0,3420000.0,False,6714051.0
Sierra Leone,,export_kg,2014.0,1440000.0,False,6876385.0
Sierra Leone,,export_kg,2015.0,3240000.0,False,7037655.0
Sierra Leone,,export_kg,2016.0,1560000.0,False,7205328.0
Sierra Leone,,export_kg,2017.0,2100000.0,False,7379299.0
Sierra Leone,,export_kg,2018.0,1620000.0,False,7554563.0
Sierra Leone,,export_kg,2019.0,2820000.0,False,7731991.0
Sri Lanka,,export_kg,1990.0,1140000.0,False,16352458.0
Sri Lanka,,export_kg,1991.0,1320000.0,False,16475354.0
Sri Lanka,,export_kg,1992.0,900000.0,False,16739284.0
Sri Lanka,,export_kg,1993.0,840000.0,False,17025918.0
Sri Lanka,,export_kg,1994.0,2820000.0,False,17275773.0
Sri Lanka,,export_kg,1995.0,1320000.0,False,17564068.0
Sri Lanka,,export_kg,1996.0,720000.0,False,17905018.0
Sri Lanka,,export_kg,1997.0,1260000.0,False,18248200.0
Sri Lanka,,export_kg,1998.0,1620000.0,False,18596003.0
Sri Lanka,,export_kg,1999.0,1020000.0,False,18944731.0
Sri Lanka,,export_kg,2000.0,120000.0,False,19293054.0
Sri Lanka,,export_kg,2001.0,240000.0,False,19600362.0
Sri Lanka,,export_kg,2002.0,180000.0,False,19805752.0
Sri Lanka,,export_kg,2003.0,360000.0,False,19951521.0
Sri Lanka,,export_kg,2004.0,420000.0,False,20087605.0
Sri Lanka,,export_kg,2005.0,180000.0,False,20216524.0
Sri Lanka,,export_kg,2006.0,420000.0,False,20352411.0
Sri Lanka,,export_kg,2007.0,240000.0,False,20492545.0
Sri Lanka,,export_kg,2008.0,120000.0,False,20629378.0
Sri Lanka,,export_kg,2009.0,60000.0,False,20756435.0
Sri Lanka,,export_kg,2010.0,120000.0,False,20879089.0
Sri Lanka,,export_kg,2011.0,120000.0,False,21009048.0
Sri Lanka,,export_kg,2012.0,0.0,False,21169458.0
Sri Lanka,,export_kg,2013.0,0.0,False,20585000.0
Sri Lanka,,export_kg,2014.0,120000.0,False,20778000.0
Sri Lanka,,export_kg,2015.0,0.0,False,20970000.0
Sri Lanka,,export_kg,2016.0,60000.0,False,21209000.0
Sri Lanka,,export_kg,2017.0,120000.0,False,21453000.0
Sri Lanka,,export_kg,2018.0,120000.0,False,21670000.0
Sri Lanka,,export_kg,2019.0,60000.0,False,21803000.0
Tanzania,,export_kg,1990.0,61140000.0,False,26110207.0
Tanzania,,export_kg,1991.0,52260000.0,False,26780436.0
Tanzania,,export_kg,1992.0,49680000.0,False,27457588.0
Tanzania,,export_kg,1993.0,62220000.0,False,28332692.0
Tanzania,,export_kg,1994.0,37920000.0,False,29442356.0
Tanzania,,export_kg,1995.0,44700000.0,False,30383497.0
Tanzania,,export_kg,1996.0,58200000.0,False,30945762.0
Tanzania,,export_kg,1997.0,39300000.0,False,31578089.0
Tanzania,,export_kg,1998.0,44520000.0,False,32420458.0
Tanzania,,export_kg,1999.0,38580000.0,False,33300330.0
Tanzania,,export_kg,2000.0,44400000.0,False,34260139.0
Tanzania,,export_kg,2001.0,51960000.0,False,35198299.0
Tanzania,,export_kg,2002.0,29760000.0,False,36121304.0
Tanzania,,export_kg,2003.0,52980000.0,False,37089555.0
Tanzania,,export_kg,2004.0,33180000.0,False,38109668.0
Tanzania,,export_kg,2005.0,42720000.0,False,39182076.0
Tanzania,,export_kg,2006.0,43920000.0,False,40294902.0
Tanzania,,export_kg,2007.0,48420000.0,False,41435512.0
Tanzania,,export_kg,2008.0,49080000.0,False,42570728.0
Tanzania,,export_kg,2009.0,69420000.0,False,43633982.0
Tanzania,,export_kg,2010.0,33360000.0,False,44758488.0
Tanzania,,export_kg,2011.0,47880000.0,False,46029367.0
Tanzania,,export_kg,2012.0,45360000.0,False,47374260.0
Tanzania,,export_kg,2013.0,56100000.0,False,48824128.0
Tanzania,,export_kg,2014.0,43080000.0,False,50351512.0
Tanzania,,export_kg,2015.0,42540000.0,False,52020962.0
Tanzania,,export_kg,2016.0,54300000.0,False,53824013.0
Tanzania,,export_kg,2017.0,39840000.0,False,55652890.0
Tanzania,,export_kg,2018.0,51360000.0,False,57437145.0
Tanzania,,export_kg,2019.0,64140000.0,False,59174891.0
Thailand,,export_kg,1990.0,60060000.0,False,54738329.0
Thailand,,export_kg,1991.0,32460000.0,False,55637434.0
Thailand,,export_kg,1992.0,69840000.0,False,56528834.0
Thailand,,export_kg,1993.0,58920000.0,False,57408198.0
Thailand,,export_kg,1994.0,68160000.0,False,58260854.0
Thailand,,export_kg,1995.0,72600000.0,False,59098232.0
Thailand,,export_kg,1996.0,52380000.0,False,59920064.0
Thailand,,export_kg,1997.0,63960000.0,False,60724584.0
Thailand,,export_kg,1998.0,46680000.0,False,61522630.0
Thailand,,export_kg,1999.0,29580000.0,False,62299043.0
Thailand,,export_kg,2000.0,58200000.0,False,63007815.0
Thailand,,export_kg,2001.0,68880000.0,False,63651141.0
Thailand,,export_kg,2002.0,15180000.0,False,64266437.0
Thailand,,export_kg,2003.0,10860000.0,False,64868166.0
Thailand,,export_kg,2004.0,25200000.0,False,65452047.0
Thailand,,export_kg,2005.0,22500000.0,False,66017420.0
Thailand,,export_kg,2006.0,32400000.0,False,66567687.0
Thailand,,export_kg,2007.0,21900000.0,False,67102394.0
Thailand,,export_kg,2008.0,10500000.0,False,67619830.0
Thailand,,export_kg,2009.0,11100000.0,False,68121080.0
Thailand,,export_kg,2010.0,22200000.0,False,68579447.0
Thailand,,export_kg,2011.0,14580000.0,False,69007208.0
Thailand,,export_kg,2012.0,21000000.0,False,69436098.0
Thailand,,export_kg,2013.0,2940000.0,False,69845114.0
Thailand,,export_kg,2014.0,1620000.0,False,70216367.0
Thailand,,export_kg,2015.0,34680000.0,False,70540795.0
Thailand,,export_kg,2016.0,7860000.0,False,70859841.0
Thailand,,export_kg,2017.0,8460000.0,False,71160187.0
Thailand,,export_kg,2018.0,15480000.0,False,71376079.0
Thailand,,export_kg,2019.0,10440000.0,False,71522271.0
Timor-Leste,,export_kg,1990.0,0.0,False,760345.0
Timor-Leste,,export_kg,1991.0,0.0,False,778278.0
Timor-Leste,,export_kg,1992.0,0.0,False,799318.0
Timor-Leste,,export_kg,1993.0,0.0,False,821437.0
Timor-Leste,,export_kg,1994.0,0.0,False,844493.0
Timor-Leste,,export_kg,1995.0,0.0,False,868146.0
Timor-Leste,,export_kg,1996.0,0.0,False,892282.0
Timor-Leste,,export_kg,1997.0,0.0,False,917184.0
Timor-Leste,,export_kg,1998.0,0.0,False,942530.0
Timor-Leste,,export_kg,1999.0,0.0,False,834697.0
Timor-Leste,,export_kg,2000.0,60000.0,False,745088.0
Timor-Leste,,export_kg,2001.0,1920000.0,False,812249.0
Timor-Leste,,export_kg,2002.0,1800000.0,False,879159.0
Timor-Leste,,export_kg,2003.0,2760000.0,False,916878.0
Timor-Leste,,export_kg,2004.0,1320000.0,False,929074.0
Timor-Leste,,export_kg,2005.0,1080000.0,False,948311.0
Timor-Leste,,export_kg,2006.0,2940000.0,False,976597.0
Timor-Leste,,export_kg,2007.0,1860000.0,False,1004889.0
Timor-Leste,,export_kg,2008.0,3000000.0,False,1032429.0
Timor-Leste,,export_kg,2009.0,2580000.0,False,1058782.0
Timor-Leste,,export_kg,2010.0,4080000.0,False,1084679.0
Timor-Leste,,export_kg,2011.0,2340000.0,False,1110207.0
Timor-Leste,,export_kg,2012.0,3360000.0,False,1134885.0
Timor-Leste,,export_kg,2013.0,4200000.0,False,1158695.0
Timor-Leste,,export_kg,2014.0,6660000.0,False,1181903.0
Timor-Leste,,export_kg,2015.0,4080000.0,False,1205131.0
Timor-Leste,,export_kg,2016.0,4080000.0,False,1228312.0
Timor-Leste,,export_kg,2017.0,5160000.0,False,1251703.0
Timor-Leste,,export_kg,2018.0,7740000.0,False,1275959.0
Timor-Leste,,export_kg,2019.0,7020000.0,False,1300945.0
Togo,,export_kg,1990.0,14340000.0,False,3714021.0
Togo,,export_kg,1991.0,9300000.0,False,3822636.0
Togo,,export_kg,1992.0,18780000.0,False,3932581.0
Togo,,export_kg,1993.0,13080000.0,False,3887974.0
Togo,,export_kg,1994.0,9960000.0,False,3904183.0
Togo,,export_kg,1995.0,12000000.0,False,4110450.0
Togo,,export_kg,1996.0,5100000.0,False,4291136.0
Togo,,export_kg,1997.0,18780000.0,False,4438794.0
Togo,,export_kg,1998.0,9960000.0,False,4551635.0
Togo,,export_kg,1999.0,19260000.0,False,4665754.0
Togo,,export_kg,2000.0,16980000.0,False,4783722.0
Togo,,export_kg,2001.0,11580000.0,False,4904144.0
Togo,,export_kg,2002.0,6000000.0,False,5027130.0
Togo,,export_kg,2003.0,4320000.0,False,5154112.0
Togo,,export_kg,2004.0,8940000.0,False,5281320.0
Togo,,export_kg,2005.0,9840000.0,False,5413154.0
Togo,,export_kg,2006.0,7080000.0,False,5569664.0
Togo,,export_kg,2007.0,9300000.0,False,5748443.0
Togo,,export_kg,2008.0,7260000.0,False,5936138.0
Togo,,export_kg,2009.0,9120000.0,False,6130946.0
Togo,,export_kg,2010.0,11880000.0,False,6325788.0
Togo,,export_kg,2011.0,9300000.0,False,6500582.0
Togo,,export_kg,2012.0,8820000.0,False,6653718.0
Togo,,export_kg,2013.0,5460000.0,False,6798848.0
Togo,,export_kg,2014.0,8040000.0,False,6937644.0
Togo,,export_kg,2015.0,10680000.0,False,7071502.0
Togo,,export_kg,2016.0,4500000.0,False,7200884.0
Togo,,export_kg,2017.0,1620000.0,False,7324386.0
Togo,,export_kg,2018.0,6660000.0,False,7458206.0
Togo,,export_kg,2019.0,3480000.0,False,7619925.0
Trinidad & Tobago,,export_kg,1990.0,1800000.0,False,1252208.0
Trinidad & Tobago,,export_kg,1991.0,480000.0,False,1262171.0
Trinidad & Tobago,,export_kg,1992.0,120000.0,False,1271674.0
Trinidad & Tobago,,export_kg,1993.0,600000.0,False,1280466.0
Trinidad & Tobago,,export_kg,1994.0,300000.0,False,1288341.0
Trinidad & Tobago,,export_kg,1995.0,240000.0,False,1295169.0
Trinidad & Tobago,,export_kg,1996.0,240000.0,False,1300928.0
Trinidad & Tobago,,export_kg,1997.0,240000.0,False,1305836.0
Trinidad & Tobago,,export_kg,1998.0,300000.0,False,1310225.0
Trinidad & Tobago,,export_kg,1999.0,180000.0,False,1314708.0
Trinidad & Tobago,,export_kg,2000.0,180000.0,False,1319774.0
Trinidad & Tobago,,export_kg,2001.0,180000.0,False,1325567.0
Trinidad & Tobago,,export_kg,2002.0,120000.0,False,1332011.0
Trinidad & Tobago,,export_kg,2003.0,120000.0,False,1338709.0
Trinidad & Tobago,,export_kg,2004.0,120000.0,False,1345380.0
Trinidad & Tobago,,export_kg,2005.0,60000.0,False,1294494.0
Trinidad & Tobago,,export_kg,2006.0,60000.0,False,1297944.0
Trinidad & Tobago,,export_kg,2007.0,60000.0,False,1303188.0
Trinidad & Tobago,,export_kg,2008.0,60000.0,False,1308587.0
Trinidad & Tobago,,export_kg,2009.0,0.0,False,1310106.0
Trinidad & Tobago,,export_kg,2010.0,60000.0,False,1317714.0
Trinidad & Tobago,,export_kg,2011.0,0.0,False,1328019.0
Trinidad & Tobago,,export_kg,2012.0,60000.0,False,1335194.0
Trinidad & Tobago,,export_kg,2013.0,120000.0,False,1340557.0
Trinidad & Tobago,,export_kg,2014.0,120000.0,False,1345343.0
Trinidad & Tobago,,export_kg,2015.0,120000.0,False,1349667.0
Trinidad & Tobago,,export_kg,2016.0,120000.0,False,1353895.0
Trinidad & Tobago,,export_kg,2017.0,120000.0,False,1356633.0
Trinidad & Tobago,,export_kg,2018.0,180000.0,False,1359193.0
Trinidad & Tobago,,export_kg,2019.0,120000.0,False,1363985.0
Uganda,,export_kg,1990.0,141180000.0,False,17569897.0
Uganda,,export_kg,1991.0,125700000.0,False,18155901.0
Uganda,,export_kg,1992.0,117660000.0,False,18785032.0
Uganda,,export_kg,1993.0,109740000.0,False,19445161.0
Uganda,,export_kg,1994.0,202140000.0,False,20108801.0
Uganda,,export_kg,1995.0,184740000.0,False,20665667.0
Uganda,,export_kg,1996.0,279300000.0,False,21231550.0
Uganda,,export_kg,1997.0,210120000.0,False,21856046.0
Uganda,,export_kg,1998.0,197160000.0,False,22515806.0
Uganda,,export_kg,1999.0,230460000.0,False,23257281.0
Uganda,,export_kg,2000.0,150780000.0,False,24000150.0
Uganda,,export_kg,2001.0,183600000.0,False,24745676.0
Uganda,,export_kg,2002.0,201480000.0,False,25532870.0
Uganda,,export_kg,2003.0,151320000.0,False,26352124.0
Uganda,,export_kg,2004.0,157620000.0,False,27154515.0
Uganda,,export_kg,2005.0,142140000.0,False,27963289.0
Uganda,,export_kg,2006.0,130380000.0,False,28794003.0
Uganda,,export_kg,2007.0,161580000.0,False,29653430.0
Uganda,,export_kg,2008.0,198660000.0,False,30539553.0
Uganda,,export_kg,2009.0,180840000.0,False,31451151.0
Uganda,,export_kg,2010.0,159420000.0,False,32390802.0
Uganda,,export_kg,2011.0,188520000.0,False,33354543.0
Uganda,,export_kg,2012.0,161100000.0,False,34337438.0
Uganda,,export_kg,2013.0,220320000.0,False,35337042.0
Uganda,,export_kg,2014.0,206520000.0,False,36395539.0
Uganda,,export_kg,2015.0,215760000.0,False,37531446.0
Uganda,,export_kg,2016.0,212580000.0,False,38799152.0
Uganda,,export_kg,2017.0,286440000.0,False,40177388.0
Uganda,,export_kg,2018.0,253380000.0,False,41565831.0
Uganda,,export_kg,2019.0,271560000.0,False,42999637.0
Venezuela,,export_kg,1990.0,16680000.0,False,19827010.0
Venezuela,,export_kg,1991.0,7680000.0,False,20304896.0
Venezuela,,export_kg,1992.0,8160000.0,False,20780948.0
Venezuela,,export_kg,1993.0,31500000.0,False,21254520.0
Venezuela,,export_kg,1994.0,23160000.0,False,21725188.0
Venezuela,,export_kg,1995.0,5820000.0,False,22193821.0
Venezuela,,export_kg,1996.0,29700000.0,False,22662113.0
Venezuela,,export_kg,1997.0,6300000.0,False,23131685.0
Venezuela,,export_kg,1998.0,16080000.0,False,23601337.0
Venezuela,,export_kg,1999.0,27840000.0,False,24066593.0
Venezuela,,export_kg,2000.0,2280000.0,False,24526708.0
Venezuela,,export_kg,2001.0,1560000.0,False,24979922.0
Venezuela,,export_kg,2002.0,11520000.0,False,25435671.0
Venezuela,,export_kg,2003.0,15600000.0,False,25892703.0
Venezuela,,export_kg,2004.0,10200000.0,False,26340838.0
Venezuela,,export_kg,2005.0,1320000.0,False,26785804.0
Venezuela,,export_kg,2006.0,3900000.0,False,27224686.0
Venezuela,,export_kg,2007.0,4200000.0,False,27649363.0
Venezuela,,export_kg,2008.0,7500000.0,False,28053696.0
Venezuela,,export_kg,2009.0,1080000.0,False,28438298.0
Venezuela,,export_kg,2010.0,1140000.0,False,28813101.0
Venezuela,,export_kg,2011.0,0.0,False,29185212.0
Venezuela,,export_kg,2012.0,120000.0,False,29553826.0
Venezuela,,export_kg,2013.0,360000.0,False,29912198.0
Venezuela,,export_kg,2014.0,0.0,False,30254079.0
Venezuela,,export_kg,2015.0,60000.0,False,30573972.0
Venezuela,,export_kg,2016.0,0.0,False,30765720.0
Venezuela,,export_kg,2017.0,0.0,False,30565323.0
Venezuela,,export_kg,2018.0,4320000.0,False,29807592.0
Venezuela,,export_kg,2019.0,3180000.0,False,28938098.0
Viet Nam,,export_kg,1990.0,68700000.0,False,65504552.0
Viet Nam,,export_kg,1991.0,72060000.0,False,66891775.0
Viet Nam,,export_kg,1992.0,116280000.0,False,68260337.0
Viet Nam,,export_kg,1993.0,124320000.0,False,69586384.0
Viet Nam,,export_kg,1994.0,163260000.0,False,70854391.0
Viet Nam,,export_kg,1995.0,212760000.0,False,72049940.0
Viet Nam,,export_kg,1996.0,226740000.0,False,73156447.0
Viet Nam,,export_kg,1997.0,370680000.0,False,74226889.0
Viet Nam,,export_kg,1998.0,388020000.0,False,75299660.0
Viet Nam,,export_kg,1999.0,463620000.0,False,76287452.0
Viet Nam,,export_kg,2000.0,697080000.0,False,77154011.0
Viet Nam,,export_kg,2001.0,846360000.0,False,77969361.0
Viet Nam,,export_kg,2002.0,706260000.0,False,78772224.0
Viet Nam,,export_kg,2003.0,697860000.0,False,79563777.0
Viet Nam,,export_kg,2004.0,891540000.0,False,80338971.0
Viet Nam,,export_kg,2005.0,805920000.0,False,81088313.0
Viet Nam,,export_kg,2006.0,834300000.0,False,82167897.0
Viet Nam,,export_kg,2007.0,1076160000.0,False,83633375.0
Viet Nam,,export_kg,2008.0,966060000.0,False,85175788.0
Viet Nam,,export_kg,2009.0,1023120000.0,False,86460018.0
Viet Nam,,export_kg,2010.0,853740000.0,False,87455152.0
Viet Nam,,export_kg,2011.0,1063020000.0,False,88468314.0
Viet Nam,,export_kg,2012.0,1375200000.0,False,89510356.0
Viet Nam,,export_kg,2013.0,1183080000.0,False,90573104.0
Viet Nam,,export_kg,2014.0,1565820000.0,False,91679578.0
Viet Nam,,export_kg,2015.0,1316640000.0,False,92823254.0
Viet Nam,,export_kg,2016.0,1783260000.0,False,94000117.0
Viet Nam,,export_kg,2017.0,1505520000.0,False,95176977.0
Viet Nam,,export_kg,2018.0,1883100000.0,False,96237319.0
Viet Nam,,export_kg,2019.0,1644000000.0,False,97173776.0
Yemen,,export_kg,1990.0,3000000.0,False,13887862.0
Yemen,,export_kg,1991.0,4320000.0,False,14430201.0
Yemen,,export_kg,1992.0,2220000.0,False,14989494.0
Yemen,,export_kg,1993.0,3060000.0,False,15563914.0
Yemen,,export_kg,1994.0,5580000.0,False,16149147.0
Yemen,,export_kg,1995.0,4620000.0,False,16740058.0
Yemen,,export_kg,1996.0,2520000.0,False,17313177.0
Yemen,,export_kg,1997.0,4800000.0,False,17873936.0
Yemen,,export_kg,1998.0,4260000.0,False,18446013.0
Yemen,,export_kg,1999.0,4080000.0,False,19029420.0
Yemen,,export_kg,2000.0,3480000.0,False,19624141.0
Yemen,,export_kg,2001.0,3960000.0,False,20226147.0
Yemen,,export_kg,2002.0,3660000.0,False,20835086.0
Yemen,,export_kg,2003.0,3300000.0,False,21456379.0
Yemen,,export_kg,2004.0,2700000.0,False,22095167.0
Yemen,,export_kg,2005.0,4680000.0,False,22790085.0
Yemen,,export_kg,2006.0,3660000.0,False,23543083.0
Yemen,,export_kg,2007.0,4320000.0,False,24318082.0
Yemen,,export_kg,2008.0,4020000.0,False,25111941.0
Yemen,,export_kg,2009.0,2340000.0,False,25927724.0
Yemen,,export_kg,2010.0,2640000.0,False,26754387.0
Yemen,,export_kg,2011.0,2100000.0,False,27582897.0
Yemen,,export_kg,2012.0,3780000.0,False,28433647.0
Yemen,,export_kg,2013.0,3300000.0,False,29312952.0
Yemen,,export_kg,2014.0,3420000.0,False,30226309.0
Yemen,,export_kg,2015.0,3120000.0,False,31159379.0
Yemen,,export_kg,2016.0,2280000.0,False,32109010.0
Yemen,,export_kg,2017.0,2760000.0,False,33090921.0
Yemen,,export_kg,2018.0,2520000.0,False,34085182.0
Yemen,,export_kg,2019.0,720000.0,False,35111408.0
Zambia,,export_kg,1990.0,1440000.0,False,7786169.0
Zambia,,export_kg,1991.0,1740000.0,False,7981650.0
Zambia,,export_kg,1992.0,1860000.0,False,8176680.0
Zambia,,export_kg,1993.0,1380000.0,False,8373921.0
Zambia,,export_kg,1994.0,1440000.0,False,8576269.0
Zambia,,export_kg,1995.0,1260000.0,False,8785763.0
Zambia,,export_kg,1996.0,2160000.0,False,9004053.0
Zambia,,export_kg,1997.0,2340000.0,False,9237063.0
Zambia,,export_kg,1998.0,1980000.0,False,9482408.0
Zambia,,export_kg,1999.0,3060000.0,False,9740005.0
Zambia,,export_kg,2000.0,3900000.0,False,10017631.0
Zambia,,export_kg,2001.0,6900000.0,False,10325185.0
Zambia,,export_kg,2002.0,5940000.0,False,10647949.0
Zambia,,export_kg,2003.0,7800000.0,False,10983595.0
Zambia,,export_kg,2004.0,6240000.0,False,11338198.0
Zambia,,export_kg,2005.0,6360000.0,False,11718819.0
Zambia,,export_kg,2006.0,4680000.0,False,12129553.0
Zambia,,export_kg,2007.0,3240000.0,False,12565085.0
Zambia,,export_kg,2008.0,2880000.0,False,13021324.0
Zambia,,export_kg,2009.0,1980000.0,False,13490389.0
Zambia,,export_kg,2010.0,1080000.0,False,13965594.0
Zambia,,export_kg,2011.0,540000.0,False,14437796.0
Zambia,,export_kg,2012.0,420000.0,False,14913629.0
Zambia,,export_kg,2013.0,600000.0,False,15398997.0
Zambia,,export_kg,2014.0,300000.0,False,15895315.0
Zambia,,export_kg,2015.0,180000.0,False,16399089.0
Zambia,,export_kg,2016.0,600000.0,False,16914423.0
Zambia,,export_kg,2017.0,780000.0,False,17441320.0
Zambia,,export_kg,2018.0,1560000.0,False,17973569.0
Zambia,,export_kg,2019.0,1620000.0,False,18513839.0
Zimbabwe,,export_kg,1990.0,15060000.0,False,10137281.0
Zimbabwe,,export_kg,1991.0,14340000.0,False,10404816.0
Zimbabwe,,export_kg,1992.0,9720000.0,False,10702700.0
Zimbabwe,,export_kg,1993.0,4200000.0,False,10860288.0
Zimbabwe,,export_kg,1994.0,1920000.0,False,10873148.0
Zimbabwe,,export_kg,1995.0,9420000.0,False,10974599.0
Zimbabwe,,export_kg,1996.0,9000000.0,False,11158360.0
Zimbabwe,,export_kg,1997.0,6540000.0,False,11369827.0
Zimbabwe,,export_kg,1998.0,9180000.0,False,11594297.0
Zimbabwe,,export_kg,1999.0,7860000.0,False,11783458.0
Zimbabwe,,export_kg,2000.0,7020000.0,False,11892055.0
Zimbabwe,,export_kg,2001.0,6300000.0,False,11971901.0
Zimbabwe,,export_kg,2002.0,7140000.0,False,12087653.0
Zimbabwe,,export_kg,2003.0,5820000.0,False,12232323.0
Zimbabwe,,export_kg,2004.0,6780000.0,False,12365896.0
Zimbabwe,,export_kg,2005.0,4260000.0,False,12483432.0
Zimbabwe,,export_kg,2006.0,3240000.0,False,12636445.0
Zimbabwe,,export_kg,2007.0,1920000.0,False,12804058.0
Zimbabwe,,export_kg,2008.0,1380000.0,False,12959149.0
Zimbabwe,,export_kg,2009.0,1080000.0,False,13142790.0
Zimbabwe,,export_kg,2010.0,420000.0,False,13356548.0
Zimbabwe,,export_kg,2011.0,300000.0,False,13595424.0
Zimbabwe,,export_kg,2012.0,240000.0,False,13817887.0
Zimbabwe,,export_kg,2013.0,120000.0,False,14013808.0
Zimbabwe,,export_kg,2014.0,660000.0,False,14207359.0
Zimbabwe,,export_kg,2015.0,660000.0,False,14399013.0
Zimbabwe,,export_kg,2016.0,720000.0,False,14600294.0
Zimbabwe,,export_kg,2017.0,120000.0,False,14812482.0
Zimbabwe,,export_kg,2018.0,300000.0,False,15034452.0
Zimbabwe,,export_kg,2019.0,360000.0,False,15271368.0
Brazil,,export_kg_imputed,2014.0,1915019363.312308,True,200085127.0
Brazil,,export_kg_imputed,2015.0,1899427610.1244729,True,201675532.0
Brazil,,export_kg_imputed,2019.0,2091270840.5923035,True,207455459.0
Austria,,green_coffee_inventory_kg,1990.0,19980000.0,False,7677850.0
Austria,,green_coffee_inventory_kg,1991.0,19980000.0,False,7754891.0
Austria,,green_coffee_inventory_kg,1992.0,22020000.0,False,7840709.0
Austria,,green_coffee_inventory_kg,1993.0,19980000.0,False,7905633.0
Austria,,green_coffee_inventory_kg,1994.0,16980000.0,False,7936118.0
Austria,,green_coffee_inventory_kg,1995.0,16440000.0,False,7948278.0
Austria,,green_coffee_inventory_kg,1996.0,14760000.0,False,7959017.0
Austria,,green_coffee_inventory_kg,1997.0,13860000.0,False,7968041.0
Austria,,green_coffee_inventory_kg,1998.0,12600000.0,False,7976789.0
Austria,,green_coffee_inventory_kg,1999.0,11280000.0,False,7992324.0
Austria,,green_coffee_inventory_kg,2000.0,9720000.0,False,8011566.0
Austria,,green_coffee_inventory_kg,2001.0,8520000.0,False,8042293.0
Austria,,green_coffee_inventory_kg,2002.0,8100000.0,False,8081957.0
Austria,,green_coffee_inventory_kg,2003.0,7860000.0,False,8121423.0
Austria,,green_coffee_inventory_kg,2004.0,7800000.0,False,8171966.0
Austria,,green_coffee_inventory_kg,2005.0,7740000.0,False,8227829.0
Austria,,green_coffee_inventory_kg,2006.0,7560000.0,False,8268641.0
Austria,,green_coffee_inventory_kg,2007.0,7680000.0,False,8295487.0
Austria,,green_coffee_inventory_kg,2008.0,7740000.0,False,8321496.0
Austria,,green_coffee_inventory_kg,2009.0,8280000.0,False,8343323.0
Austria,,green_coffee_inventory_kg,2010.0,8460000.0,False,8363404.0
Austria,,green_coffee_inventory_kg,2011.0,6660000.0,False,8391643.0
Austria,,green_coffee_inventory_kg,2012.0,5820000.0,False,8429991.0
Austria,,green_coffee_inventory_kg,2013.0,5520000.0,False,8479823.0
Austria,,green_coffee_inventory_kg,2014.0,5760000.0,False,8546356.0
Austria,,green_coffee_inventory_kg,2015.0,5760000.0,False,8642699.0
Austria,,green_coffee_inventory_kg,2016.0,5400000.0,False,8736668.0
Austria,,green_coffee_inventory_kg,2017.0,4800000.0,False,8797566.0
Austria,,green_coffee_inventory_kg,2018.0,4800000.0,False,8840521.0
Austria,,green_coffee_inventory_kg,2019.0,4800000.0,False,8879920.0
Cyprus,,green_coffee_inventory_kg,1990.0,600000.0,False,788351.0
Cyprus,,green_coffee_inventory_kg,1991.0,720000.0,False,798944.0
Cyprus,,green_coffee_inventory_kg,1992.0,600000.0,False,810341.0
Cyprus,,green_coffee_inventory_kg,1993.0,480000.0,False,826034.0
Cyprus,,green_coffee_inventory_kg,1994.0,780000.0,False,844667.0
Cyprus,,green_coffee_inventory_kg,1995.0,780000.0,False,862695.0
Cyprus,,green_coffee_inventory_kg,1996.0,720000.0,False,880290.0
Cyprus,,green_coffee_inventory_kg,1997.0,360000.0,False,897568.0
Cyprus,,green_coffee_inventory_kg,1998.0,540000.0,False,914548.0
Cyprus,,green_coffee_inventory_kg,1999.0,540000.0,False,931234.0
Cyprus,,green_coffee_inventory_kg,2000.0,600000.0,False,947667.0
Cyprus,,green_coffee_inventory_kg,2001.0,720000.0,False,964127.0
Cyprus,,green_coffee_inventory_kg,2002.0,780000.0,False,981440.0
Cyprus,,green_coffee_inventory_kg,2003.0,780000.0,False,999590.0
Cyprus,,green_coffee_inventory_kg,2004.0,360000.0,False,1017875.0
Cyprus,,green_coffee_inventory_kg,2005.0,420000.0,False,1036151.0
Cyprus,,green_coffee_inventory_kg,2006.0,480000.0,False,1054418.0
Cyprus,,green_coffee_inventory_kg,2007.0,480000.0,False,1072714.0
Cyprus,,green_coffee_inventory_kg,2008.0,480000.0,False,1091026.0
Cyprus,,green_coffee_inventory_kg,2009.0,300000.0,False,1109371.0
Cyprus,,green_coffee_inventory_kg,2010.0,300000.0,False,1127816.0
Cyprus,,green_coffee_inventory_kg,2011.0,360000.0,False,1146493.0
Cyprus,,green_coffee_inventory_kg,2012.0,240000.0,False,1165397.0
Cyprus,,green_coffee_inventory_kg,2013.0,420000.0,False,1183895.0
Cyprus,,green_coffee_inventory_kg,2014.0,720000.0,False,1201801.0
Cyprus,,green_coffee_inventory_kg,2015.0,360000.0,False,1219502.0
Cyprus,,green_coffee_inventory_kg,2016.0,120000.0,False,1237112.0
Cyprus,,green_coffee_inventory_kg,2017.0,180000.0,False,1254275.0
Cyprus,,green_coffee_inventory_kg,2018.0,300000.0,False,1270737.0
Cyprus,,green_coffee_inventory_kg,2019.0,0.0,False,1286671.0
Denmark,,green_coffee_inventory_kg,1990.0,5340000.0,False,5140939.0
Denmark,,green_coffee_inventory_kg,1991.0,5340000.0,False,5154298.0
Denmark,,green_coffee_inventory_kg,1992.0,5340000.0,False,5171370.0
Denmark,,green_coffee_inventory_kg,1993.0,5340000.0,False,5188628.0
Denmark,,green_coffee_inventory_kg,1994.0,5340000.0,False,5206180.0
Denmark,,green_coffee_inventory_kg,1995.0,5340000.0,False,5233373.0
Denmark,,green_coffee_inventory_kg,1996.0,5340000.0,False,5263074.0
Denmark,,green_coffee_inventory_kg,1997.0,5340000.0,False,5284991.0
Denmark,,green_coffee_inventory_kg,1998.0,5340000.0,False,5304219.0
Denmark,,green_coffee_inventory_kg,1999.0,5340000.0,False,5321799.0
Denmark,,green_coffee_inventory_kg,2000.0,5340000.0,False,5339616.0
Denmark,,green_coffee_inventory_kg,2001.0,5340000.0,False,5358783.0
Denmark,,green_coffee_inventory_kg,2002.0,5340000.0,False,5375931.0
Denmark,,green_coffee_inventory_kg,2003.0,5340000.0,False,5390574.0
Denmark,,green_coffee_inventory_kg,2004.0,5340000.0,False,5404523.0
Denmark,,green_coffee_inventory_kg,2005.0,5340000.0,False,5419432.0
Denmark,,green_coffee_inventory_kg,2006.0,5340000.0,False,5437272.0
Denmark,,green_coffee_inventory_kg,2007.0,5340000.0,False,5461438.0
Denmark,,green_coffee_inventory_kg,2008.0,5340000.0,False,5493621.0
Denmark,,green_coffee_inventory_kg,2009.0,5340000.0,False,5523095.0
Denmark,,green_coffee_inventory_kg,2010.0,5340000.0,False,5547683.0
Denmark,,green_coffee_inventory_kg,2011.0,5340000.0,False,5570572.0
Denmark,,green_coffee_inventory_kg,2012.0,5340000.0,False,5591572.0
Denmark,,green_coffee_inventory_kg,2013.0,5340000.0,False,5614932.0
Denmark,,green_coffee_inventory_kg,2014.0,5340000.0,False,5643475.0
Denmark,,green_coffee_inventory_kg,2015.0,5340000.0,False,5683483.0
Denmark,,green_coffee_inventory_kg,2016.0,5340000.0,False,5728010.0
Denmark,,green_coffee_inventory_kg,2017.0,5340000.0,False,5764980.0
Denmark,,green_coffee_inventory_kg,2018.0,5340000.0,False,5793636.0
Denmark,,green_coffee_inventory_kg,2019.0,5340000.0,False,5814422.0
Finland,,green_coffee_inventory_kg,1990.0,10560000.0,False,4986431.0
Finland,,green_coffee_inventory_kg,1991.0,13380000.0,False,5013740.0
Finland,,green_coffee_inventory_kg,1992.0,12780000.0,False,5041992.0
Finland,,green_coffee_inventory_kg,1993.0,11280000.0,False,5066447.0
Finland,,green_coffee_inventory_kg,1994.0,16920000.0,False,5088333.0
Finland,,green_coffee_inventory_kg,1995.0,13200000.0,False,5107790.0
Finland,,green_coffee_inventory_kg,1996.0,8400000.0,False,5124573.0
Finland,,green_coffee_inventory_kg,1997.0,10860000.0,False,5139835.0
Finland,,green_coffee_inventory_kg,1998.0,9720000.0,False,5153498.0
Finland,,green_coffee_inventory_kg,1999.0,10620000.0,False,5165474.0
Finland,,green_coffee_inventory_kg,2000.0,6060000.0,False,5176209.0
Finland,,green_coffee_inventory_kg,2001.0,5400000.0,False,5188008.0
Finland,,green_coffee_inventory_kg,2002.0,4620000.0,False,5200598.0
Finland,,green_coffee_inventory_kg,2003.0,5640000.0,False,5213014.0
Finland,,green_coffee_inventory_kg,2004.0,4980000.0,False,5228172.0
Finland,,green_coffee_inventory_kg,2005.0,4980000.0,False,5246096.0
Finland,,green_coffee_inventory_kg,2006.0,4980000.0,False,5266268.0
Finland,,green_coffee_inventory_kg,2007.0,4980000.0,False,5288720.0
Finland,,green_coffee_inventory_kg,2008.0,4980000.0,False,5313399.0
Finland,,green_coffee_inventory_kg,2009.0,4980000.0,False,5338871.0
Finland,,green_coffee_inventory_kg,2010.0,4980000.0,False,5363352.0
Finland,,green_coffee_inventory_kg,2011.0,4980000.0,False,5388272.0
Finland,,green_coffee_inventory_kg,2012.0,4980000.0,False,5413971.0
Finland,,green_coffee_inventory_kg,2013.0,4980000.0,False,5438972.0
Finland,,green_coffee_inventory_kg,2014.0,4980000.0,False,5461512.0
Finland,,green_coffee_inventory_kg,2015.0,4980000.0,False,5479531.0
Finland,,green_coffee_inventory_kg,2016.0,4980000.0,False,5495303.0
Finland,,green_coffee_inventory_kg,2017.0,4980000.0,False,5508214.0
Finland,,green_coffee_inventory_kg,2018.0,4980000.0,False,5515525.0
Finland,,green_coffee_inventory_kg,2019.0,4980000.0,False,5521606.0
France,,green_coffee_inventory_kg,1990.0,34380000.0,False,58261012.0
France,,green_coffee_inventory_kg,1991.0,33720000.0,False,58554242.0
France,,green_coffee_inventory_kg,1992.0,32220000.0,False,58846584.0
France,,green_coffee_inventory_kg,1993.0,23340000.0,False,59103094.0
France,,green_coffee_inventory_kg,1994.0,28860000.0,False,59324863.0
France,,green_coffee_inventory_kg,1995.0,18060000.0,False,59541294.0
France,,green_coffee_inventory_kg,1996.0,15960000.0,False,59754504.0
France,,green_coffee_inventory_kg,1997.0,19020000.0,False,59968066.0
France,,green_coffee_inventory_kg,1998.0,21000000.0,False,60190684.0
France,,green_coffee_inventory_kg,1999.0,18360000.0,False,60501986.0
France,,green_coffee_inventory_kg,2000.0,21060000.0,False,60918661.0
France,,green_coffee_inventory_kg,2001.0,35040000.0,False,61364377.0
France,,green_coffee_inventory_kg,2002.0,43140000.0,False,61812142.0
France,,green_coffee_inventory_kg,2003.0,39000000.0,False,62249855.0
France,,green_coffee_inventory_kg,2004.0,37260000.0,False,62707588.0
France,,green_coffee_inventory_kg,2005.0,31200000.0,False,63180854.0
France,,green_coffee_inventory_kg,2006.0,28560000.0,False,63622342.0
France,,green_coffee_inventory_kg,2007.0,22080000.0,False,64016890.0
France,,green_coffee_inventory_kg,2008.0,30240000.0,False,64375116.0
France,,green_coffee_inventory_kg,2009.0,28980000.0,False,64706436.0
France,,green_coffee_inventory_kg,2010.0,25620000.0,False,65026211.0
France,,green_coffee_inventory_kg,2011.0,24840000.0,False,65340830.0
France,,green_coffee_inventory_kg,2012.0,26760000.0,False,65657659.0
France,,green_coffee_inventory_kg,2013.0,26280000.0,False,65997932.0
France,,green_coffee_inventory_kg,2014.0,29940000.0,False,66312067.0
France,,green_coffee_inventory_kg,2015.0,30420000.0,False,66548272.0
France,,green_coffee_inventory_kg,2016.0,34320000.0,False,66724104.0
France,,green_coffee_inventory_kg,2017.0,28500000.0,False,66918020.0
France,,green_coffee_inventory_kg,2018.0,27840000.0,False,67158348.0
France,,green_coffee_inventory_kg,2019.0,27120000.0,False,67382061.0
Germany,,green_coffee_inventory_kg,1990.0,240000000.0,False,79433029.0
Germany,,green_coffee_inventory_kg,1991.0,96000000.0,False,80013896.0
Germany,,green_coffee_inventory_kg,1992.0,150000000.0,False,80624598.0
Germany,,green_coffee_inventory_kg,1993.0,120000000.0,False,81156363.0
Germany,,green_coffee_inventory_kg,1994.0,234000000.0,False,81438348.0
Germany,,green_coffee_inventory_kg,1995.0,138000000.0,False,81678051.0
Germany,,green_coffee_inventory_kg,1996.0,96000000.0,False,81914831.0
Germany,,green_coffee_inventory_kg,1997.0,114000000.0,False,82034771.0
Germany,,green_coffee_inventory_kg,1998.0,96000000.0,False,82047195.0
Germany,,green_coffee_inventory_kg,1999.0,132000000.0,False,82100243.0
Germany,,green_coffee_inventory_kg,2000.0,150000000.0,False,82211508.0
Germany,,green_coffee_inventory_kg,2001.0,171000000.0,False,82349925.0
Germany,,green_coffee_inventory_kg,2002.0,214800000.0,False,82488495.0
Germany,,green_coffee_inventory_kg,2003.0,197400000.0,False,82534176.0
Germany,,green_coffee_inventory_kg,2004.0,191400000.0,False,82516260.0
Germany,,green_coffee_inventory_kg,2005.0,173100000.0,False,82469422.0
Germany,,green_coffee_inventory_kg,2006.0,186060000.0,False,82376451.0
Germany,,green_coffee_inventory_kg,2007.0,200460000.0,False,82266372.0
Germany,,green_coffee_inventory_kg,2008.0,192660000.0,False,82110097.0
Germany,,green_coffee_inventory_kg,2009.0,174660000.0,False,81902307.0
Germany,,green_coffee_inventory_kg,2010.0,160800000.0,False,81776930.0
Germany,,green_coffee_inventory_kg,2011.0,147720000.0,False,80274983.0
Germany,,green_coffee_inventory_kg,2012.0,171540000.0,False,80425823.0
Germany,,green_coffee_inventory_kg,2013.0,158160000.0,False,80645605.0
Germany,,green_coffee_inventory_kg,2014.0,187200000.0,False,80982500.0
Germany,,green_coffee_inventory_kg,2015.0,211140000.0,False,81686611.0
Germany,,green_coffee_inventory_kg,2016.0,239460000.0,False,82348669.0
Germany,,green_coffee_inventory_kg,2017.0,216060000.0,False,82657002.0
Germany,,green_coffee_inventory_kg,2018.0,211080000.0,False,82905782.0
Germany,,green_coffee_inventory_kg,2019.0,208740000.0,False,83092962.0
Ireland,,green_coffee_inventory_kg,1990.0,0.0,False,3513974.0
Ireland,,green_coffee_inventory_kg,1991.0,0.0,False,3534235.0
Ireland,,green_coffee_inventory_kg,1992.0,0.0,False,3558430.0
Ireland,,green_coffee_inventory_kg,1993.0,0.0,False,3576261.0
Ireland,,green_coffee_inventory_kg,1994.0,0.0,False,3590386.0
Ireland,,green_coffee_inventory_kg,1995.0,0.0,False,3608841.0
Ireland,,green_coffee_inventory_kg,1996.0,0.0,False,3637510.0
Ireland,,green_coffee_inventory_kg,1997.0,0.0,False,3674171.0
Ireland,,green_coffee_inventory_kg,1998.0,0.0,False,3712696.0
Ireland,,green_coffee_inventory_kg,1999.0,0.0,False,3754786.0
Ireland,,green_coffee_inventory_kg,2000.0,0.0,False,3805174.0
Ireland,,green_coffee_inventory_kg,2001.0,0.0,False,3866243.0
Ireland,,green_coffee_inventory_kg,2002.0,360000.0,False,3931947.0
Ireland,,green_coffee_inventory_kg,2003.0,420000.0,False,3996521.0
Ireland,,green_coffee_inventory_kg,2004.0,600000.0,False,4070262.0
Ireland,,green_coffee_inventory_kg,2005.0,480000.0,False,4159914.0
Ireland,,green_coffee_inventory_kg,2006.0,360000.0,False,4273591.0
Ireland,,green_coffee_inventory_kg,2007.0,660000.0,False,4398942.0
Ireland,,green_coffee_inventory_kg,2008.0,480000.0,False,4489544.0
Ireland,,green_coffee_inventory_kg,2009.0,420000.0,False,4535375.0
Ireland,,green_coffee_inventory_kg,2010.0,240000.0,False,4560155.0
Ireland,,green_coffee_inventory_kg,2011.0,360000.0,False,4580084.0
Ireland,,green_coffee_inventory_kg,2012.0,420000.0,False,4599533.0
Ireland,,green_coffee_inventory_kg,2013.0,360000.0,False,4623816.0
Ireland,,green_coffee_inventory_kg,2014.0,360000.0,False,4657740.0
Ireland,,green_coffee_inventory_kg,2015.0,240000.0,False,4701957.0
Ireland,,green_coffee_inventory_kg,2016.0,240000.0,False,4762722.0
Ireland,,green_coffee_inventory_kg,2017.0,180000.0,False,4827445.0
Ireland,,green_coffee_inventory_kg,2018.0,180000.0,False,4898022.0
Ireland,,green_coffee_inventory_kg,2019.0,180000.0,False,4976456.0
Italy,,green_coffee_inventory_kg,1990.0,12900000.0,False,56719240.0
Italy,,green_coffee_inventory_kg,1991.0,11340000.0,False,56758521.0
Italy,,green_coffee_inventory_kg,1992.0,11220000.0,False,56797087.0
Italy,,green_coffee_inventory_kg,1993.0,13680000.0,False,56831821.0
Italy,,green_coffee_inventory_kg,1994.0,13320000.0,False,56843400.0
Italy,,green_coffee_inventory_kg,1995.0,13020000.0,False,56844303.0
Italy,,green_coffee_inventory_kg,1996.0,13380000.0,False,56860281.0
Italy,,green_coffee_inventory_kg,1997.0,13620000.0,False,56890372.0
Italy,,green_coffee_inventory_kg,1998.0,14040000.0,False,56906744.0
Italy,,green_coffee_inventory_kg,1999.0,14100000.0,False,56916317.0
Italy,,green_coffee_inventory_kg,2000.0,14700000.0,False,56942108.0
Italy,,green_coffee_inventory_kg,2001.0,15180000.0,False,56976981.0
Italy,,green_coffee_inventory_kg,2002.0,15180000.0,False,57089824.0
Italy,,green_coffee_inventory_kg,2003.0,15900000.0,False,57399184.0
Italy,,green_coffee_inventory_kg,2004.0,16140000.0,False,57828179.0
Italy,,green_coffee_inventory_kg,2005.0,16680000.0,False,58166682.0
Italy,,green_coffee_inventory_kg,2006.0,17640000.0,False,58399861.0
Italy,,green_coffee_inventory_kg,2007.0,18840000.0,False,58756247.0
Italy,,green_coffee_inventory_kg,2008.0,19020000.0,False,59211181.0
Italy,,green_coffee_inventory_kg,2009.0,19020000.0,False,59555454.0
Italy,,green_coffee_inventory_kg,2010.0,19560000.0,False,59819407.0
Italy,,green_coffee_inventory_kg,2011.0,19740000.0,False,60026841.0
Italy,,green_coffee_inventory_kg,2012.0,20760000.0,False,60191247.0
Italy,,green_coffee_inventory_kg,2013.0,21120000.0,False,60311613.0
Italy,,green_coffee_inventory_kg,2014.0,22260000.0,False,60320707.0
Italy,,green_coffee_inventory_kg,2015.0,22200000.0,False,60229605.0
Italy,,green_coffee_inventory_kg,2016.0,24180000.0,False,60115223.0
Italy,,green_coffee_inventory_kg,2017.0,23760000.0,False,60002252.0
Italy,,green_coffee_inventory_kg,2018.0,25260000.0,False,59877221.0
Italy,,green_coffee_inventory_kg,2019.0,25680000.0,False,59729081.0
Japan,,green_coffee_inventory_kg,1990.0,90000000.0,False,123478000.0
Japan,,green_coffee_inventory_kg,1991.0,70020000.0,False,123964000.0
Japan,,green_coffee_inventory_kg,1992.0,79980000.0,False,124425000.0
Japan,,green_coffee_inventory_kg,1993.0,75000000.0,False,124829000.0
Japan,,green_coffee_inventory_kg,1994.0,88020000.0,False,125178000.0
Japan,,green_coffee_inventory_kg,1995.0,49980000.0,False,125472000.0
Japan,,green_coffee_inventory_kg,1996.0,58980000.0,False,125757000.0
Japan,,green_coffee_inventory_kg,1997.0,55020000.0,False,126057000.0
Japan,,green_coffee_inventory_kg,1998.0,52980000.0,False,126400000.0
Japan,,green_coffee_inventory_kg,1999.0,69000000.0,False,126631000.0
Japan,,green_coffee_inventory_kg,2000.0,84000000.0,False,126843000.0
Japan,,green_coffee_inventory_kg,2001.0,82980000.0,False,127149000.0
Japan,,green_coffee_inventory_kg,2002.0,103020000.0,False,127445000.0
Japan,,green_coffee_inventory_kg,2003.0,103980000.0,False,127718000.0
Japan,,green_coffee_inventory_kg,2004.0,106980000.0,False,127761000.0
Japan,,green_coffee_inventory_kg,2005.0,120000000.0,False,127773000.0
Japan,,green_coffee_inventory_kg,2006.0,139020000.0,False,127854000.0
Japan,,green_coffee_inventory_kg,2007.0,121980000.0,False,128001000.0
Japan,,green_coffee_inventory_kg,2008.0,111000000.0,False,128063000.0
Japan,,green_coffee_inventory_kg,2009.0,100980000.0,False,128047000.0
Japan,,green_coffee_inventory_kg,2010.0,105300000.0,False,128070000.0
Japan,,green_coffee_inventory_kg,2011.0,132240000.0,False,127833000.0
Japan,,green_coffee_inventory_kg,2012.0,121620000.0,False,127629000.0
Japan,,green_coffee_inventory_kg,2013.0,172860000.0,False,127445000.0
Japan,,green_coffee_inventory_kg,2014.0,176040000.0,False,127276000.0
Japan,,green_coffee_inventory_kg,2015.0,191100000.0,False,127141000.0
Japan,,green_coffee_inventory_kg,2016.0,193740000.0,False,127076000.0
Japan,,green_coffee_inventory_kg,2017.0,181260000.0,False,126972000.0
Japan,,green_coffee_inventory_kg,2018.0,156180000.0,False,126811000.0
Japan,,green_coffee_inventory_kg,2019.0,176040000.0,False,126633000.0
Netherlands,,green_coffee_inventory_kg,1990.0,105120000.0,False,14951510.0
Netherlands,,green_coffee_inventory_kg,1991.0,105120000.0,False,15069798.0
Netherlands,,green_coffee_inventory_kg,1992.0,62880000.0,False,15184166.0
Netherlands,,green_coffee_inventory_kg,1993.0,42420000.0,False,15290368.0
Netherlands,,green_coffee_inventory_kg,1994.0,42420000.0,False,15382838.0
Netherlands,,green_coffee_inventory_kg,1995.0,42420000.0,False,15459006.0
Netherlands,,green_coffee_inventory_kg,1996.0,42420000.0,False,15530498.0
Netherlands,,green_coffee_inventory_kg,1997.0,42420000.0,False,15610650.0
Netherlands,,green_coffee_inventory_kg,1998.0,42420000.0,False,15707209.0
Netherlands,,green_coffee_inventory_kg,1999.0,42420000.0,False,15812088.0
Netherlands,,green_coffee_inventory_kg,2000.0,42420000.0,False,15925513.0
Netherlands,,green_coffee_inventory_kg,2001.0,42420000.0,False,16046180.0
Netherlands,,green_coffee_inventory_kg,2002.0,42420000.0,False,16148929.0
Netherlands,,green_coffee_inventory_kg,2003.0,42420000.0,False,16225302.0
Netherlands,,green_coffee_inventory_kg,2004.0,42420000.0,False,16281779.0
Netherlands,,green_coffee_inventory_kg,2005.0,42420000.0,False,16319868.0
Netherlands,,green_coffee_inventory_kg,2006.0,42420000.0,False,16346101.0
Netherlands,,green_coffee_inventory_kg,2007.0,42420000.0,False,16381696.0
Netherlands,,green_coffee_inventory_kg,2008.0,42420000.0,False,16445593.0
Netherlands,,green_coffee_inventory_kg,2009.0,42420000.0,False,16530388.0
Netherlands,,green_coffee_inventory_kg,2010.0,42420000.0,False,16615394.0
Netherlands,,green_coffee_inventory_kg,2011.0,42420000.0,False,16693074.0
Netherlands,,green_coffee_inventory_kg,2012.0,42420000.0,False,16754962.0
Netherlands,,green_coffee_inventory_kg,2013.0,42420000.0,False,16804432.0
Netherlands,,green_coffee_inventory_kg,2014.0,42420000.0,False,16865008.0
Netherlands,,green_coffee_inventory_kg,2015.0,42420000.0,False,16939923.0
Netherlands,,green_coffee_inventory_kg,2016.0,42420000.0,False,17030314.0
Netherlands,,green_coffee_inventory_kg,2017.0,42420000.0,False,17131296.0
Netherlands,,green_coffee_inventory_kg,2018.0,42420000.0,False,17231624.0
Netherlands,,green_coffee_inventory_kg,2019.0,42420000.0,False,17344874.0
Norway,,green_coffee_inventory_kg,1990.0,7440000.0,False,4241473.0
Norway,,green_coffee_inventory_kg,1991.0,7440000.0,False,4261732.0
Norway,,green_coffee_inventory_kg,1992.0,7440000.0,False,4286401.0
Norway,,green_coffee_inventory_kg,1993.0,7440000.0,False,4311991.0
Norway,,green_coffee_inventory_kg,1994.0,7440000.0,False,4336613.0
Norway,,green_coffee_inventory_kg,1995.0,7440000.0,False,4359184.0
Norway,,green_coffee_inventory_kg,1996.0,7440000.0,False,4381336.0
Norway,,green_coffee_inventory_kg,1997.0,7440000.0,False,4405157.0
Norway,,green_coffee_inventory_kg,1998.0,7440000.0,False,4431464.0
Norway,,green_coffee_inventory_kg,1999.0,7440000.0,False,4461913.0
Norway,,green_coffee_inventory_kg,2000.0,7440000.0,False,4490967.0
Norway,,green_coffee_inventory_kg,2001.0,7440000.0,False,4513751.0
Norway,,green_coffee_inventory_kg,2002.0,7440000.0,False,4538159.0
Norway,,green_coffee_inventory_kg,2003.0,7440000.0,False,4564855.0
Norway,,green_coffee_inventory_kg,2004.0,7440000.0,False,4591910.0
Norway,,green_coffee_inventory_kg,2005.0,7440000.0,False,4623291.0
Norway,,green_coffee_inventory_kg,2006.0,7440000.0,False,4660677.0
Norway,,green_coffee_inventory_kg,2007.0,7440000.0,False,4709153.0
Norway,,green_coffee_inventory_kg,2008.0,7440000.0,False,4768212.0
Norway,,green_coffee_inventory_kg,2009.0,7440000.0,False,4828726.0
Norway,,green_coffee_inventory_kg,2010.0,7440000.0,False,4889252.0
Norway,,green_coffee_inventory_kg,2011.0,7440000.0,False,4953088.0
Norway,,green_coffee_inventory_kg,2012.0,7440000.0,False,5018573.0
Norway,,green_coffee_inventory_kg,2013.0,7440000.0,False,5079623.0
Norway,,green_coffee_inventory_kg,2014.0,7440000.0,False,5137232.0
Norway,,green_coffee_inventory_kg,2015.0,7440000.0,False,5188607.0
Norway,,green_coffee_inventory_kg,2016.0,7440000.0,False,5234519.0
Norway,,green_coffee_inventory_kg,2017.0,7440000.0,False,5276968.0
Norway,,green_coffee_inventory_kg,2018.0,7440000.0,False,5311916.0
Norway,,green_coffee_inventory_kg,2019.0,7440000.0,False,5347896.0
Portugal,,green_coffee_inventory_kg,1990.0,4080000.0,False,9983218.0
Portugal,,green_coffee_inventory_kg,1991.0,8580000.0,False,9960235.0
Portugal,,green_coffee_inventory_kg,1992.0,7260000.0,False,9952494.0
Portugal,,green_coffee_inventory_kg,1993.0,13200000.0,False,9964675.0
Portugal,,green_coffee_inventory_kg,1994.0,9540000.0,False,9991525.0
Portugal,,green_coffee_inventory_kg,1995.0,5160000.0,False,10026176.0
Portugal,,green_coffee_inventory_kg,1996.0,6900000.0,False,10063945.0
Portugal,,green_coffee_inventory_kg,1997.0,7860000.0,False,10108977.0
Portugal,,green_coffee_inventory_kg,1998.0,6060000.0,False,10160196.0
Portugal,,green_coffee_inventory_kg,1999.0,4920000.0,False,10217828.0
Portugal,,green_coffee_inventory_kg,2000.0,7440000.0,False,10289898.0
Portugal,,green_coffee_inventory_kg,2001.0,6360000.0,False,10362722.0
Portugal,,green_coffee_inventory_kg,2002.0,6660000.0,False,10419631.0
Portugal,,green_coffee_inventory_kg,2003.0,10680000.0,False,10458821.0
Portugal,,green_coffee_inventory_kg,2004.0,10200000.0,False,10483861.0
Portugal,,green_coffee_inventory_kg,2005.0,9000000.0,False,10503330.0
Portugal,,green_coffee_inventory_kg,2006.0,7800000.0,False,10522288.0
Portugal,,green_coffee_inventory_kg,2007.0,7200000.0,False,10542964.0
Portugal,,green_coffee_inventory_kg,2008.0,6600000.0,False,10558177.0
Portugal,,green_coffee_inventory_kg,2009.0,6000000.0,False,10568247.0
Portugal,,green_coffee_inventory_kg,2010.0,6060000.0,False,10573100.0
Portugal,,green_coffee_inventory_kg,2011.0,5400000.0,False,10557560.0
Portugal,,green_coffee_inventory_kg,2012.0,6600000.0,False,10514844.0
Portugal,,green_coffee_inventory_kg,2013.0,7200000.0,False,10457295.0
Portugal,,green_coffee_inventory_kg,2014.0,6000000.0,False,10401062.0
Portugal,,green_coffee_inventory_kg,2015.0,7740000.0,False,10358076.0
Portugal,,green_coffee_inventory_kg,2016.0,7740000.0,False,10325452.0
Portugal,,green_coffee_inventory_kg,2017.0,7740000.0,False,10300300.0
Portugal,,green_coffee_inventory_kg,2018.0,7740000.0,False,10283822.0
Portugal,,green_coffee_inventory_kg,2019.0,7740000.0,False,10286263.0
Spain,,green_coffee_inventory_kg,1990.0,12000000.0,False,38867322.0
Spain,,green_coffee_inventory_kg,1991.0,15000000.0,False,38966376.0
Spain,,green_coffee_inventory_kg,1992.0,19980000.0,False,39157685.0
Spain,,green_coffee_inventory_kg,1993.0,15000000.0,False,39361262.0
Spain,,green_coffee_inventory_kg,1994.0,16020000.0,False,39549108.0
Spain,,green_coffee_inventory_kg,1995.0,17040000.0,False,39724050.0
Spain,,green_coffee_inventory_kg,1996.0,18180000.0,False,39889852.0
Spain,,green_coffee_inventory_kg,1997.0,19380000.0,False,40057389.0
Spain,,green_coffee_inventory_kg,1998.0,20640000.0,False,40223509.0
Spain,,green_coffee_inventory_kg,1999.0,22020000.0,False,40386875.0
Spain,,green_coffee_inventory_kg,2000.0,23460000.0,False,40567864.0
Spain,,green_coffee_inventory_kg,2001.0,25020000.0,False,40850412.0
Spain,,green_coffee_inventory_kg,2002.0,26640000.0,False,41431558.0
Spain,,green_coffee_inventory_kg,2003.0,28440000.0,False,42187645.0
Spain,,green_coffee_inventory_kg,2004.0,30300000.0,False,42921895.0
Spain,,green_coffee_inventory_kg,2005.0,24060000.0,False,43653155.0
Spain,,green_coffee_inventory_kg,2006.0,27720000.0,False,44397319.0
Spain,,green_coffee_inventory_kg,2007.0,37080000.0,False,45226803.0
Spain,,green_coffee_inventory_kg,2008.0,33300000.0,False,45954106.0
Spain,,green_coffee_inventory_kg,2009.0,34200000.0,False,46362946.0
Spain,,green_coffee_inventory_kg,2010.0,34200000.0,False,46576897.0
Spain,,green_coffee_inventory_kg,2011.0,34200000.0,False,46742697.0
Spain,,green_coffee_inventory_kg,2012.0,34200000.0,False,46773055.0
Spain,,green_coffee_inventory_kg,2013.0,50220000.0,False,46604197.0
Spain,,green_coffee_inventory_kg,2014.0,38400000.0,False,46460733.0
Spain,,green_coffee_inventory_kg,2015.0,38220000.0,False,46422303.0
Spain,,green_coffee_inventory_kg,2016.0,44040000.0,False,46458139.0
Spain,,green_coffee_inventory_kg,2017.0,43380000.0,False,46571232.0
Spain,,green_coffee_inventory_kg,2018.0,42900000.0,False,46782011.0
Spain,,green_coffee_inventory_kg,2019.0,40200000.0,False,47118501.0
Sweden,,green_coffee_inventory_kg,1990.0,5220000.0,False,8558835.0
Sweden,,green_coffee_inventory_kg,1991.0,5220000.0,False,8617375.0
Sweden,,green_coffee_inventory_kg,1992.0,5220000.0,False,8668067.0
Sweden,,green_coffee_inventory_kg,1993.0,5220000.0,False,8718561.0
Sweden,,green_coffee_inventory_kg,1994.0,5220000.0,False,8780745.0
Sweden,,green_coffee_inventory_kg,1995.0,5220000.0,False,8826939.0
Sweden,,green_coffee_inventory_kg,1996.0,5220000.0,False,8840998.0
Sweden,,green_coffee_inventory_kg,1997.0,5220000.0,False,8846062.0
Sweden,,green_coffee_inventory_kg,1998.0,5220000.0,False,8850974.0
Sweden,,green_coffee_inventory_kg,1999.0,5220000.0,False,8857874.0
Sweden,,green_coffee_inventory_kg,2000.0,5220000.0,False,8872109.0
Sweden,,green_coffee_inventory_kg,2001.0,5220000.0,False,8895960.0
Sweden,,green_coffee_inventory_kg,2002.0,5220000.0,False,8924958.0
Sweden,,green_coffee_inventory_kg,2003.0,5220000.0,False,8958229.0
Sweden,,green_coffee_inventory_kg,2004.0,5220000.0,False,8993531.0
Sweden,,green_coffee_inventory_kg,2005.0,5220000.0,False,9029572.0
Sweden,,green_coffee_inventory_kg,2006.0,5220000.0,False,9080505.0
Sweden,,green_coffee_inventory_kg,2007.0,5220000.0,False,9148092.0
Sweden,,green_coffee_inventory_kg,2008.0,5220000.0,False,9219637.0
Sweden,,green_coffee_inventory_kg,2009.0,5220000.0,False,9298515.0
Sweden,,green_coffee_inventory_kg,2010.0,5220000.0,False,9378126.0
Sweden,,green_coffee_inventory_kg,2011.0,5220000.0,False,9449213.0
Sweden,,green_coffee_inventory_kg,2012.0,5220000.0,False,9519374.0
Sweden,,green_coffee_inventory_kg,2013.0,5220000.0,False,9600379.0
Sweden,,green_coffee_inventory_kg,2014.0,5220000.0,False,9696110.0
Sweden,,green_coffee_inventory_kg,2015.0,5220000.0,False,9799186.0
Sweden,,green_coffee_inventory_kg,2016.0,5220000.0,False,9923085.0
Sweden,,green_coffee_inventory_kg,2017.0,5220000.0,False,10057698.0
Sweden,,green_coffee_inventory_kg,2018.0,5220000.0,False,10175214.0
Sweden,,green_coffee_inventory_kg,2019.0,5220000.0,False,10278887.0
Switzerland,,green_coffee_inventory_kg,1990.0,19260000.0,False,6715519.0
Switzerland,,green_coffee_inventory_kg,1991.0,21060000.0,False,6799978.0
Switzerland,,green_coffee_inventory_kg,1992.0,18120000.0,False,6875364.0
Switzerland,,green_coffee_inventory_kg,1993.0,19620000.0,False,6938265.0
Switzerland,,green_coffee_inventory_kg,1994.0,17160000.0,False,6993795.0
Switzerland,,green_coffee_inventory_kg,1995.0,11580000.0,False,7040687.0
Switzerland,,green_coffee_inventory_kg,1996.0,8400000.0,False,7071850.0
Switzerland,,green_coffee_inventory_kg,1997.0,7080000.0,False,7088906.0
Switzerland,,green_coffee_inventory_kg,1998.0,9900000.0,False,7110001.0
Switzerland,,green_coffee_inventory_kg,1999.0,8340000.0,False,7143991.0
Switzerland,,green_coffee_inventory_kg,2000.0,10260000.0,False,7184250.0
Switzerland,,green_coffee_inventory_kg,2001.0,13680000.0,False,7229854.0
Switzerland,,green_coffee_inventory_kg,2002.0,10920000.0,False,7284753.0
Switzerland,,green_coffee_inventory_kg,2003.0,13680000.0,False,7339001.0
Switzerland,,green_coffee_inventory_kg,2004.0,13800000.0,False,7389625.0
Switzerland,,green_coffee_inventory_kg,2005.0,12240000.0,False,7437115.0
Switzerland,,green_coffee_inventory_kg,2006.0,9240000.0,False,7483934.0
Switzerland,,green_coffee_inventory_kg,2007.0,8700000.0,False,7551117.0
Switzerland,,green_coffee_inventory_kg,2008.0,5460000.0,False,7647675.0
Switzerland,,green_coffee_inventory_kg,2009.0,9660000.0,False,7743831.0
Switzerland,,green_coffee_inventory_kg,2010.0,9240000.0,False,7824909.0
Switzerland,,green_coffee_inventory_kg,2011.0,12180000.0,False,7912398.0
Switzerland,,green_coffee_inventory_kg,2012.0,12540000.0,False,7996861.0
Switzerland,,green_coffee_inventory_kg,2013.0,12360000.0,False,8089346.0
Switzerland,,green_coffee_inventory_kg,2014.0,12360000.0,False,8188649.0
Switzerland,,green_coffee_inventory_kg,2015.0,13020000.0,False,8282396.0
Switzerland,,green_coffee_inventory_kg,2016.0,13140000.0,False,8373338.0
Switzerland,,green_coffee_inventory_kg,2017.0,22080000.0,False,8451840.0
Switzerland,,green_coffee_inventory_kg,2018.0,20280000.0,False,8514329.0
Switzerland,,green_coffee_inventory_kg,2019.0,22740000.0,False,8575280.0
United Kingdom,,green_coffee_inventory_kg,1990.0,11340000.0,False,57247586.0
United Kingdom,,green_coffee_inventory_kg,1991.0,10080000.0,False,57424897.0
United Kingdom,,green_coffee_inventory_kg,1992.0,10200000.0,False,57580402.0
United Kingdom,,green_coffee_inventory_kg,1993.0,12240000.0,False,57718614.0
United Kingdom,,green_coffee_inventory_kg,1994.0,12780000.0,False,57865745.0
United Kingdom,,green_coffee_inventory_kg,1995.0,11220000.0,False,58019030.0
United Kingdom,,green_coffee_inventory_kg,1996.0,7920000.0,False,58166950.0
United Kingdom,,green_coffee_inventory_kg,1997.0,6600000.0,False,58316954.0
United Kingdom,,green_coffee_inventory_kg,1998.0,7680000.0,False,58487141.0
United Kingdom,,green_coffee_inventory_kg,1999.0,6840000.0,False,58682466.0
United Kingdom,,green_coffee_inventory_kg,2000.0,7920000.0,False,58892514.0
United Kingdom,,green_coffee_inventory_kg,2001.0,12480000.0,False,59119673.0
United Kingdom,,green_coffee_inventory_kg,2002.0,8460000.0,False,59370479.0
United Kingdom,,green_coffee_inventory_kg,2003.0,8880000.0,False,59647577.0
United Kingdom,,green_coffee_inventory_kg,2004.0,10800000.0,False,59987905.0
United Kingdom,,green_coffee_inventory_kg,2005.0,2880000.0,False,60401206.0
United Kingdom,,green_coffee_inventory_kg,2006.0,5160000.0,False,60846820.0
United Kingdom,,green_coffee_inventory_kg,2007.0,3240000.0,False,61322463.0
United Kingdom,,green_coffee_inventory_kg,2008.0,3240000.0,False,61806995.0
United Kingdom,,green_coffee_inventory_kg,2009.0,4320000.0,False,62276270.0
United Kingdom,,green_coffee_inventory_kg,2010.0,2820000.0,False,62766365.0
United Kingdom,,green_coffee_inventory_kg,2011.0,2460000.0,False,63258810.0
United Kingdom,,green_coffee_inventory_kg,2012.0,2460000.0,False,63711000.0
United Kingdom,,green_coffee_inventory_kg,2013.0,2340000.0,False,64138000.0
United Kingdom,,green_coffee_inventory_kg,2014.0,2400000.0,False,64619000.0
United Kingdom,,green_coffee_inventory_kg,2015.0,2580000.0,False,65087000.0
United Kingdom,,green_coffee_inventory_kg,2016.0,1560000.0,False,65606000.0
United Kingdom,,green_coffee_inventory_kg,2017.0,1200000.0,False,65964000.0
United Kingdom,,green_coffee_inventory_kg,2018.0,1860000.0,False,66287000.0
United Kingdom,,green_coffee_inventory_kg,2019.0,2160000.0,False,66628000.0
United States of America,,green_coffee_inventory_kg,1990.0,358920000.0,False,249623000.0
United States of America,,green_coffee_inventory_kg,1991.0,369000000.0,False,252981000.0
United States of America,,green_coffee_inventory_kg,1992.0,565320000.0,False,256514000.0
United States of America,,green_coffee_inventory_kg,1993.0,468840000.0,False,259919000.0
United States of America,,green_coffee_inventory_kg,1994.0,245220000.0,False,263126000.0
United States of America,,green_coffee_inventory_kg,1995.0,119400000.0,False,266278000.0
United States of America,,green_coffee_inventory_kg,1996.0,79620000.0,False,269394000.0
United States of America,,green_coffee_inventory_kg,1997.0,85680000.0,False,272657000.0
United States of America,,green_coffee_inventory_kg,1998.0,84480000.0,False,275854000.0
United States of America,,green_coffee_inventory_kg,1999.0,157620000.0,False,279040000.0
United States of America,,green_coffee_inventory_kg,2000.0,335580000.0,False,282162411.0
United States of America,,green_coffee_inventory_kg,2001.0,323880000.0,False,284968955.0
United States of America,,green_coffee_inventory_kg,2002.0,343200000.0,False,287625193.0
United States of America,,green_coffee_inventory_kg,2003.0,329400000.0,False,290107933.0
United States of America,,green_coffee_inventory_kg,2004.0,304500000.0,False,292805298.0
United States of America,,green_coffee_inventory_kg,2005.0,280020000.0,False,295516599.0
United States of America,,green_coffee_inventory_kg,2006.0,299220000.0,False,298379912.0
United States of America,,green_coffee_inventory_kg,2007.0,327960000.0,False,301231207.0
United States of America,,green_coffee_inventory_kg,2008.0,313800000.0,False,304093966.0
United States of America,,green_coffee_inventory_kg,2009.0,274200000.0,False,306771529.0
United States of America,,green_coffee_inventory_kg,2010.0,238440000.0,False,309378227.0
United States of America,,green_coffee_inventory_kg,2011.0,257700000.0,False,311839461.0
United States of America,,green_coffee_inventory_kg,2012.0,284160000.0,False,314339099.0
United States of America,,green_coffee_inventory_kg,2013.0,305220000.0,False,316726282.0
United States of America,,green_coffee_inventory_kg,2014.0,331500000.0,False,319257560.0
United States of America,,green_coffee_inventory_kg,2015.0,350160000.0,False,321815121.0
United States of America,,green_coffee_inventory_kg,2016.0,375360000.0,False,324353340.0
United States of America,,green_coffee_inventory_kg,2017.0,397920000.0,False,326608609.0
United States of America,,green_coffee_inventory_kg,2018.0,367980000.0,False,328529577.0
United States of America,,green_coffee_inventory_kg,2019.0,410100000.0,False,330226227.0
Unspecified EU stocks,,green_coffee_inventory_kg,1990.0,145980000.0,False,
Unspecified EU stocks,,green_coffee_inventory_kg,1991.0,165480000.0,False,
Unspecified EU stocks,,green_coffee_inventory_kg,1992.0,149100000.0,False,
Unspecified EU stocks,,green_coffee_inventory_kg,1993.0,115200000.0,False,
Unspecified EU stocks,,green_coffee_inventory_kg,1994.0,127320000.0,False,
Unspecified EU stocks,,green_coffee_inventory_kg,1995.0,82860000.0,False,
Unspecified EU stocks,,green_coffee_inventory_kg,1996.0,73320000.0,False,
Unspecified EU stocks,,green_coffee_inventory_kg,1997.0,93060000.0,False,
Unspecified EU stocks,,green_coffee_inventory_kg,1998.0,96180000.0,False,
Unspecified EU stocks,,green_coffee_inventory_kg,1999.0,115560000.0,False,
Unspecified EU stocks,,green_coffee_inventory_kg,2000.0,235020000.0,False,
Unspecified EU stocks,,green_coffee_inventory_kg,2001.0,358080000.0,False,
Unspecified EU stocks,,green_coffee_inventory_kg,2002.0,359280000.0,False,
Unspecified EU stocks,,green_coffee_inventory_kg,2003.0,384960000.0,False,
Unspecified EU stocks,,green_coffee_inventory_kg,2004.0,419460000.0,False,
Unspecified EU stocks,,green_coffee_inventory_kg,2005.0,460260000.0,False,
Unspecified EU stocks,,green_coffee_inventory_kg,2006.0,336900000.0,False,
Unspecified EU stocks,,green_coffee_inventory_kg,2007.0,425280000.0,False,
Unspecified EU stocks,,green_coffee_inventory_kg,2008.0,470760000.0,False,
Unspecified EU stocks,,green_coffee_inventory_kg,2009.0,588420000.0,False,
Unspecified EU stocks,,green_coffee_inventory_kg,2010.0,399960000.0,False,
Unspecified EU stocks,,green_coffee_inventory_kg,2011.0,409680000.0,False,
Unspecified EU stocks,,green_coffee_inventory_kg,2012.0,366720000.0,False,
Unspecified EU stocks,,green_coffee_inventory_kg,2013.0,320160000.0,False,
Unspecified EU stocks,,green_coffee_inventory_kg,2014.0,450060000.0,False,
Unspecified EU stocks,,green_coffee_inventory_kg,2015.0,447840000.0,False,
Unspecified EU stocks,,green_coffee_inventory_kg,2016.0,417240000.0,False,
Unspecified EU stocks,,green_coffee_inventory_kg,2017.0,422100000.0,False,
Unspecified EU stocks,,green_coffee_inventory_kg,2018.0,485520000.0,False,
Unspecified EU stocks,,green_coffee_inventory_kg,2019.0,536100000.0,False,
Austria,,import_kg,1990.0,112800000.0,False,7677850.0
Austria,,import_kg,1991.0,123480000.0,False,7754891.0
Austria,,import_kg,1992.0,132360000.0,False,7840709.0
Austria,,import_kg,1993.0,110160000.0,False,7905633.0
Austria,,import_kg,1994.0,85020000.0,False,7936118.0
Austria,,import_kg,1995.0,73860000.0,False,7948278.0
Austria,,import_kg,1996.0,72600000.0,False,7959017.0
Austria,,import_kg,1997.0,77640000.0,False,7968041.0
Austria,,import_kg,1998.0,77580000.0,False,7976789.0
Austria,,import_kg,1999.0,90000000.0,False,7992324.0
Austria,,import_kg,2000.0,75420000.0,False,8011566.0
Austria,,import_kg,2001.0,85920000.0,False,8042293.0
Austria,,import_kg,2002.0,86820000.0,False,8081957.0
Austria,,import_kg,2003.0,80160000.0,False,8121423.0
Austria,,import_kg,2004.0,92280000.0,False,8171966.0
Austria,,import_kg,2005.0,94620000.0,False,8227829.0
Austria,,import_kg,2006.0,96060000.0,False,8268641.0
Austria,,import_kg,2007.0,118080000.0,False,8295487.0
Austria,,import_kg,2008.0,114060000.0,False,8321496.0
Austria,,import_kg,2009.0,78540000.0,False,8343323.0
Austria,,import_kg,2010.0,82140000.0,False,8363404.0
Austria,,import_kg,2011.0,87120000.0,False,8391643.0
Austria,,import_kg,2012.0,93540000.0,False,8429991.0
Austria,,import_kg,2013.0,93300000.0,False,8479823.0
Austria,,import_kg,2014.0,91500000.0,False,8546356.0
Austria,,import_kg,2015.0,90780000.0,False,8642699.0
Austria,,import_kg,2016.0,89700000.0,False,8736668.0
Austria,,import_kg,2017.0,87600000.0,False,8797566.0
Austria,,import_kg,2018.0,85740000.0,False,8840521.0
Austria,,import_kg,2019.0,86880000.0,False,8879920.0
Belgium,,import_kg,1990.0,0.0,False,9967379.0
Belgium,,import_kg,1991.0,0.0,False,10004486.0
Belgium,,import_kg,1992.0,0.0,False,10045158.0
Belgium,,import_kg,1993.0,0.0,False,10084475.0
Belgium,,import_kg,1994.0,0.0,False,10115603.0
Belgium,,import_kg,1995.0,0.0,False,10136811.0
Belgium,,import_kg,1996.0,0.0,False,10156637.0
Belgium,,import_kg,1997.0,0.0,False,10181245.0
Belgium,,import_kg,1998.0,0.0,False,10203008.0
Belgium,,import_kg,1999.0,180180000.0,False,10226419.0
Belgium,,import_kg,2000.0,209460000.0,False,10251250.0
Belgium,,import_kg,2001.0,192540000.0,False,10286570.0
Belgium,,import_kg,2002.0,227520000.0,False,10332785.0
Belgium,,import_kg,2003.0,229080000.0,False,10376133.0
Belgium,,import_kg,2004.0,238080000.0,False,10421137.0
Belgium,,import_kg,2005.0,243780000.0,False,10478617.0
Belgium,,import_kg,2006.0,276300000.0,False,10547958.0
Belgium,,import_kg,2007.0,240840000.0,False,10625700.0
Belgium,,import_kg,2008.0,407520000.0,False,10709973.0
Belgium,,import_kg,2009.0,354960000.0,False,10796493.0
Belgium,,import_kg,2010.0,355440000.0,False,10895586.0
Belgium,,import_kg,2011.0,349680000.0,False,11038264.0
Belgium,,import_kg,2012.0,340080000.0,False,11106932.0
Belgium,,import_kg,2013.0,330120000.0,False,11159407.0
Belgium,,import_kg,2014.0,312720000.0,False,11209057.0
Belgium,,import_kg,2015.0,332040000.0,False,11274196.0
Belgium,,import_kg,2016.0,363120000.0,False,11331422.0
Belgium,,import_kg,2017.0,340620000.0,False,11375158.0
Belgium,,import_kg,2018.0,344520000.0,False,11427054.0
Belgium,,import_kg,2019.0,371940000.0,False,11488980.0
Belgium/Luxembourg,,import_kg,1990.0,120900000.0,False,9967379.0
Belgium/Luxembourg,,import_kg,1991.0,104760000.0,False,10004486.0
Belgium/Luxembourg,,import_kg,1992.0,109680000.0,False,10045158.0
Belgium/Luxembourg,,import_kg,1993.0,123780000.0,False,10084475.0
Belgium/Luxembourg,,import_kg,1994.0,135720000.0,False,10115603.0
Belgium/Luxembourg,,import_kg,1995.0,144060000.0,False,10136811.0
Belgium/Luxembourg,,import_kg,1996.0,151560000.0,False,10156637.0
Belgium/Luxembourg,,import_kg,1997.0,152640000.0,False,10181245.0
Belgium/Luxembourg,,import_kg,1998.0,214800000.0,False,10203008.0
Belgium/Luxembourg,,import_kg,1999.0,0.0,False,10226419.0
Belgium/Luxembourg,,import_kg,2000.0,0.0,False,10251250.0
Belgium/Luxembourg,,import_kg,2001.0,0.0,False,10286570.0
Belgium/Luxembourg,,import_kg,2002.0,0.0,False,10332785.0
Belgium/Luxembourg,,import_kg,2003.0,0.0,False,10376133.0
Belgium/Luxembourg,,import_kg,2004.0,0.0,False,10421137.0
Belgium/Luxembourg,,import_kg,2005.0,0.0,False,10478617.0
Belgium/Luxembourg,,import_kg,2006.0,0.0,False,10547958.0
Belgium/Luxembourg,,import_kg,2007.0,0.0,False,10625700.0
Belgium/Luxembourg,,import_kg,2008.0,0.0,False,10709973.0
Belgium/Luxembourg,,import_kg,2009.0,0.0,False,10796493.0
Belgium/Luxembourg,,import_kg,2010.0,0.0,False,10895586.0
Belgium/Luxembourg,,import_kg,2011.0,0.0,False,11038264.0
Belgium/Luxembourg,,import_kg,2012.0,0.0,False,11106932.0
Belgium/Luxembourg,,import_kg,2013.0,0.0,False,11159407.0
Belgium/Luxembourg,,import_kg,2014.0,0.0,False,11209057.0
Belgium/Luxembourg,,import_kg,2015.0,0.0,False,11274196.0
Belgium/Luxembourg,,import_kg,2016.0,0.0,False,11331422.0
Belgium/Luxembourg,,import_kg,2017.0,0.0,False,11375158.0
Belgium/Luxembourg,,import_kg,2018.0,0.0,False,11427054.0
Belgium/Luxembourg,,import_kg,2019.0,0.0,False,11488980.0
Bulgaria,,import_kg,1990.0,16080000.0,False,8718289.0
Bulgaria,,import_kg,1991.0,12000000.0,False,8632367.0
Bulgaria,,import_kg,1992.0,10920000.0,False,8540164.0
Bulgaria,,import_kg,1993.0,23820000.0,False,8472313.0
Bulgaria,,import_kg,1994.0,27780000.0,False,8443591.0
Bulgaria,,import_kg,1995.0,30900000.0,False,8406067.0
Bulgaria,,import_kg,1996.0,16320000.0,False,8362826.0
Bulgaria,,import_kg,1997.0,17640000.0,False,8312068.0
Bulgaria,,import_kg,1998.0,20520000.0,False,8256786.0
Bulgaria,,import_kg,1999.0,22020000.0,False,8210624.0
Bulgaria,,import_kg,2000.0,16860000.0,False,8170172.0
Bulgaria,,import_kg,2001.0,21300000.0,False,8009142.0
Bulgaria,,import_kg,2002.0,20580000.0,False,7837161.0
Bulgaria,,import_kg,2003.0,24000000.0,False,7775327.0
Bulgaria,,import_kg,2004.0,22020000.0,False,7716860.0
Bulgaria,,import_kg,2005.0,26460000.0,False,7658972.0
Bulgaria,,import_kg,2006.0,26100000.0,False,7601022.0
Bulgaria,,import_kg,2007.0,23580000.0,False,7545338.0
Bulgaria,,import_kg,2008.0,31020000.0,False,7492561.0
Bulgaria,,import_kg,2009.0,31380000.0,False,7444443.0
Bulgaria,,import_kg,2010.0,31680000.0,False,7395599.0
Bulgaria,,import_kg,2011.0,28920000.0,False,7348328.0
Bulgaria,,import_kg,2012.0,33600000.0,False,7305888.0
Bulgaria,,import_kg,2013.0,36540000.0,False,7160005.0
Bulgaria,,import_kg,2014.0,37260000.0,False,7073572.0
Bulgaria,,import_kg,2015.0,40920000.0,False,6984225.0
Bulgaria,,import_kg,2016.0,46740000.0,False,6894139.0
Bulgaria,,import_kg,2017.0,42420000.0,False,6803468.0
Bulgaria,,import_kg,2018.0,44220000.0,False,6710798.0
Bulgaria,,import_kg,2019.0,47100000.0,False,6616726.0
Croatia,,import_kg,1990.0,0.0,False,4777368.0
Croatia,,import_kg,1991.0,0.0,False,4689022.0
Croatia,,import_kg,1992.0,10080000.0,False,4575818.0
Croatia,,import_kg,1993.0,9780000.0,False,4600463.0
Croatia,,import_kg,1994.0,11580000.0,False,4652024.0
Croatia,,import_kg,1995.0,19200000.0,False,4620030.0
Croatia,,import_kg,1996.0,19320000.0,False,4557097.0
Croatia,,import_kg,1997.0,23100000.0,False,4534920.0
Croatia,,import_kg,1998.0,20340000.0,False,4532135.0
Croatia,,import_kg,1999.0,21120000.0,False,4512597.0
Croatia,,import_kg,2000.0,20640000.0,False,4468302.0
Croatia,,import_kg,2001.0,21120000.0,False,4299642.0
Croatia,,import_kg,2002.0,22260000.0,False,4302174.0
Croatia,,import_kg,2003.0,23580000.0,False,4303399.0
Croatia,,import_kg,2004.0,23280000.0,False,4304600.0
Croatia,,import_kg,2005.0,23520000.0,False,4310145.0
Croatia,,import_kg,2006.0,24240000.0,False,4311159.0
Croatia,,import_kg,2007.0,24840000.0,False,4310217.0
Croatia,,import_kg,2008.0,24300000.0,False,4309705.0
Croatia,,import_kg,2009.0,23640000.0,False,4305181.0
Croatia,,import_kg,2010.0,23640000.0,False,4295427.0
Croatia,,import_kg,2011.0,23460000.0,False,4280622.0
Croatia,,import_kg,2012.0,23040000.0,False,4260368.0
Croatia,,import_kg,2013.0,24780000.0,False,4233922.0
Croatia,,import_kg,2014.0,25200000.0,False,4201598.0
Croatia,,import_kg,2015.0,26220000.0,False,4151725.0
Croatia,,import_kg,2016.0,28740000.0,False,4106867.0
Croatia,,import_kg,2017.0,26340000.0,False,4041407.0
Croatia,,import_kg,2018.0,26760000.0,False,3988775.0
Croatia,,import_kg,2019.0,27960000.0,False,3949390.0
Cyprus,,import_kg,1990.0,3000000.0,False,788351.0
Cyprus,,import_kg,1991.0,3240000.0,False,798944.0
Cyprus,,import_kg,1992.0,2460000.0,False,810341.0
Cyprus,,import_kg,1993.0,4620000.0,False,826034.0
Cyprus,,import_kg,1994.0,3120000.0,False,844667.0
Cyprus,,import_kg,1995.0,2640000.0,False,862695.0
Cyprus,,import_kg,1996.0,3120000.0,False,880290.0
Cyprus,,import_kg,1997.0,2460000.0,False,897568.0
Cyprus,,import_kg,1998.0,3000000.0,False,914548.0
Cyprus,,import_kg,1999.0,3300000.0,False,931234.0
Cyprus,,import_kg,2000.0,4140000.0,False,947667.0
Cyprus,,import_kg,2001.0,3540000.0,False,964127.0
Cyprus,,import_kg,2002.0,3420000.0,False,981440.0
Cyprus,,import_kg,2003.0,3540000.0,False,999590.0
Cyprus,,import_kg,2004.0,3540000.0,False,1017875.0
Cyprus,,import_kg,2005.0,4800000.0,False,1036151.0
Cyprus,,import_kg,2006.0,4440000.0,False,1054418.0
Cyprus,,import_kg,2007.0,4260000.0,False,1072714.0
Cyprus,,import_kg,2008.0,4680000.0,False,1091026.0
Cyprus,,import_kg,2009.0,4320000.0,False,1109371.0
Cyprus,,import_kg,2010.0,4620000.0,False,1127816.0
Cyprus,,import_kg,2011.0,4920000.0,False,1146493.0
Cyprus,,import_kg,2012.0,5040000.0,False,1165397.0
Cyprus,,import_kg,2013.0,5640000.0,False,1183895.0
Cyprus,,import_kg,2014.0,5640000.0,False,1201801.0
Cyprus,,import_kg,2015.0,5340000.0,False,1219502.0
Cyprus,,import_kg,2016.0,5580000.0,False,1237112.0
Cyprus,,import_kg,2017.0,6000000.0,False,1254275.0
Cyprus,,import_kg,2018.0,7980000.0,False,1270737.0
Cyprus,,import_kg,2019.0,7980000.0,False,1286671.0
Czechia,,import_kg,1990.0,39540000.0,False,10333355.0
Czechia,,import_kg,1991.0,31500000.0,False,10308578.0
Czechia,,import_kg,1992.0,28500000.0,False,10319123.0
Czechia,,import_kg,1993.0,30840000.0,False,10329855.0
Czechia,,import_kg,1994.0,33240000.0,False,10333587.0
Czechia,,import_kg,1995.0,33180000.0,False,10327253.0
Czechia,,import_kg,1996.0,31500000.0,False,10315241.0
Czechia,,import_kg,1997.0,33600000.0,False,10304131.0
Czechia,,import_kg,1998.0,45900000.0,False,10294373.0
Czechia,,import_kg,1999.0,43680000.0,False,10283860.0
Czechia,,import_kg,2000.0,48540000.0,False,10255063.0
Czechia,,import_kg,2001.0,53940000.0,False,10216605.0
Czechia,,import_kg,2002.0,53280000.0,False,10196916.0
Czechia,,import_kg,2003.0,58440000.0,False,10193998.0
Czechia,,import_kg,2004.0,55740000.0,False,10197101.0
Czechia,,import_kg,2005.0,63780000.0,False,10211216.0
Czechia,,import_kg,2006.0,56400000.0,False,10238905.0
Czechia,,import_kg,2007.0,62220000.0,False,10298828.0
Czechia,,import_kg,2008.0,62220000.0,False,10384603.0
Czechia,,import_kg,2009.0,55800000.0,False,10443936.0
Czechia,,import_kg,2010.0,57060000.0,False,10474410.0
Czechia,,import_kg,2011.0,57120000.0,False,10496088.0
Czechia,,import_kg,2012.0,67620000.0,False,10510785.0
Czechia,,import_kg,2013.0,71040000.0,False,10514272.0
Czechia,,import_kg,2014.0,109380000.0,False,10525347.0
Czechia,,import_kg,2015.0,124080000.0,False,10546059.0
Czechia,,import_kg,2016.0,106740000.0,False,10566332.0
Czechia,,import_kg,2017.0,90420000.0,False,10594438.0
Czechia,,import_kg,2018.0,114180000.0,False,10629928.0
Czechia,,import_kg,2019.0,96540000.0,False,10671870.0
Denmark,,import_kg,1990.0,57540000.0,False,5140939.0
Denmark,,import_kg,1991.0,58980000.0,False,5154298.0
Denmark,,import_kg,1992.0,63720000.0,False,5171370.0
Denmark,,import_kg,1993.0,59640000.0,False,5188628.0
Denmark,,import_kg,1994.0,61980000.0,False,5206180.0
Denmark,,import_kg,1995.0,52620000.0,False,5233373.0
Denmark,,import_kg,1996.0,60360000.0,False,5263074.0
Denmark,,import_kg,1997.0,56940000.0,False,5284991.0
Denmark,,import_kg,1998.0,60840000.0,False,5304219.0
Denmark,,import_kg,1999.0,65640000.0,False,5321799.0
Denmark,,import_kg,2000.0,61320000.0,False,5339616.0
Denmark,,import_kg,2001.0,66180000.0,False,5358783.0
Denmark,,import_kg,2002.0,64560000.0,False,5375931.0
Denmark,,import_kg,2003.0,60120000.0,False,5390574.0
Denmark,,import_kg,2004.0,67140000.0,False,5404523.0
Denmark,,import_kg,2005.0,59580000.0,False,5419432.0
Denmark,,import_kg,2006.0,60240000.0,False,5437272.0
Denmark,,import_kg,2007.0,59700000.0,False,5461438.0
Denmark,,import_kg,2008.0,54000000.0,False,5493621.0
Denmark,,import_kg,2009.0,51600000.0,False,5523095.0
Denmark,,import_kg,2010.0,60900000.0,False,5547683.0
Denmark,,import_kg,2011.0,54540000.0,False,5570572.0
Denmark,,import_kg,2012.0,54780000.0,False,5591572.0
Denmark,,import_kg,2013.0,55260000.0,False,5614932.0
Denmark,,import_kg,2014.0,51180000.0,False,5643475.0
Denmark,,import_kg,2015.0,50460000.0,False,5683483.0
Denmark,,import_kg,2016.0,54360000.0,False,5728010.0
Denmark,,import_kg,2017.0,51120000.0,False,5764980.0
Denmark,,import_kg,2018.0,52080000.0,False,5793636.0
Denmark,,import_kg,2019.0,54480000.0,False,5814422.0
Estonia,,import_kg,1990.0,0.0,False,1569174.0
Estonia,,import_kg,1991.0,0.0,False,1561314.0
Estonia,,import_kg,1992.0,960000.0,False,1533091.0
Estonia,,import_kg,1993.0,3060000.0,False,1494128.0
Estonia,,import_kg,1994.0,4980000.0,False,1462514.0
Estonia,,import_kg,1995.0,6420000.0,False,1436634.0
Estonia,,import_kg,1996.0,7020000.0,False,1415594.0
Estonia,,import_kg,1997.0,8460000.0,False,1399535.0
Estonia,,import_kg,1998.0,8100000.0,False,1386156.0
Estonia,,import_kg,1999.0,7860000.0,False,1390244.0
Estonia,,import_kg,2000.0,6300000.0,False,1396985.0
Estonia,,import_kg,2001.0,9660000.0,False,1388115.0
Estonia,,import_kg,2002.0,7200000.0,False,1379350.0
Estonia,,import_kg,2003.0,8040000.0,False,1370720.0
Estonia,,import_kg,2004.0,10560000.0,False,1362550.0
Estonia,,import_kg,2005.0,13260000.0,False,1354775.0
Estonia,,import_kg,2006.0,15240000.0,False,1346810.0
Estonia,,import_kg,2007.0,16620000.0,False,1340680.0
Estonia,,import_kg,2008.0,20040000.0,False,1337090.0
Estonia,,import_kg,2009.0,21420000.0,False,1334515.0
Estonia,,import_kg,2010.0,15780000.0,False,1331475.0
Estonia,,import_kg,2011.0,10020000.0,False,1327439.0
Estonia,,import_kg,2012.0,9420000.0,False,1322696.0
Estonia,,import_kg,2013.0,9360000.0,False,1317997.0
Estonia,,import_kg,2014.0,7860000.0,False,1314545.0
Estonia,,import_kg,2015.0,7560000.0,False,1315407.0
Estonia,,import_kg,2016.0,8100000.0,False,1315790.0
Estonia,,import_kg,2017.0,7980000.0,False,1317384.0
Estonia,,import_kg,2018.0,8820000.0,False,1321977.0
Estonia,,import_kg,2019.0,8880000.0,False,1326898.0
Finland,,import_kg,1990.0,65700000.0,False,4986431.0
Finland,,import_kg,1991.0,61980000.0,False,5013740.0
Finland,,import_kg,1992.0,63300000.0,False,5041992.0
Finland,,import_kg,1993.0,78060000.0,False,5066447.0
Finland,,import_kg,1994.0,81660000.0,False,5088333.0
Finland,,import_kg,1995.0,46140000.0,False,5107790.0
Finland,,import_kg,1996.0,59520000.0,False,5124573.0
Finland,,import_kg,1997.0,71160000.0,False,5139835.0
Finland,,import_kg,1998.0,70080000.0,False,5153498.0
Finland,,import_kg,1999.0,72540000.0,False,5165474.0
Finland,,import_kg,2000.0,63780000.0,False,5176209.0
Finland,,import_kg,2001.0,65040000.0,False,5188008.0
Finland,,import_kg,2002.0,64500000.0,False,5200598.0
Finland,,import_kg,2003.0,66300000.0,False,5213014.0
Finland,,import_kg,2004.0,69120000.0,False,5228172.0
Finland,,import_kg,2005.0,69360000.0,False,5246096.0
Finland,,import_kg,2006.0,70080000.0,False,5266268.0
Finland,,import_kg,2007.0,72420000.0,False,5288720.0
Finland,,import_kg,2008.0,77100000.0,False,5313399.0
Finland,,import_kg,2009.0,74580000.0,False,5338871.0
Finland,,import_kg,2010.0,76440000.0,False,5363352.0
Finland,,import_kg,2011.0,77220000.0,False,5388272.0
Finland,,import_kg,2012.0,74280000.0,False,5413971.0
Finland,,import_kg,2013.0,76500000.0,False,5438972.0
Finland,,import_kg,2014.0,72780000.0,False,5461512.0
Finland,,import_kg,2015.0,79260000.0,False,5479531.0
Finland,,import_kg,2016.0,83340000.0,False,5495303.0
Finland,,import_kg,2017.0,81600000.0,False,5508214.0
Finland,,import_kg,2018.0,77100000.0,False,5515525.0
Finland,,import_kg,2019.0,90900000.0,False,5521606.0
France,,import_kg,1990.0,378060000.0,False,58261012.0
France,,import_kg,1991.0,393180000.0,False,58554242.0
France,,import_kg,1992.0,396720000.0,False,58846584.0
France,,import_kg,1993.0,380040000.0,False,59103094.0
France,,import_kg,1994.0,382140000.0,False,59324863.0
France,,import_kg,1995.0,372840000.0,False,59541294.0
France,,import_kg,1996.0,399600000.0,False,59754504.0
France,,import_kg,1997.0,402240000.0,False,59968066.0
France,,import_kg,1998.0,394560000.0,False,60190684.0
France,,import_kg,1999.0,400560000.0,False,60501986.0
France,,import_kg,2000.0,391200000.0,False,60918661.0
France,,import_kg,2001.0,405180000.0,False,61364377.0
France,,import_kg,2002.0,415500000.0,False,61812142.0
France,,import_kg,2003.0,399120000.0,False,62249855.0
France,,import_kg,2004.0,356400000.0,False,62707588.0
France,,import_kg,2005.0,342840000.0,False,63180854.0
France,,import_kg,2006.0,371460000.0,False,63622342.0
France,,import_kg,2007.0,385200000.0,False,64016890.0
France,,import_kg,2008.0,375120000.0,False,64375116.0
France,,import_kg,2009.0,400200000.0,False,64706436.0
France,,import_kg,2010.0,403020000.0,False,65026211.0
France,,import_kg,2011.0,419520000.0,False,65340830.0
France,,import_kg,2012.0,410460000.0,False,65657659.0
France,,import_kg,2013.0,402780000.0,False,65997932.0
France,,import_kg,2014.0,426720000.0,False,66312067.0
France,,import_kg,2015.0,408540000.0,False,66548272.0
France,,import_kg,2016.0,404280000.0,False,66724104.0
France,,import_kg,2017.0,418020000.0,False,66918020.0
France,,import_kg,2018.0,457440000.0,False,67158348.0
France,,import_kg,2019.0,479580000.0,False,67382061.0
Germany,,import_kg,1990.0,820260000.0,False,79433029.0
Germany,,import_kg,1991.0,793740000.0,False,80013896.0
Germany,,import_kg,1992.0,827340000.0,False,80624598.0
Germany,,import_kg,1993.0,846420000.0,False,81156363.0
Germany,,import_kg,1994.0,814980000.0,False,81438348.0
Germany,,import_kg,1995.0,771120000.0,False,81678051.0
Germany,,import_kg,1996.0,810420000.0,False,81914831.0
Germany,,import_kg,1997.0,834300000.0,False,82034771.0
Germany,,import_kg,1998.0,824400000.0,False,82047195.0
Germany,,import_kg,1999.0,859200000.0,False,82100243.0
Germany,,import_kg,2000.0,833700000.0,False,82211508.0
Germany,,import_kg,2001.0,885180000.0,False,82349925.0
Germany,,import_kg,2002.0,930960000.0,False,82488495.0
Germany,,import_kg,2003.0,943620000.0,False,82534176.0
Germany,,import_kg,2004.0,1041360000.0,False,82516260.0
Germany,,import_kg,2005.0,1002960000.0,False,82469422.0
Germany,,import_kg,2006.0,1112580000.0,False,82376451.0
Germany,,import_kg,2007.0,1173840000.0,False,82266372.0
Germany,,import_kg,2008.0,1192560000.0,False,82110097.0
Germany,,import_kg,2009.0,1164960000.0,False,81902307.0
Germany,,import_kg,2010.0,1236180000.0,False,81776930.0
Germany,,import_kg,2011.0,1255560000.0,False,80274983.0
Germany,,import_kg,2012.0,1308960000.0,False,80425823.0
Germany,,import_kg,2013.0,1270440000.0,False,80645605.0
Germany,,import_kg,2014.0,1324680000.0,False,80982500.0
Germany,,import_kg,2015.0,1278960000.0,False,81686611.0
Germany,,import_kg,2016.0,1342080000.0,False,82348669.0
Germany,,import_kg,2017.0,1305900000.0,False,82657002.0
Germany,,import_kg,2018.0,1328820000.0,False,82905782.0
Germany,,import_kg,2019.0,1345920000.0,False,83092962.0
Greece,,import_kg,1990.0,38520000.0,False,10196792.0
Greece,,import_kg,1991.0,24420000.0,False,10319927.0
Greece,,import_kg,1992.0,20940000.0,False,10399061.0
Greece,,import_kg,1993.0,22500000.0,False,10460415.0
Greece,,import_kg,1994.0,30120000.0,False,10512922.0
Greece,,import_kg,1995.0,31380000.0,False,10562153.0
Greece,,import_kg,1996.0,45960000.0,False,10608800.0
Greece,,import_kg,1997.0,47340000.0,False,10661259.0
Greece,,import_kg,1998.0,42240000.0,False,10720509.0
Greece,,import_kg,1999.0,43980000.0,False,10761698.0
Greece,,import_kg,2000.0,47880000.0,False,10805808.0
Greece,,import_kg,2001.0,52080000.0,False,10862132.0
Greece,,import_kg,2002.0,53820000.0,False,10902022.0
Greece,,import_kg,2003.0,59880000.0,False,10928070.0
Greece,,import_kg,2004.0,56520000.0,False,10955141.0
Greece,,import_kg,2005.0,55860000.0,False,10987314.0
Greece,,import_kg,2006.0,53820000.0,False,11020362.0
Greece,,import_kg,2007.0,64860000.0,False,11048473.0
Greece,,import_kg,2008.0,63360000.0,False,11077841.0
Greece,,import_kg,2009.0,62760000.0,False,11107017.0
Greece,,import_kg,2010.0,63660000.0,False,11121341.0
Greece,,import_kg,2011.0,69300000.0,False,11104899.0
Greece,,import_kg,2012.0,74640000.0,False,11045011.0
Greece,,import_kg,2013.0,76140000.0,False,10965211.0
Greece,,import_kg,2014.0,74040000.0,False,10892413.0
Greece,,import_kg,2015.0,72600000.0,False,10820883.0
Greece,,import_kg,2016.0,95040000.0,False,10775971.0
Greece,,import_kg,2017.0,52020000.0,False,10754679.0
Greece,,import_kg,2018.0,69600000.0,False,10732882.0
Greece,,import_kg,2019.0,74760000.0,False,10721582.0
Hungary,,import_kg,1990.0,34440000.0,False,10373988.0
Hungary,,import_kg,1991.0,38460000.0,False,10373400.0
Hungary,,import_kg,1992.0,31320000.0,False,10369341.0
Hungary,,import_kg,1993.0,40080000.0,False,10357523.0
Hungary,,import_kg,1994.0,46260000.0,False,10343355.0
Hungary,,import_kg,1995.0,31200000.0,False,10328965.0
Hungary,,import_kg,1996.0,36180000.0,False,10311238.0
Hungary,,import_kg,1997.0,40500000.0,False,10290486.0
Hungary,,import_kg,1998.0,42960000.0,False,10266570.0
Hungary,,import_kg,1999.0,45720000.0,False,10237530.0
Hungary,,import_kg,2000.0,47400000.0,False,10210971.0
Hungary,,import_kg,2001.0,49980000.0,False,10187576.0
Hungary,,import_kg,2002.0,49680000.0,False,10158608.0
Hungary,,import_kg,2003.0,51840000.0,False,10129552.0
Hungary,,import_kg,2004.0,58620000.0,False,10107146.0
Hungary,,import_kg,2005.0,51120000.0,False,10087065.0
Hungary,,import_kg,2006.0,54060000.0,False,10071370.0
Hungary,,import_kg,2007.0,53640000.0,False,10055780.0
Hungary,,import_kg,2008.0,48660000.0,False,10038188.0
Hungary,,import_kg,2009.0,42240000.0,False,10022650.0
Hungary,,import_kg,2010.0,43620000.0,False,10000023.0
Hungary,,import_kg,2011.0,38400000.0,False,9971727.0
Hungary,,import_kg,2012.0,44880000.0,False,9920362.0
Hungary,,import_kg,2013.0,33420000.0,False,9872734.0
Hungary,,import_kg,2014.0,49980000.0,False,9833038.0
Hungary,,import_kg,2015.0,42840000.0,False,9797755.0
Hungary,,import_kg,2016.0,43500000.0,False,9759755.0
Hungary,,import_kg,2017.0,43320000.0,False,9726756.0
Hungary,,import_kg,2018.0,46740000.0,False,9706964.0
Hungary,,import_kg,2019.0,46380000.0,False,9694824.0
Ireland,,import_kg,1990.0,7740000.0,False,3513974.0
Ireland,,import_kg,1991.0,7080000.0,False,3534235.0
Ireland,,import_kg,1992.0,5700000.0,False,3558430.0
Ireland,,import_kg,1993.0,6660000.0,False,3576261.0
Ireland,,import_kg,1994.0,7860000.0,False,3590386.0
Ireland,,import_kg,1995.0,6900000.0,False,3608841.0
Ireland,,import_kg,1996.0,5880000.0,False,3637510.0
Ireland,,import_kg,1997.0,6360000.0,False,3674171.0
Ireland,,import_kg,1998.0,6120000.0,False,3712696.0
Ireland,,import_kg,1999.0,8520000.0,False,3754786.0
Ireland,,import_kg,2000.0,9300000.0,False,3805174.0
Ireland,,import_kg,2001.0,10800000.0,False,3866243.0
Ireland,,import_kg,2002.0,10620000.0,False,3931947.0
Ireland,,import_kg,2003.0,13620000.0,False,3996521.0
Ireland,,import_kg,2004.0,15840000.0,False,4070262.0
Ireland,,import_kg,2005.0,15060000.0,False,4159914.0
Ireland,,import_kg,2006.0,15120000.0,False,4273591.0
Ireland,,import_kg,2007.0,15960000.0,False,4398942.0
Ireland,,import_kg,2008.0,7620000.0,False,4489544.0
Ireland,,import_kg,2009.0,8520000.0,False,4535375.0
Ireland,,import_kg,2010.0,9900000.0,False,4560155.0
Ireland,,import_kg,2011.0,12600000.0,False,4580084.0
Ireland,,import_kg,2012.0,15120000.0,False,4599533.0
Ireland,,import_kg,2013.0,13980000.0,False,4623816.0
Ireland,,import_kg,2014.0,17520000.0,False,4657740.0
Ireland,,import_kg,2015.0,21420000.0,False,4701957.0
Ireland,,import_kg,2016.0,24180000.0,False,4762722.0
Ireland,,import_kg,2017.0,25620000.0,False,4827445.0
Ireland,,import_kg,2018.0,26400000.0,False,4898022.0
Ireland,,import_kg,2019.0,26280000.0,False,4976456.0
Italy,,import_kg,1990.0,314520000.0,False,56719240.0
Italy,,import_kg,1991.0,277800000.0,False,56758521.0
Italy,,import_kg,1992.0,275700000.0,False,56797087.0
Italy,,import_kg,1993.0,335640000.0,False,56831821.0
Italy,,import_kg,1994.0,333240000.0,False,56843400.0
Italy,,import_kg,1995.0,323280000.0,False,56844303.0
Italy,,import_kg,1996.0,336480000.0,False,56860281.0
Italy,,import_kg,1997.0,344580000.0,False,56890372.0
Italy,,import_kg,1998.0,353340000.0,False,56906744.0
Italy,,import_kg,1999.0,356580000.0,False,56916317.0
Italy,,import_kg,2000.0,378900000.0,False,56942108.0
Italy,,import_kg,2001.0,392520000.0,False,56976981.0
Italy,,import_kg,2002.0,391380000.0,False,57089824.0
Italy,,import_kg,2003.0,415740000.0,False,57399184.0
Italy,,import_kg,2004.0,421920000.0,False,57828179.0
Italy,,import_kg,2005.0,436140000.0,False,58166682.0
Italy,,import_kg,2006.0,452880000.0,False,58399861.0
Italy,,import_kg,2007.0,481680000.0,False,58756247.0
Italy,,import_kg,2008.0,490320000.0,False,59211181.0
Italy,,import_kg,2009.0,484680000.0,False,59555454.0
Italy,,import_kg,2010.0,494160000.0,False,59819407.0
Italy,,import_kg,2011.0,501300000.0,False,60026841.0
Italy,,import_kg,2012.0,521460000.0,False,60191247.0
Italy,,import_kg,2013.0,529380000.0,False,60311613.0
Italy,,import_kg,2014.0,561000000.0,False,60320707.0
Italy,,import_kg,2015.0,559680000.0,False,60229605.0
Italy,,import_kg,2016.0,613440000.0,False,60115223.0
Italy,,import_kg,2017.0,601200000.0,False,60002252.0
Italy,,import_kg,2018.0,638340000.0,False,59877221.0
Italy,,import_kg,2019.0,654840000.0,False,59729081.0
Japan,,import_kg,1990.0,319800000.0,False,123478000.0
Japan,,import_kg,1991.0,330600000.0,False,123964000.0
Japan,,import_kg,1992.0,319560000.0,False,124425000.0
Japan,,import_kg,1993.0,341460000.0,False,124829000.0
Japan,,import_kg,1994.0,373020000.0,False,125178000.0
Japan,,import_kg,1995.0,329340000.0,False,125472000.0
Japan,,import_kg,1996.0,359640000.0,False,125757000.0
Japan,,import_kg,1997.0,355260000.0,False,126057000.0
Japan,,import_kg,1998.0,361620000.0,False,126400000.0
Japan,,import_kg,1999.0,392820000.0,False,126631000.0
Japan,,import_kg,2000.0,414480000.0,False,126843000.0
Japan,,import_kg,2001.0,419760000.0,False,127149000.0
Japan,,import_kg,2002.0,438420000.0,False,127445000.0
Japan,,import_kg,2003.0,415380000.0,False,127718000.0
Japan,,import_kg,2004.0,435240000.0,False,127761000.0
Japan,,import_kg,2005.0,444480000.0,False,127773000.0
Japan,,import_kg,2006.0,457920000.0,False,127854000.0
Japan,,import_kg,2007.0,425160000.0,False,128001000.0
Japan,,import_kg,2008.0,423600000.0,False,128063000.0
Japan,,import_kg,2009.0,425400000.0,False,128047000.0
Japan,,import_kg,2010.0,444420000.0,False,128070000.0
Japan,,import_kg,2011.0,452640000.0,False,127833000.0
Japan,,import_kg,2012.0,421500000.0,False,127629000.0
Japan,,import_kg,2013.0,502860000.0,False,127445000.0
Japan,,import_kg,2014.0,459420000.0,False,127276000.0
Japan,,import_kg,2015.0,483780000.0,False,127141000.0
Japan,,import_kg,2016.0,481560000.0,False,127076000.0
Japan,,import_kg,2017.0,458820000.0,False,126972000.0
Japan,,import_kg,2018.0,452400000.0,False,126811000.0
Japan,,import_kg,2019.0,482400000.0,False,126633000.0
Latvia,,import_kg,1990.0,0.0,False,2663151.0
Latvia,,import_kg,1991.0,0.0,False,2650581.0
Latvia,,import_kg,1992.0,1200000.0,False,2614338.0
Latvia,,import_kg,1993.0,3600000.0,False,2563290.0
Latvia,,import_kg,1994.0,1380000.0,False,2520742.0
Latvia,,import_kg,1995.0,1800000.0,False,2485056.0
Latvia,,import_kg,1996.0,3960000.0,False,2457222.0
Latvia,,import_kg,1997.0,8640000.0,False,2432851.0
Latvia,,import_kg,1998.0,9540000.0,False,2410019.0
Latvia,,import_kg,1999.0,10980000.0,False,2390482.0
Latvia,,import_kg,2000.0,10860000.0,False,2367550.0
Latvia,,import_kg,2001.0,9360000.0,False,2337170.0
Latvia,,import_kg,2002.0,9840000.0,False,2310173.0
Latvia,,import_kg,2003.0,11160000.0,False,2287955.0
Latvia,,import_kg,2004.0,11280000.0,False,2263122.0
Latvia,,import_kg,2005.0,11460000.0,False,2238799.0
Latvia,,import_kg,2006.0,13260000.0,False,2218357.0
Latvia,,import_kg,2007.0,9060000.0,False,2200325.0
Latvia,,import_kg,2008.0,9240000.0,False,2177322.0
Latvia,,import_kg,2009.0,7920000.0,False,2141669.0
Latvia,,import_kg,2010.0,8280000.0,False,2097555.0
Latvia,,import_kg,2011.0,8460000.0,False,2059709.0
Latvia,,import_kg,2012.0,9420000.0,False,2034319.0
Latvia,,import_kg,2013.0,9660000.0,False,2012647.0
Latvia,,import_kg,2014.0,12780000.0,False,1993782.0
Latvia,,import_kg,2015.0,12120000.0,False,1977527.0
Latvia,,import_kg,2016.0,13860000.0,False,1959537.0
Latvia,,import_kg,2017.0,13740000.0,False,1942248.0
Latvia,,import_kg,2018.0,14580000.0,False,1927174.0
Latvia,,import_kg,2019.0,14100000.0,False,1913822.0
Lithuania,,import_kg,1990.0,0.0,False,3697838.0
Lithuania,,import_kg,1991.0,0.0,False,3704134.0
Lithuania,,import_kg,1992.0,120000.0,False,3700114.0
Lithuania,,import_kg,1993.0,540000.0,False,3682613.0
Lithuania,,import_kg,1994.0,2820000.0,False,3657144.0
Lithuania,,import_kg,1995.0,6780000.0,False,3629102.0
Lithuania,,import_kg,1996.0,9000000.0,False,3601613.0
Lithuania,,import_kg,1997.0,11220000.0,False,3575137.0
Lithuania,,import_kg,1998.0,11100000.0,False,3549331.0
Lithuania,,import_kg,1999.0,12360000.0,False,3524238.0
Lithuania,,import_kg,2000.0,12780000.0,False,3499536.0
Lithuania,,import_kg,2001.0,16020000.0,False,3470818.0
Lithuania,,import_kg,2002.0,15780000.0,False,3443067.0
Lithuania,,import_kg,2003.0,13260000.0,False,3415213.0
Lithuania,,import_kg,2004.0,15360000.0,False,3377075.0
Lithuania,,import_kg,2005.0,17040000.0,False,3322528.0
Lithuania,,import_kg,2006.0,19020000.0,False,3269909.0
Lithuania,,import_kg,2007.0,20160000.0,False,3231294.0
Lithuania,,import_kg,2008.0,23400000.0,False,3198231.0
Lithuania,,import_kg,2009.0,24660000.0,False,3162916.0
Lithuania,,import_kg,2010.0,22560000.0,False,3097282.0
Lithuania,,import_kg,2011.0,17340000.0,False,3028115.0
Lithuania,,import_kg,2012.0,20220000.0,False,2989139.0
Lithuania,,import_kg,2013.0,21720000.0,False,2961250.0
Lithuania,,import_kg,2014.0,23760000.0,False,2937253.0
Lithuania,,import_kg,2015.0,25680000.0,False,2911109.0
Lithuania,,import_kg,2016.0,29940000.0,False,2877325.0
Lithuania,,import_kg,2017.0,25920000.0,False,2842639.0
Lithuania,,import_kg,2018.0,26460000.0,False,2819200.0
Lithuania,,import_kg,2019.0,28440000.0,False,2811089.0
Luxembourg,,import_kg,1990.0,0.0,False,381850.0
Luxembourg,,import_kg,1991.0,0.0,False,387000.0
Luxembourg,,import_kg,1992.0,0.0,False,392175.0
Luxembourg,,import_kg,1993.0,0.0,False,397475.0
Luxembourg,,import_kg,1994.0,0.0,False,402925.0
Luxembourg,,import_kg,1995.0,0.0,False,408625.0
Luxembourg,,import_kg,1996.0,0.0,False,414225.0
Luxembourg,,import_kg,1997.0,0.0,False,419450.0
Luxembourg,,import_kg,1998.0,0.0,False,424700.0
Luxembourg,,import_kg,1999.0,8700000.0,False,430475.0
Luxembourg,,import_kg,2000.0,13920000.0,False,436300.0
Luxembourg,,import_kg,2001.0,12600000.0,False,441525.0
Luxembourg,,import_kg,2002.0,15180000.0,False,446175.0
Luxembourg,,import_kg,2003.0,17340000.0,False,451630.0
Luxembourg,,import_kg,2004.0,18960000.0,False,458095.0
Luxembourg,,import_kg,2005.0,19860000.0,False,465158.0
Luxembourg,,import_kg,2006.0,20160000.0,False,472637.0
Luxembourg,,import_kg,2007.0,21600000.0,False,479993.0
Luxembourg,,import_kg,2008.0,21060000.0,False,488650.0
Luxembourg,,import_kg,2009.0,19800000.0,False,497783.0
Luxembourg,,import_kg,2010.0,20940000.0,False,506953.0
Luxembourg,,import_kg,2011.0,19560000.0,False,518347.0
Luxembourg,,import_kg,2012.0,19380000.0,False,530946.0
Luxembourg,,import_kg,2013.0,22680000.0,False,543360.0
Luxembourg,,import_kg,2014.0,24780000.0,False,556319.0
Luxembourg,,import_kg,2015.0,22560000.0,False,569604.0
Luxembourg,,import_kg,2016.0,23640000.0,False,582014.0
Luxembourg,,import_kg,2017.0,22800000.0,False,596336.0
Luxembourg,,import_kg,2018.0,25980000.0,False,607950.0
Luxembourg,,import_kg,2019.0,24120000.0,False,620001.0
Malta,,import_kg,1990.0,1260000.0,False,354170.0
Malta,,import_kg,1991.0,960000.0,False,363845.0
Malta,,import_kg,1992.0,1080000.0,False,367618.0
Malta,,import_kg,1993.0,1380000.0,False,371308.0
Malta,,import_kg,1994.0,780000.0,False,374797.0
Malta,,import_kg,1995.0,1380000.0,False,377419.0
Malta,,import_kg,1996.0,540000.0,False,379905.0
Malta,,import_kg,1997.0,540000.0,False,382791.0
Malta,,import_kg,1998.0,600000.0,False,385287.0
Malta,,import_kg,1999.0,540000.0,False,387578.0
Malta,,import_kg,2000.0,540000.0,False,390087.0
Malta,,import_kg,2001.0,540000.0,False,393028.0
Malta,,import_kg,2002.0,600000.0,False,395969.0
Malta,,import_kg,2003.0,660000.0,False,398582.0
Malta,,import_kg,2004.0,960000.0,False,401268.0
Malta,,import_kg,2005.0,960000.0,False,403834.0
Malta,,import_kg,2006.0,1740000.0,False,405308.0
Malta,,import_kg,2007.0,960000.0,False,406724.0
Malta,,import_kg,2008.0,1380000.0,False,409379.0
Malta,,import_kg,2009.0,840000.0,False,412477.0
Malta,,import_kg,2010.0,720000.0,False,414508.0
Malta,,import_kg,2011.0,1020000.0,False,416268.0
Malta,,import_kg,2012.0,1260000.0,False,420028.0
Malta,,import_kg,2013.0,1320000.0,False,424810.0
Malta,,import_kg,2014.0,1500000.0,False,433481.0
Malta,,import_kg,2015.0,960000.0,False,444220.0
Malta,,import_kg,2016.0,1140000.0,False,454505.0
Malta,,import_kg,2017.0,1020000.0,False,467106.0
Malta,,import_kg,2018.0,1140000.0,False,483903.0
Malta,,import_kg,2019.0,1380000.0,False,503912.0
Netherlands,,import_kg,1990.0,187680000.0,False,14951510.0
Netherlands,,import_kg,1991.0,187260000.0,False,15069798.0
Netherlands,,import_kg,1992.0,192300000.0,False,15184166.0
Netherlands,,import_kg,1993.0,168240000.0,False,15290368.0
Netherlands,,import_kg,1994.0,168000000.0,False,15382838.0
Netherlands,,import_kg,1995.0,174600000.0,False,15459006.0
Netherlands,,import_kg,1996.0,185040000.0,False,15530498.0
Netherlands,,import_kg,1997.0,175440000.0,False,15610650.0
Netherlands,,import_kg,1998.0,171720000.0,False,15707209.0
Netherlands,,import_kg,1999.0,153960000.0,False,15812088.0
Netherlands,,import_kg,2000.0,177960000.0,False,15925513.0
Netherlands,,import_kg,2001.0,167640000.0,False,16046180.0
Netherlands,,import_kg,2002.0,165600000.0,False,16148929.0
Netherlands,,import_kg,2003.0,190560000.0,False,16225302.0
Netherlands,,import_kg,2004.0,189540000.0,False,16281779.0
Netherlands,,import_kg,2005.0,179280000.0,False,16319868.0
Netherlands,,import_kg,2006.0,197580000.0,False,16346101.0
Netherlands,,import_kg,2007.0,211860000.0,False,16381696.0
Netherlands,,import_kg,2008.0,138240000.0,False,16445593.0
Netherlands,,import_kg,2009.0,150120000.0,False,16530388.0
Netherlands,,import_kg,2010.0,154980000.0,False,16615394.0
Netherlands,,import_kg,2011.0,160680000.0,False,16693074.0
Netherlands,,import_kg,2012.0,163800000.0,False,16754962.0
Netherlands,,import_kg,2013.0,204420000.0,False,16804432.0
Netherlands,,import_kg,2014.0,240960000.0,False,16865008.0
Netherlands,,import_kg,2015.0,250560000.0,False,16939923.0
Netherlands,,import_kg,2016.0,286860000.0,False,17030314.0
Netherlands,,import_kg,2017.0,304080000.0,False,17131296.0
Netherlands,,import_kg,2018.0,331200000.0,False,17231624.0
Netherlands,,import_kg,2019.0,321240000.0,False,17344874.0
Norway,,import_kg,1990.0,44520000.0,False,4241473.0
Norway,,import_kg,1991.0,45660000.0,False,4261732.0
Norway,,import_kg,1992.0,44340000.0,False,4286401.0
Norway,,import_kg,1993.0,41580000.0,False,4311991.0
Norway,,import_kg,1994.0,48360000.0,False,4336613.0
Norway,,import_kg,1995.0,39720000.0,False,4359184.0
Norway,,import_kg,1996.0,43200000.0,False,4381336.0
Norway,,import_kg,1997.0,41040000.0,False,4405157.0
Norway,,import_kg,1998.0,42420000.0,False,4431464.0
Norway,,import_kg,1999.0,47400000.0,False,4461913.0
Norway,,import_kg,2000.0,39720000.0,False,4490967.0
Norway,,import_kg,2001.0,42960000.0,False,4513751.0
Norway,,import_kg,2002.0,41880000.0,False,4538159.0
Norway,,import_kg,2003.0,41460000.0,False,4564855.0
Norway,,import_kg,2004.0,42960000.0,False,4591910.0
Norway,,import_kg,2005.0,45180000.0,False,4623291.0
Norway,,import_kg,2006.0,43860000.0,False,4660677.0
Norway,,import_kg,2007.0,46800000.0,False,4709153.0
Norway,,import_kg,2008.0,43320000.0,False,4768212.0
Norway,,import_kg,2009.0,43440000.0,False,4828726.0
Norway,,import_kg,2010.0,45540000.0,False,4889252.0
Norway,,import_kg,2011.0,47700000.0,False,4953088.0
Norway,,import_kg,2012.0,44100000.0,False,5018573.0
Norway,,import_kg,2013.0,46860000.0,False,5079623.0
Norway,,import_kg,2014.0,44580000.0,False,5137232.0
Norway,,import_kg,2015.0,48000000.0,False,5188607.0
Norway,,import_kg,2016.0,47940000.0,False,5234519.0
Norway,,import_kg,2017.0,48060000.0,False,5276968.0
Norway,,import_kg,2018.0,44580000.0,False,5311916.0
Norway,,import_kg,2019.0,47160000.0,False,5347896.0
Poland,,import_kg,1990.0,26100000.0,False,38110782.0
Poland,,import_kg,1991.0,15000000.0,False,38246193.0
Poland,,import_kg,1992.0,107220000.0,False,38363667.0
Poland,,import_kg,1993.0,100200000.0,False,38461408.0
Poland,,import_kg,1994.0,110580000.0,False,38542652.0
Poland,,import_kg,1995.0,106260000.0,False,38594998.0
Poland,,import_kg,1996.0,115440000.0,False,38624370.0
Poland,,import_kg,1997.0,135180000.0,False,38649660.0
Poland,,import_kg,1998.0,137580000.0,False,38663481.0
Poland,,import_kg,1999.0,144240000.0,False,38660271.0
Poland,,import_kg,2000.0,154560000.0,False,38258629.0
Poland,,import_kg,2001.0,163140000.0,False,38248076.0
Poland,,import_kg,2002.0,158580000.0,False,38230364.0
Poland,,import_kg,2003.0,159840000.0,False,38204570.0
Poland,,import_kg,2004.0,161220000.0,False,38182222.0
Poland,,import_kg,2005.0,167520000.0,False,38165445.0
Poland,,import_kg,2006.0,159240000.0,False,38141267.0
Poland,,import_kg,2007.0,135840000.0,False,38120560.0
Poland,,import_kg,2008.0,147600000.0,False,38125759.0
Poland,,import_kg,2009.0,189720000.0,False,38151603.0
Poland,,import_kg,2010.0,196740000.0,False,38042794.0
Poland,,import_kg,2011.0,204240000.0,False,38063255.0
Poland,,import_kg,2012.0,212580000.0,False,38063164.0
Poland,,import_kg,2013.0,197040000.0,False,38040196.0
Poland,,import_kg,2014.0,193740000.0,False,38011735.0
Poland,,import_kg,2015.0,219960000.0,False,37986412.0
Poland,,import_kg,2016.0,229620000.0,False,37970087.0
Poland,,import_kg,2017.0,239940000.0,False,37974826.0
Poland,,import_kg,2018.0,259500000.0,False,37974750.0
Poland,,import_kg,2019.0,267120000.0,False,37965475.0
Portugal,,import_kg,1990.0,33120000.0,False,9983218.0
Portugal,,import_kg,1991.0,33420000.0,False,9960235.0
Portugal,,import_kg,1992.0,35460000.0,False,9952494.0
Portugal,,import_kg,1993.0,39960000.0,False,9964675.0
Portugal,,import_kg,1994.0,39840000.0,False,9991525.0
Portugal,,import_kg,1995.0,37980000.0,False,10026176.0
Portugal,,import_kg,1996.0,44580000.0,False,10063945.0
Portugal,,import_kg,1997.0,43620000.0,False,10108977.0
Portugal,,import_kg,1998.0,45720000.0,False,10160196.0
Portugal,,import_kg,1999.0,49020000.0,False,10217828.0
Portugal,,import_kg,2000.0,48660000.0,False,10289898.0
Portugal,,import_kg,2001.0,50580000.0,False,10362722.0
Portugal,,import_kg,2002.0,50280000.0,False,10419631.0
Portugal,,import_kg,2003.0,50040000.0,False,10458821.0
Portugal,,import_kg,2004.0,50280000.0,False,10483861.0
Portugal,,import_kg,2005.0,49860000.0,False,10503330.0
Portugal,,import_kg,2006.0,51720000.0,False,10522288.0
Portugal,,import_kg,2007.0,54660000.0,False,10542964.0
Portugal,,import_kg,2008.0,53100000.0,False,10558177.0
Portugal,,import_kg,2009.0,53220000.0,False,10568247.0
Portugal,,import_kg,2010.0,60600000.0,False,10573100.0
Portugal,,import_kg,2011.0,63480000.0,False,10557560.0
Portugal,,import_kg,2012.0,64560000.0,False,10514844.0
Portugal,,import_kg,2013.0,63780000.0,False,10457295.0
Portugal,,import_kg,2014.0,63600000.0,False,10401062.0
Portugal,,import_kg,2015.0,62640000.0,False,10358076.0
Portugal,,import_kg,2016.0,67680000.0,False,10325452.0
Portugal,,import_kg,2017.0,65640000.0,False,10300300.0
Portugal,,import_kg,2018.0,68400000.0,False,10283822.0
Portugal,,import_kg,2019.0,73200000.0,False,10286263.0
Romania,,import_kg,1990.0,26520000.0,False,23201835.0
Romania,,import_kg,1991.0,20100000.0,False,23001155.0
Romania,,import_kg,1992.0,36180000.0,False,22794284.0
Romania,,import_kg,1993.0,25500000.0,False,22763280.0
Romania,,import_kg,1994.0,20820000.0,False,22730211.0
Romania,,import_kg,1995.0,33060000.0,False,22684270.0
Romania,,import_kg,1996.0,41820000.0,False,22619004.0
Romania,,import_kg,1997.0,37860000.0,False,22553978.0
Romania,,import_kg,1998.0,35700000.0,False,22507344.0
Romania,,import_kg,1999.0,30660000.0,False,22472040.0
Romania,,import_kg,2000.0,33120000.0,False,22442971.0
Romania,,import_kg,2001.0,37980000.0,False,22131970.0
Romania,,import_kg,2002.0,44280000.0,False,21730496.0
Romania,,import_kg,2003.0,45300000.0,False,21574326.0
Romania,,import_kg,2004.0,49680000.0,False,21451748.0
Romania,,import_kg,2005.0,52440000.0,False,21319685.0
Romania,,import_kg,2006.0,51240000.0,False,21193760.0
Romania,,import_kg,2007.0,50400000.0,False,20882982.0
Romania,,import_kg,2008.0,49560000.0,False,20537875.0
Romania,,import_kg,2009.0,48660000.0,False,20367487.0
Romania,,import_kg,2010.0,50340000.0,False,20246871.0
Romania,,import_kg,2011.0,50640000.0,False,20147528.0
Romania,,import_kg,2012.0,54180000.0,False,20058035.0
Romania,,import_kg,2013.0,58260000.0,False,19983693.0
Romania,,import_kg,2014.0,57480000.0,False,19908979.0
Romania,,import_kg,2015.0,60720000.0,False,19815616.0
Romania,,import_kg,2016.0,68040000.0,False,19702267.0
Romania,,import_kg,2017.0,69300000.0,False,19588715.0
Romania,,import_kg,2018.0,70440000.0,False,19473970.0
Romania,,import_kg,2019.0,69900000.0,False,19371648.0
Russian Federation,,import_kg,1990.0,0.0,False,147969406.0
Russian Federation,,import_kg,1991.0,0.0,False,148394216.0
Russian Federation,,import_kg,1992.0,82920000.0,False,148538197.0
Russian Federation,,import_kg,1993.0,107700000.0,False,148458777.0
Russian Federation,,import_kg,1994.0,103560000.0,False,148407912.0
Russian Federation,,import_kg,1995.0,103680000.0,False,148375787.0
Russian Federation,,import_kg,1996.0,67680000.0,False,148160129.0
Russian Federation,,import_kg,1997.0,131100000.0,False,147915361.0
Russian Federation,,import_kg,1998.0,103920000.0,False,147670784.0
Russian Federation,,import_kg,1999.0,82080000.0,False,147214776.0
Russian Federation,,import_kg,2000.0,113400000.0,False,146596869.0
Russian Federation,,import_kg,2001.0,183420000.0,False,145976482.0
Russian Federation,,import_kg,2002.0,210240000.0,False,145306497.0
Russian Federation,,import_kg,2003.0,226320000.0,False,144648618.0
Russian Federation,,import_kg,2004.0,192300000.0,False,144067316.0
Russian Federation,,import_kg,2005.0,200160000.0,False,143518814.0
Russian Federation,,import_kg,2006.0,207900000.0,False,143049637.0
Russian Federation,,import_kg,2007.0,259080000.0,False,142805114.0
Russian Federation,,import_kg,2008.0,243180000.0,False,142742366.0
Russian Federation,,import_kg,2009.0,213180000.0,False,142785348.0
Russian Federation,,import_kg,2010.0,249300000.0,False,142849468.0
Russian Federation,,import_kg,2011.0,253080000.0,False,143018195.0
Russian Federation,,import_kg,2012.0,250500000.0,False,143378447.0
Russian Federation,,import_kg,2013.0,264600000.0,False,143805638.0
Russian Federation,,import_kg,2014.0,284820000.0,False,144237223.0
Russian Federation,,import_kg,2015.0,282600000.0,False,144640716.0
Russian Federation,,import_kg,2016.0,313980000.0,False,145015460.0
Russian Federation,,import_kg,2017.0,328080000.0,False,145293260.0
Russian Federation,,import_kg,2018.0,317280000.0,False,145398106.0
Russian Federation,,import_kg,2019.0,355020000.0,False,145453291.0
Slovakia,,import_kg,1990.0,0.0,False,5299187.0
Slovakia,,import_kg,1991.0,0.0,False,5303294.0
Slovakia,,import_kg,1992.0,0.0,False,5305016.0
Slovakia,,import_kg,1993.0,17280000.0,False,5325305.0
Slovakia,,import_kg,1994.0,15420000.0,False,5346331.0
Slovakia,,import_kg,1995.0,15000000.0,False,5361999.0
Slovakia,,import_kg,1996.0,15660000.0,False,5373361.0
Slovakia,,import_kg,1997.0,15180000.0,False,5383291.0
Slovakia,,import_kg,1998.0,15540000.0,False,5390516.0
Slovakia,,import_kg,1999.0,16140000.0,False,5396020.0
Slovakia,,import_kg,2000.0,17160000.0,False,5388720.0
Slovakia,,import_kg,2001.0,19020000.0,False,5378867.0
Slovakia,,import_kg,2002.0,18000000.0,False,5376912.0
Slovakia,,import_kg,2003.0,18180000.0,False,5373374.0
Slovakia,,import_kg,2004.0,17880000.0,False,5372280.0
Slovakia,,import_kg,2005.0,18480000.0,False,5372807.0
Slovakia,,import_kg,2006.0,20820000.0,False,5373054.0
Slovakia,,import_kg,2007.0,30480000.0,False,5374622.0
Slovakia,,import_kg,2008.0,36660000.0,False,5379233.0
Slovakia,,import_kg,2009.0,27480000.0,False,5386406.0
Slovakia,,import_kg,2010.0,39300000.0,False,5391428.0
Slovakia,,import_kg,2011.0,46620000.0,False,5398384.0
Slovakia,,import_kg,2012.0,46320000.0,False,5407579.0
Slovakia,,import_kg,2013.0,47880000.0,False,5413393.0
Slovakia,,import_kg,2014.0,55140000.0,False,5418649.0
Slovakia,,import_kg,2015.0,54600000.0,False,5423801.0
Slovakia,,import_kg,2016.0,54360000.0,False,5430798.0
Slovakia,,import_kg,2017.0,43380000.0,False,5439232.0
Slovakia,,import_kg,2018.0,53400000.0,False,5446771.0
Slovakia,,import_kg,2019.0,46380000.0,False,5454147.0
Slovenia,,import_kg,1990.0,0.0,False,1998161.0
Slovenia,,import_kg,1991.0,0.0,False,1999429.0
Slovenia,,import_kg,1992.0,7380000.0,False,1996498.0
Slovenia,,import_kg,1993.0,9120000.0,False,1991746.0
Slovenia,,import_kg,1994.0,9540000.0,False,1989443.0
Slovenia,,import_kg,1995.0,8880000.0,False,1989872.0
Slovenia,,import_kg,1996.0,10500000.0,False,1988628.0
Slovenia,,import_kg,1997.0,10260000.0,False,1985956.0
Slovenia,,import_kg,1998.0,10440000.0,False,1981629.0
Slovenia,,import_kg,1999.0,10920000.0,False,1983045.0
Slovenia,,import_kg,2000.0,11220000.0,False,1988925.0
Slovenia,,import_kg,2001.0,11640000.0,False,1992060.0
Slovenia,,import_kg,2002.0,12060000.0,False,1994530.0
Slovenia,,import_kg,2003.0,10620000.0,False,1995733.0
Slovenia,,import_kg,2004.0,11760000.0,False,1997012.0
Slovenia,,import_kg,2005.0,11460000.0,False,2000474.0
Slovenia,,import_kg,2006.0,11220000.0,False,2006868.0
Slovenia,,import_kg,2007.0,12300000.0,False,2018122.0
Slovenia,,import_kg,2008.0,12300000.0,False,2021316.0
Slovenia,,import_kg,2009.0,12600000.0,False,2039669.0
Slovenia,,import_kg,2010.0,13080000.0,False,2048583.0
Slovenia,,import_kg,2011.0,13380000.0,False,2052843.0
Slovenia,,import_kg,2012.0,13260000.0,False,2057159.0
Slovenia,,import_kg,2013.0,15480000.0,False,2059953.0
Slovenia,,import_kg,2014.0,16140000.0,False,2061980.0
Slovenia,,import_kg,2015.0,16320000.0,False,2063531.0
Slovenia,,import_kg,2016.0,19380000.0,False,2065042.0
Slovenia,,import_kg,2017.0,24060000.0,False,2066388.0
Slovenia,,import_kg,2018.0,33000000.0,False,2073894.0
Slovenia,,import_kg,2019.0,37200000.0,False,2088385.0
Spain,,import_kg,1990.0,183180000.0,False,38867322.0
Spain,,import_kg,1991.0,178200000.0,False,38966376.0
Spain,,import_kg,1992.0,204840000.0,False,39157685.0
Spain,,import_kg,1993.0,168780000.0,False,39361262.0
Spain,,import_kg,1994.0,181680000.0,False,39549108.0
Spain,,import_kg,1995.0,188760000.0,False,39724050.0
Spain,,import_kg,1996.0,210900000.0,False,39889852.0
Spain,,import_kg,1997.0,226620000.0,False,40057389.0
Spain,,import_kg,1998.0,223080000.0,False,40223509.0
Spain,,import_kg,1999.0,239160000.0,False,40386875.0
Spain,,import_kg,2000.0,226080000.0,False,40567864.0
Spain,,import_kg,2001.0,243480000.0,False,40850412.0
Spain,,import_kg,2002.0,241560000.0,False,41431558.0
Spain,,import_kg,2003.0,248160000.0,False,42187645.0
Spain,,import_kg,2004.0,250380000.0,False,42921895.0
Spain,,import_kg,2005.0,261360000.0,False,43653155.0
Spain,,import_kg,2006.0,272280000.0,False,44397319.0
Spain,,import_kg,2007.0,292500000.0,False,45226803.0
Spain,,import_kg,2008.0,291840000.0,False,45954106.0
Spain,,import_kg,2009.0,288660000.0,False,46362946.0
Spain,,import_kg,2010.0,302040000.0,False,46576897.0
Spain,,import_kg,2011.0,289260000.0,False,46742697.0
Spain,,import_kg,2012.0,305640000.0,False,46773055.0
Spain,,import_kg,2013.0,308220000.0,False,46604197.0
Spain,,import_kg,2014.0,324360000.0,False,46460733.0
Spain,,import_kg,2015.0,325740000.0,False,46422303.0
Spain,,import_kg,2016.0,339600000.0,False,46458139.0
Spain,,import_kg,2017.0,324840000.0,False,46571232.0
Spain,,import_kg,2018.0,340380000.0,False,46782011.0
Spain,,import_kg,2019.0,359040000.0,False,47118501.0
Sweden,,import_kg,1990.0,106020000.0,False,8558835.0
Sweden,,import_kg,1991.0,103020000.0,False,8617375.0
Sweden,,import_kg,1992.0,106320000.0,False,8668067.0
Sweden,,import_kg,1993.0,105420000.0,False,8718561.0
Sweden,,import_kg,1994.0,113580000.0,False,8780745.0
Sweden,,import_kg,1995.0,85200000.0,False,8826939.0
Sweden,,import_kg,1996.0,91320000.0,False,8840998.0
Sweden,,import_kg,1997.0,88380000.0,False,8846062.0
Sweden,,import_kg,1998.0,86400000.0,False,8850974.0
Sweden,,import_kg,1999.0,87360000.0,False,8857874.0
Sweden,,import_kg,2000.0,80640000.0,False,8872109.0
Sweden,,import_kg,2001.0,85920000.0,False,8895960.0
Sweden,,import_kg,2002.0,87780000.0,False,8924958.0
Sweden,,import_kg,2003.0,86100000.0,False,8958229.0
Sweden,,import_kg,2004.0,89700000.0,False,8993531.0
Sweden,,import_kg,2005.0,101580000.0,False,9029572.0
Sweden,,import_kg,2006.0,109200000.0,False,9080505.0
Sweden,,import_kg,2007.0,106200000.0,False,9148092.0
Sweden,,import_kg,2008.0,108240000.0,False,9219637.0
Sweden,,import_kg,2009.0,99540000.0,False,9298515.0
Sweden,,import_kg,2010.0,103620000.0,False,9378126.0
Sweden,,import_kg,2011.0,98820000.0,False,9449213.0
Sweden,,import_kg,2012.0,100800000.0,False,9519374.0
Sweden,,import_kg,2013.0,102540000.0,False,9600379.0
Sweden,,import_kg,2014.0,131880000.0,False,9696110.0
Sweden,,import_kg,2015.0,127260000.0,False,9799186.0
Sweden,,import_kg,2016.0,141000000.0,False,9923085.0
Sweden,,import_kg,2017.0,138360000.0,False,10057698.0
Sweden,,import_kg,2018.0,135720000.0,False,10175214.0
Sweden,,import_kg,2019.0,140880000.0,False,10278887.0
Switzerland,,import_kg,1990.0,70260000.0,False,6715519.0
Switzerland,,import_kg,1991.0,67800000.0,False,6799978.0
Switzerland,,import_kg,1992.0,66060000.0,False,6875364.0
Switzerland,,import_kg,1993.0,63600000.0,False,6938265.0
Switzerland,,import_kg,1994.0,65940000.0,False,6993795.0
Switzerland,,import_kg,1995.0,61020000.0,False,7040687.0
Switzerland,,import_kg,1996.0,66720000.0,False,7071850.0
Switzerland,,import_kg,1997.0,58260000.0,False,7088906.0
Switzerland,,import_kg,1998.0,66720000.0,False,7110001.0
Switzerland,,import_kg,1999.0,68340000.0,False,7143991.0
Switzerland,,import_kg,2000.0,70260000.0,False,7184250.0
Switzerland,,import_kg,2001.0,75300000.0,False,7229854.0
Switzerland,,import_kg,2002.0,73020000.0,False,7284753.0
Switzerland,,import_kg,2003.0,79320000.0,False,7339001.0
Switzerland,,import_kg,2004.0,74160000.0,False,7389625.0
Switzerland,,import_kg,2005.0,98460000.0,False,7437115.0
Switzerland,,import_kg,2006.0,90180000.0,False,7483934.0
Switzerland,,import_kg,2007.0,109380000.0,False,7551117.0
Switzerland,,import_kg,2008.0,118680000.0,False,7647675.0
Switzerland,,import_kg,2009.0,126060000.0,False,7743831.0
Switzerland,,import_kg,2010.0,139080000.0,False,7824909.0
Switzerland,,import_kg,2011.0,149880000.0,False,7912398.0
Switzerland,,import_kg,2012.0,148680000.0,False,7996861.0
Switzerland,,import_kg,2013.0,160020000.0,False,8089346.0
Switzerland,,import_kg,2014.0,158580000.0,False,8188649.0
Switzerland,,import_kg,2015.0,164880000.0,False,8282396.0
Switzerland,,import_kg,2016.0,168960000.0,False,8373338.0
Switzerland,,import_kg,2017.0,174240000.0,False,8451840.0
Switzerland,,import_kg,2018.0,185160000.0,False,8514329.0
Switzerland,,import_kg,2019.0,193680000.0,False,8575280.0
Tunisia,,import_kg,1990.0,6060000.0,False,8324509.0
Tunisia,,import_kg,1991.0,5400000.0,False,8501827.0
Tunisia,,import_kg,1992.0,6660000.0,False,8682512.0
Tunisia,,import_kg,1993.0,6060000.0,False,8857910.0
Tunisia,,import_kg,1994.0,8220000.0,False,9018448.0
Tunisia,,import_kg,1995.0,8220000.0,False,9161258.0
Tunisia,,import_kg,1996.0,8640000.0,False,9294432.0
Tunisia,,import_kg,1997.0,9900000.0,False,9421270.0
Tunisia,,import_kg,1998.0,8820000.0,False,9541667.0
Tunisia,,import_kg,1999.0,11160000.0,False,9655963.0
Tunisia,,import_kg,2000.0,11520000.0,False,9764935.0
Tunisia,,import_kg,2001.0,13980000.0,False,9869677.0
Tunisia,,import_kg,2002.0,14160000.0,False,9971515.0
Tunisia,,import_kg,2003.0,7380000.0,False,10071632.0
Tunisia,,import_kg,2004.0,15840000.0,False,10166163.0
Tunisia,,import_kg,2005.0,11400000.0,False,10255472.0
Tunisia,,import_kg,2006.0,12540000.0,False,10346410.0
Tunisia,,import_kg,2007.0,15180000.0,False,10441702.0
Tunisia,,import_kg,2008.0,19080000.0,False,10542635.0
Tunisia,,import_kg,2009.0,17340000.0,False,10650681.0
Tunisia,,import_kg,2010.0,18240000.0,False,10765980.0
Tunisia,,import_kg,2011.0,25740000.0,False,10886035.0
Tunisia,,import_kg,2012.0,26340000.0,False,11009647.0
Tunisia,,import_kg,2013.0,26340000.0,False,11141361.0
Tunisia,,import_kg,2014.0,27600000.0,False,11274288.0
Tunisia,,import_kg,2015.0,27540000.0,False,11402264.0
Tunisia,,import_kg,2016.0,27960000.0,False,11528674.0
Tunisia,,import_kg,2017.0,32760000.0,False,11650498.0
Tunisia,,import_kg,2018.0,31980000.0,False,11765514.0
Tunisia,,import_kg,2019.0,30480000.0,False,11875081.0
United Kingdom,,import_kg,1990.0,173880000.0,False,57247586.0
United Kingdom,,import_kg,1991.0,168360000.0,False,57424897.0
United Kingdom,,import_kg,1992.0,185280000.0,False,57580402.0
United Kingdom,,import_kg,1993.0,191820000.0,False,57718614.0
United Kingdom,,import_kg,1994.0,207960000.0,False,57865745.0
United Kingdom,,import_kg,1995.0,168420000.0,False,58019030.0
United Kingdom,,import_kg,1996.0,174180000.0,False,58166950.0
United Kingdom,,import_kg,1997.0,175740000.0,False,58316954.0
United Kingdom,,import_kg,1998.0,188520000.0,False,58487141.0
United Kingdom,,import_kg,1999.0,174420000.0,False,58682466.0
United Kingdom,,import_kg,2000.0,180720000.0,False,58892514.0
United Kingdom,,import_kg,2001.0,183720000.0,False,59119673.0
United Kingdom,,import_kg,2002.0,178260000.0,False,59370479.0
United Kingdom,,import_kg,2003.0,180120000.0,False,59647577.0
United Kingdom,,import_kg,2004.0,199740000.0,False,59987905.0
United Kingdom,,import_kg,2005.0,205980000.0,False,60401206.0
United Kingdom,,import_kg,2006.0,242760000.0,False,60846820.0
United Kingdom,,import_kg,2007.0,226860000.0,False,61322463.0
United Kingdom,,import_kg,2008.0,238020000.0,False,61806995.0
United Kingdom,,import_kg,2009.0,247860000.0,False,62276270.0
United Kingdom,,import_kg,2010.0,258120000.0,False,62766365.0
United Kingdom,,import_kg,2011.0,250980000.0,False,63258810.0
United Kingdom,,import_kg,2012.0,247560000.0,False,63711000.0
United Kingdom,,import_kg,2013.0,252360000.0,False,64138000.0
United Kingdom,,import_kg,2014.0,259140000.0,False,64619000.0
United Kingdom,,import_kg,2015.0,293700000.0,False,65087000.0
United Kingdom,,import_kg,2016.0,303120000.0,False,65606000.0
United Kingdom,,import_kg,2017.0,299340000.0,False,65964000.0
United Kingdom,,import_kg,2018.0,341280000.0,False,66287000.0
United Kingdom,,import_kg,2019.0,333240000.0,False,66628000.0
United States of America,,import_kg,1990.0,1260420000.0,False,249623000.0
United States of America,,import_kg,1991.0,1190400000.0,False,252981000.0
United States of America,,import_kg,1992.0,1376340000.0,False,256514000.0
United States of America,,import_kg,1993.0,1159740000.0,False,259919000.0
United States of America,,import_kg,1994.0,970260000.0,False,263126000.0
United States of America,,import_kg,1995.0,1026420000.0,False,266278000.0
United States of America,,import_kg,1996.0,1166700000.0,False,269394000.0
United States of America,,import_kg,1997.0,1220580000.0,False,272657000.0
United States of America,,import_kg,1998.0,1261800000.0,False,275854000.0
United States of America,,import_kg,1999.0,1364760000.0,False,279040000.0
United States of America,,import_kg,2000.0,1426020000.0,False,282162411.0
United States of America,,import_kg,2001.0,1284900000.0,False,284968955.0
United States of America,,import_kg,2002.0,1298340000.0,False,287625193.0
United States of America,,import_kg,2003.0,1365600000.0,False,290107933.0
United States of America,,import_kg,2004.0,1391040000.0,False,292805298.0
United States of America,,import_kg,2005.0,1382520000.0,False,295516599.0
United States of America,,import_kg,2006.0,1422540000.0,False,298379912.0
United States of America,,import_kg,2007.0,1453140000.0,False,301231207.0
United States of America,,import_kg,2008.0,1456620000.0,False,304093966.0
United States of America,,import_kg,2009.0,1414680000.0,False,306771529.0
United States of America,,import_kg,2010.0,1462680000.0,False,309378227.0
United States of America,,import_kg,2011.0,1565580000.0,False,311839461.0
United States of America,,import_kg,2012.0,1563360000.0,False,314339099.0
United States of America,,import_kg,2013.0,1620960000.0,False,316726282.0
United States of America,,import_kg,2014.0,1653900000.0,False,319257560.0
United States of America,,import_kg,2015.0,1662480000.0,False,321815121.0
United States of America,,import_kg,2016.0,1730280000.0,False,324353340.0
United States of America,,import_kg,2017.0,1769280000.0,False,326608609.0
United States of America,,import_kg,2018.0,1735080000.0,False,328529577.0
United States of America,,import_kg,2019.0,1851240000.0,False,330226227.0
Austria,,importer_consumption_kg,1990.0,80400000.0,False,7677850.0
Austria,,importer_consumption_kg,1991.0,78120000.0,False,7754891.0
Austria,,importer_consumption_kg,1992.0,72720000.0,False,7840709.0
Austria,,importer_consumption_kg,1993.0,80100000.0,False,7905633.0
Austria,,importer_consumption_kg,1994.0,65160000.0,False,7936118.0
Austria,,importer_consumption_kg,1995.0,60720000.0,False,7948278.0
Austria,,importer_consumption_kg,1996.0,64560000.0,False,7959017.0
Austria,,importer_consumption_kg,1997.0,65220000.0,False,7968041.0
Austria,,importer_consumption_kg,1998.0,66300000.0,False,7976789.0
Austria,,importer_consumption_kg,1999.0,67380000.0,False,7992324.0
Austria,,importer_consumption_kg,2000.0,52500000.0,False,8011566.0
Austria,,importer_consumption_kg,2001.0,60780000.0,False,8042293.0
Austria,,importer_consumption_kg,2002.0,55560000.0,False,8081957.0
Austria,,importer_consumption_kg,2003.0,43200000.0,False,8121423.0
Austria,,importer_consumption_kg,2004.0,59760000.0,False,8171966.0
Austria,,importer_consumption_kg,2005.0,46320000.0,False,8227829.0
Austria,,importer_consumption_kg,2006.0,36720000.0,False,8268641.0
Austria,,importer_consumption_kg,2007.0,50820000.0,False,8295487.0
Austria,,importer_consumption_kg,2008.0,54480000.0,False,8321496.0
Austria,,importer_consumption_kg,2009.0,53160000.0,False,8343323.0
Austria,,importer_consumption_kg,2010.0,54180000.0,False,8363404.0
Austria,,importer_consumption_kg,2011.0,67020000.0,False,8391643.0
Austria,,importer_consumption_kg,2012.0,76140000.0,False,8429991.0
Austria,,importer_consumption_kg,2013.0,74940000.0,False,8479823.0
Austria,,importer_consumption_kg,2014.0,68100000.0,False,8546356.0
Austria,,importer_consumption_kg,2015.0,68160000.0,False,8642699.0
Austria,,importer_consumption_kg,2016.0,71580000.0,False,8736668.0
Austria,,importer_consumption_kg,2017.0,69720000.0,False,8797566.0
Austria,,importer_consumption_kg,2018.0,70320000.0,False,8840521.0
Austria,,importer_consumption_kg,2019.0,70380000.0,False,8879920.0
Belgium,,importer_consumption_kg,1990.0,0.0,False,9967379.0
Belgium,,importer_consumption_kg,1991.0,0.0,False,10004486.0
Belgium,,importer_consumption_kg,1992.0,0.0,False,10045158.0
Belgium,,importer_consumption_kg,1993.0,0.0,False,10084475.0
Belgium,,importer_consumption_kg,1994.0,0.0,False,10115603.0
Belgium,,importer_consumption_kg,1995.0,0.0,False,10136811.0
Belgium,,importer_consumption_kg,1996.0,0.0,False,10156637.0
Belgium,,importer_consumption_kg,1997.0,0.0,False,10181245.0
Belgium,,importer_consumption_kg,1998.0,0.0,False,10203008.0
Belgium,,importer_consumption_kg,1999.0,50040000.0,False,10226419.0
Belgium,,importer_consumption_kg,2000.0,67980000.0,False,10251250.0
Belgium,,importer_consumption_kg,2001.0,53040000.0,False,10286570.0
Belgium,,importer_consumption_kg,2002.0,89040000.0,False,10332785.0
Belgium,,importer_consumption_kg,2003.0,94740000.0,False,10376133.0
Belgium,,importer_consumption_kg,2004.0,83760000.0,False,10421137.0
Belgium,,importer_consumption_kg,2005.0,69480000.0,False,10478617.0
Belgium,,importer_consumption_kg,2006.0,92220000.0,False,10547958.0
Belgium,,importer_consumption_kg,2007.0,66180000.0,False,10625700.0
Belgium,,importer_consumption_kg,2008.0,39000000.0,False,10709973.0
Belgium,,importer_consumption_kg,2009.0,56040000.0,False,10796493.0
Belgium,,importer_consumption_kg,2010.0,52260000.0,False,10895586.0
Belgium,,importer_consumption_kg,2011.0,56040000.0,False,11038264.0
Belgium,,importer_consumption_kg,2012.0,54900000.0,False,11106932.0
Belgium,,importer_consumption_kg,2013.0,74700000.0,False,11159407.0
Belgium,,importer_consumption_kg,2014.0,75540000.0,False,11209057.0
Belgium,,importer_consumption_kg,2015.0,64440000.0,False,11274196.0
Belgium,,importer_consumption_kg,2016.0,90120000.0,False,11331422.0
Belgium,,importer_consumption_kg,2017.0,78000000.0,False,11375158.0
Belgium,,importer_consumption_kg,2018.0,81900000.0,False,11427054.0
Belgium,,importer_consumption_kg,2019.0,71100000.0,False,11488980.0
Belgium/Luxembourg,,importer_consumption_kg,1990.0,67440000.0,False,9967379.0
Belgium/Luxembourg,,importer_consumption_kg,1991.0,42480000.0,False,10004486.0
Belgium/Luxembourg,,importer_consumption_kg,1992.0,41760000.0,False,10045158.0
Belgium/Luxembourg,,importer_consumption_kg,1993.0,47340000.0,False,10084475.0
Belgium/Luxembourg,,importer_consumption_kg,1994.0,57480000.0,False,10115603.0
Belgium/Luxembourg,,importer_consumption_kg,1995.0,64380000.0,False,10136811.0
Belgium/Luxembourg,,importer_consumption_kg,1996.0,62340000.0,False,10156637.0
Belgium/Luxembourg,,importer_consumption_kg,1997.0,53160000.0,False,10181245.0
Belgium/Luxembourg,,importer_consumption_kg,1998.0,78540000.0,False,10203008.0
Belgium/Luxembourg,,importer_consumption_kg,1999.0,0.0,False,10226419.0
Belgium/Luxembourg,,importer_consumption_kg,2000.0,0.0,False,10251250.0
Belgium/Luxembourg,,importer_consumption_kg,2001.0,0.0,False,10286570.0
Belgium/Luxembourg,,importer_consumption_kg,2002.0,0.0,False,10332785.0
Belgium/Luxembourg,,importer_consumption_kg,2003.0,0.0,False,10376133.0
Belgium/Luxembourg,,importer_consumption_kg,2004.0,0.0,False,10421137.0
Belgium/Luxembourg,,importer_consumption_kg,2005.0,0.0,False,10478617.0
Belgium/Luxembourg,,importer_consumption_kg,2006.0,0.0,False,10547958.0
Belgium/Luxembourg,,importer_consumption_kg,2007.0,0.0,False,10625700.0
Belgium/Luxembourg,,importer_consumption_kg,2008.0,0.0,False,10709973.0
Belgium/Luxembourg,,importer_consumption_kg,2009.0,0.0,False,10796493.0
Belgium/Luxembourg,,importer_consumption_kg,2010.0,0.0,False,10895586.0
Belgium/Luxembourg,,importer_consumption_kg,2011.0,0.0,False,11038264.0
Belgium/Luxembourg,,importer_consumption_kg,2012.0,0.0,False,11106932.0
Belgium/Luxembourg,,importer_consumption_kg,2013.0,0.0,False,11159407.0
Belgium/Luxembourg,,importer_consumption_kg,2014.0,0.0,False,11209057.0
Belgium/Luxembourg,,importer_consumption_kg,2015.0,0.0,False,11274196.0
Belgium/Luxembourg,,importer_consumption_kg,2016.0,0.0,False,11331422.0
Belgium/Luxembourg,,importer_consumption_kg,2017.0,0.0,False,11375158.0
Belgium/Luxembourg,,importer_consumption_kg,2018.0,0.0,False,11427054.0
Belgium/Luxembourg,,importer_consumption_kg,2019.0,0.0,False,11488980.0
Bulgaria,,importer_consumption_kg,1990.0,6120000.0,False,8718289.0
Bulgaria,,importer_consumption_kg,1991.0,1020000.0,False,8632367.0
Bulgaria,,importer_consumption_kg,1992.0,10500000.0,False,8540164.0
Bulgaria,,importer_consumption_kg,1993.0,19620000.0,False,8472313.0
Bulgaria,,importer_consumption_kg,1994.0,21180000.0,False,8443591.0
Bulgaria,,importer_consumption_kg,1995.0,23580000.0,False,8406067.0
Bulgaria,,importer_consumption_kg,1996.0,14760000.0,False,8362826.0
Bulgaria,,importer_consumption_kg,1997.0,16500000.0,False,8312068.0
Bulgaria,,importer_consumption_kg,1998.0,19440000.0,False,8256786.0
Bulgaria,,importer_consumption_kg,1999.0,21780000.0,False,8210624.0
Bulgaria,,importer_consumption_kg,2000.0,16500000.0,False,8170172.0
Bulgaria,,importer_consumption_kg,2001.0,21000000.0,False,8009142.0
Bulgaria,,importer_consumption_kg,2002.0,20460000.0,False,7837161.0
Bulgaria,,importer_consumption_kg,2003.0,23820000.0,False,7775327.0
Bulgaria,,importer_consumption_kg,2004.0,21840000.0,False,7716860.0
Bulgaria,,importer_consumption_kg,2005.0,25800000.0,False,7658972.0
Bulgaria,,importer_consumption_kg,2006.0,25200000.0,False,7601022.0
Bulgaria,,importer_consumption_kg,2007.0,21840000.0,False,7545338.0
Bulgaria,,importer_consumption_kg,2008.0,26700000.0,False,7492561.0
Bulgaria,,importer_consumption_kg,2009.0,24540000.0,False,7444443.0
Bulgaria,,importer_consumption_kg,2010.0,23700000.0,False,7395599.0
Bulgaria,,importer_consumption_kg,2011.0,21600000.0,False,7348328.0
Bulgaria,,importer_consumption_kg,2012.0,22560000.0,False,7305888.0
Bulgaria,,importer_consumption_kg,2013.0,25140000.0,False,7160005.0
Bulgaria,,importer_consumption_kg,2014.0,22560000.0,False,7073572.0
Bulgaria,,importer_consumption_kg,2015.0,24360000.0,False,6984225.0
Bulgaria,,importer_consumption_kg,2016.0,27120000.0,False,6894139.0
Bulgaria,,importer_consumption_kg,2017.0,24900000.0,False,6803468.0
Bulgaria,,importer_consumption_kg,2018.0,25560000.0,False,6710798.0
Bulgaria,,importer_consumption_kg,2019.0,25380000.0,False,6616726.0
Croatia,,importer_consumption_kg,1990.0,0.0,False,4777368.0
Croatia,,importer_consumption_kg,1991.0,0.0,False,4689022.0
Croatia,,importer_consumption_kg,1992.0,8100000.0,False,4575818.0
Croatia,,importer_consumption_kg,1993.0,7920000.0,False,4600463.0
Croatia,,importer_consumption_kg,1994.0,9840000.0,False,4652024.0
Croatia,,importer_consumption_kg,1995.0,17280000.0,False,4620030.0
Croatia,,importer_consumption_kg,1996.0,18240000.0,False,4557097.0
Croatia,,importer_consumption_kg,1997.0,21660000.0,False,4534920.0
Croatia,,importer_consumption_kg,1998.0,19200000.0,False,4532135.0
Croatia,,importer_consumption_kg,1999.0,20220000.0,False,4512597.0
Croatia,,importer_consumption_kg,2000.0,19620000.0,False,4468302.0
Croatia,,importer_consumption_kg,2001.0,20220000.0,False,4299642.0
Croatia,,importer_consumption_kg,2002.0,21300000.0,False,4302174.0
Croatia,,importer_consumption_kg,2003.0,22500000.0,False,4303399.0
Croatia,,importer_consumption_kg,2004.0,22200000.0,False,4304600.0
Croatia,,importer_consumption_kg,2005.0,22440000.0,False,4310145.0
Croatia,,importer_consumption_kg,2006.0,23160000.0,False,4311159.0
Croatia,,importer_consumption_kg,2007.0,23160000.0,False,4310217.0
Croatia,,importer_consumption_kg,2008.0,22620000.0,False,4309705.0
Croatia,,importer_consumption_kg,2009.0,21960000.0,False,4305181.0
Croatia,,importer_consumption_kg,2010.0,22200000.0,False,4295427.0
Croatia,,importer_consumption_kg,2011.0,22020000.0,False,4280622.0
Croatia,,importer_consumption_kg,2012.0,21600000.0,False,4260368.0
Croatia,,importer_consumption_kg,2013.0,23220000.0,False,4233922.0
Croatia,,importer_consumption_kg,2014.0,22080000.0,False,4201598.0
Croatia,,importer_consumption_kg,2015.0,22500000.0,False,4151725.0
Croatia,,importer_consumption_kg,2016.0,22800000.0,False,4106867.0
Croatia,,importer_consumption_kg,2017.0,21660000.0,False,4041407.0
Croatia,,importer_consumption_kg,2018.0,21600000.0,False,3988775.0
Croatia,,importer_consumption_kg,2019.0,22860000.0,False,3949390.0
Cyprus,,importer_consumption_kg,1990.0,1860000.0,False,788351.0
Cyprus,,importer_consumption_kg,1991.0,2700000.0,False,798944.0
Cyprus,,importer_consumption_kg,1992.0,2340000.0,False,810341.0
Cyprus,,importer_consumption_kg,1993.0,4680000.0,False,826034.0
Cyprus,,importer_consumption_kg,1994.0,2700000.0,False,844667.0
Cyprus,,importer_consumption_kg,1995.0,2580000.0,False,862695.0
Cyprus,,importer_consumption_kg,1996.0,3120000.0,False,880290.0
Cyprus,,importer_consumption_kg,1997.0,2760000.0,False,897568.0
Cyprus,,importer_consumption_kg,1998.0,2760000.0,False,914548.0
Cyprus,,importer_consumption_kg,1999.0,3240000.0,False,931234.0
Cyprus,,importer_consumption_kg,2000.0,4020000.0,False,947667.0
Cyprus,,importer_consumption_kg,2001.0,3180000.0,False,964127.0
Cyprus,,importer_consumption_kg,2002.0,3060000.0,False,981440.0
Cyprus,,importer_consumption_kg,2003.0,3180000.0,False,999590.0
Cyprus,,importer_consumption_kg,2004.0,3600000.0,False,1017875.0
Cyprus,,importer_consumption_kg,2005.0,4200000.0,False,1036151.0
Cyprus,,importer_consumption_kg,2006.0,3300000.0,False,1054418.0
Cyprus,,importer_consumption_kg,2007.0,4140000.0,False,1072714.0
Cyprus,,importer_consumption_kg,2008.0,4620000.0,False,1091026.0
Cyprus,,importer_consumption_kg,2009.0,4500000.0,False,1109371.0
Cyprus,,importer_consumption_kg,2010.0,4440000.0,False,1127816.0
Cyprus,,importer_consumption_kg,2011.0,4860000.0,False,1146493.0
Cyprus,,importer_consumption_kg,2012.0,5100000.0,False,1165397.0
Cyprus,,importer_consumption_kg,2013.0,5340000.0,False,1183895.0
Cyprus,,importer_consumption_kg,2014.0,4860000.0,False,1201801.0
Cyprus,,importer_consumption_kg,2015.0,5580000.0,False,1219502.0
Cyprus,,importer_consumption_kg,2016.0,5580000.0,False,1237112.0
Cyprus,,importer_consumption_kg,2017.0,5820000.0,False,1254275.0
Cyprus,,importer_consumption_kg,2018.0,7800000.0,False,1270737.0
Cyprus,,importer_consumption_kg,2019.0,6900000.0,False,1286671.0
Czechia,,importer_consumption_kg,1990.0,39540000.0,False,10333355.0
Czechia,,importer_consumption_kg,1991.0,31500000.0,False,10308578.0
Czechia,,importer_consumption_kg,1992.0,28320000.0,False,10319123.0
Czechia,,importer_consumption_kg,1993.0,26880000.0,False,10329855.0
Czechia,,importer_consumption_kg,1994.0,30540000.0,False,10333587.0
Czechia,,importer_consumption_kg,1995.0,30660000.0,False,10327253.0
Czechia,,importer_consumption_kg,1996.0,28500000.0,False,10315241.0
Czechia,,importer_consumption_kg,1997.0,29100000.0,False,10304131.0
Czechia,,importer_consumption_kg,1998.0,31380000.0,False,10294373.0
Czechia,,importer_consumption_kg,1999.0,33480000.0,False,10283860.0
Czechia,,importer_consumption_kg,2000.0,33600000.0,False,10255063.0
Czechia,,importer_consumption_kg,2001.0,37980000.0,False,10216605.0
Czechia,,importer_consumption_kg,2002.0,38520000.0,False,10196916.0
Czechia,,importer_consumption_kg,2003.0,37380000.0,False,10193998.0
Czechia,,importer_consumption_kg,2004.0,36300000.0,False,10197101.0
Czechia,,importer_consumption_kg,2005.0,39360000.0,False,10211216.0
Czechia,,importer_consumption_kg,2006.0,37860000.0,False,10238905.0
Czechia,,importer_consumption_kg,2007.0,40740000.0,False,10298828.0
Czechia,,importer_consumption_kg,2008.0,37260000.0,False,10384603.0
Czechia,,importer_consumption_kg,2009.0,31500000.0,False,10443936.0
Czechia,,importer_consumption_kg,2010.0,28200000.0,False,10474410.0
Czechia,,importer_consumption_kg,2011.0,34320000.0,False,10496088.0
Czechia,,importer_consumption_kg,2012.0,41100000.0,False,10510785.0
Czechia,,importer_consumption_kg,2013.0,38220000.0,False,10514272.0
Czechia,,importer_consumption_kg,2014.0,59880000.0,False,10525347.0
Czechia,,importer_consumption_kg,2015.0,42480000.0,False,10546059.0
Czechia,,importer_consumption_kg,2016.0,48360000.0,False,10566332.0
Czechia,,importer_consumption_kg,2017.0,48240000.0,False,10594438.0
Czechia,,importer_consumption_kg,2018.0,69480000.0,False,10629928.0
Czechia,,importer_consumption_kg,2019.0,50580000.0,False,10671870.0
Denmark,,importer_consumption_kg,1990.0,51900000.0,False,5140939.0
Denmark,,importer_consumption_kg,1991.0,54540000.0,False,5154298.0
Denmark,,importer_consumption_kg,1992.0,57540000.0,False,5171370.0
Denmark,,importer_consumption_kg,1993.0,53460000.0,False,5188628.0
Denmark,,importer_consumption_kg,1994.0,54480000.0,False,5206180.0
Denmark,,importer_consumption_kg,1995.0,45480000.0,False,5233373.0
Denmark,,importer_consumption_kg,1996.0,53700000.0,False,5263074.0
Denmark,,importer_consumption_kg,1997.0,48480000.0,False,5284991.0
Denmark,,importer_consumption_kg,1998.0,51240000.0,False,5304219.0
Denmark,,importer_consumption_kg,1999.0,52140000.0,False,5321799.0
Denmark,,importer_consumption_kg,2000.0,47460000.0,False,5339616.0
Denmark,,importer_consumption_kg,2001.0,52080000.0,False,5358783.0
Denmark,,importer_consumption_kg,2002.0,48300000.0,False,5375931.0
Denmark,,importer_consumption_kg,2003.0,43440000.0,False,5390574.0
Denmark,,importer_consumption_kg,2004.0,50940000.0,False,5404523.0
Denmark,,importer_consumption_kg,2005.0,47700000.0,False,5419432.0
Denmark,,importer_consumption_kg,2006.0,49320000.0,False,5437272.0
Denmark,,importer_consumption_kg,2007.0,47640000.0,False,5461438.0
Denmark,,importer_consumption_kg,2008.0,41280000.0,False,5493621.0
Denmark,,importer_consumption_kg,2009.0,40560000.0,False,5523095.0
Denmark,,importer_consumption_kg,2010.0,48360000.0,False,5547683.0
Denmark,,importer_consumption_kg,2011.0,45720000.0,False,5570572.0
Denmark,,importer_consumption_kg,2012.0,48000000.0,False,5591572.0
Denmark,,importer_consumption_kg,2013.0,49320000.0,False,5614932.0
Denmark,,importer_consumption_kg,2014.0,44880000.0,False,5643475.0
Denmark,,importer_consumption_kg,2015.0,43860000.0,False,5683483.0
Denmark,,importer_consumption_kg,2016.0,45180000.0,False,5728010.0
Denmark,,importer_consumption_kg,2017.0,43980000.0,False,5764980.0
Denmark,,importer_consumption_kg,2018.0,44340000.0,False,5793636.0
Denmark,,importer_consumption_kg,2019.0,46680000.0,False,5814422.0
Estonia,,importer_consumption_kg,1990.0,0.0,False,1569174.0
Estonia,,importer_consumption_kg,1991.0,0.0,False,1561314.0
Estonia,,importer_consumption_kg,1992.0,780000.0,False,1533091.0
Estonia,,importer_consumption_kg,1993.0,2640000.0,False,1494128.0
Estonia,,importer_consumption_kg,1994.0,3780000.0,False,1462514.0
Estonia,,importer_consumption_kg,1995.0,4980000.0,False,1436634.0
Estonia,,importer_consumption_kg,1996.0,5040000.0,False,1415594.0
Estonia,,importer_consumption_kg,1997.0,5940000.0,False,1399535.0
Estonia,,importer_consumption_kg,1998.0,5400000.0,False,1386156.0
Estonia,,importer_consumption_kg,1999.0,5700000.0,False,1390244.0
Estonia,,importer_consumption_kg,2000.0,5820000.0,False,1396985.0
Estonia,,importer_consumption_kg,2001.0,6420000.0,False,1388115.0
Estonia,,importer_consumption_kg,2002.0,6660000.0,False,1379350.0
Estonia,,importer_consumption_kg,2003.0,6840000.0,False,1370720.0
Estonia,,importer_consumption_kg,2004.0,7740000.0,False,1362550.0
Estonia,,importer_consumption_kg,2005.0,8700000.0,False,1354775.0
Estonia,,importer_consumption_kg,2006.0,10020000.0,False,1346810.0
Estonia,,importer_consumption_kg,2007.0,6060000.0,False,1340680.0
Estonia,,importer_consumption_kg,2008.0,9240000.0,False,1337090.0
Estonia,,importer_consumption_kg,2009.0,7380000.0,False,1334515.0
Estonia,,importer_consumption_kg,2010.0,6300000.0,False,1331475.0
Estonia,,importer_consumption_kg,2011.0,4020000.0,False,1327439.0
Estonia,,importer_consumption_kg,2012.0,6240000.0,False,1322696.0
Estonia,,importer_consumption_kg,2013.0,7200000.0,False,1317997.0
Estonia,,importer_consumption_kg,2014.0,7020000.0,False,1314545.0
Estonia,,importer_consumption_kg,2015.0,7140000.0,False,1315407.0
Estonia,,importer_consumption_kg,2016.0,7260000.0,False,1315790.0
Estonia,,importer_consumption_kg,2017.0,6540000.0,False,1317384.0
Estonia,,importer_consumption_kg,2018.0,7560000.0,False,1321977.0
Estonia,,importer_consumption_kg,2019.0,7380000.0,False,1326898.0
Finland,,importer_consumption_kg,1990.0,64200000.0,False,4986431.0
Finland,,importer_consumption_kg,1991.0,57960000.0,False,5013740.0
Finland,,importer_consumption_kg,1992.0,61800000.0,False,5041992.0
Finland,,importer_consumption_kg,1993.0,67740000.0,False,5066447.0
Finland,,importer_consumption_kg,1994.0,63000000.0,False,5088333.0
Finland,,importer_consumption_kg,1995.0,44100000.0,False,5107790.0
Finland,,importer_consumption_kg,1996.0,54060000.0,False,5124573.0
Finland,,importer_consumption_kg,1997.0,56340000.0,False,5139835.0
Finland,,importer_consumption_kg,1998.0,60060000.0,False,5153498.0
Finland,,importer_consumption_kg,1999.0,58740000.0,False,5165474.0
Finland,,importer_consumption_kg,2000.0,58020000.0,False,5176209.0
Finland,,importer_consumption_kg,2001.0,56820000.0,False,5188008.0
Finland,,importer_consumption_kg,2002.0,58200000.0,False,5200598.0
Finland,,importer_consumption_kg,2003.0,57960000.0,False,5213014.0
Finland,,importer_consumption_kg,2004.0,62040000.0,False,5228172.0
Finland,,importer_consumption_kg,2005.0,66120000.0,False,5246096.0
Finland,,importer_consumption_kg,2006.0,62820000.0,False,5266268.0
Finland,,importer_consumption_kg,2007.0,63420000.0,False,5288720.0
Finland,,importer_consumption_kg,2008.0,66900000.0,False,5313399.0
Finland,,importer_consumption_kg,2009.0,63480000.0,False,5338871.0
Finland,,importer_consumption_kg,2010.0,64800000.0,False,5363352.0
Finland,,importer_consumption_kg,2011.0,65580000.0,False,5388272.0
Finland,,importer_consumption_kg,2012.0,64920000.0,False,5413971.0
Finland,,importer_consumption_kg,2013.0,65700000.0,False,5438972.0
Finland,,importer_consumption_kg,2014.0,61800000.0,False,5461512.0
Finland,,importer_consumption_kg,2015.0,66600000.0,False,5479531.0
Finland,,importer_consumption_kg,2016.0,68820000.0,False,5495303.0
Finland,,importer_consumption_kg,2017.0,63720000.0,False,5508214.0
Finland,,importer_consumption_kg,2018.0,66360000.0,False,5515525.0
Finland,,importer_consumption_kg,2019.0,80880000.0,False,5521606.0
France,,importer_consumption_kg,1990.0,312300000.0,False,58261012.0
France,,importer_consumption_kg,1991.0,333420000.0,False,58554242.0
France,,importer_consumption_kg,1992.0,336840000.0,False,58846584.0
France,,importer_consumption_kg,1993.0,330420000.0,False,59103094.0
France,,importer_consumption_kg,1994.0,306660000.0,False,59324863.0
France,,importer_consumption_kg,1995.0,318780000.0,False,59541294.0
France,,importer_consumption_kg,1996.0,330720000.0,False,59754504.0
France,,importer_consumption_kg,1997.0,329220000.0,False,59968066.0
France,,importer_consumption_kg,1998.0,321060000.0,False,60190684.0
France,,importer_consumption_kg,1999.0,334680000.0,False,60501986.0
France,,importer_consumption_kg,2000.0,324120000.0,False,60918661.0
France,,importer_consumption_kg,2001.0,315180000.0,False,61364377.0
France,,importer_consumption_kg,2002.0,331560000.0,False,61812142.0
France,,importer_consumption_kg,2003.0,323640000.0,False,62249855.0
France,,importer_consumption_kg,2004.0,295740000.0,False,62707588.0
France,,importer_consumption_kg,2005.0,287220000.0,False,63180854.0
France,,importer_consumption_kg,2006.0,316680000.0,False,63622342.0
France,,importer_consumption_kg,2007.0,337680000.0,False,64016890.0
France,,importer_consumption_kg,2008.0,309120000.0,False,64375116.0
France,,importer_consumption_kg,2009.0,340620000.0,False,64706436.0
France,,importer_consumption_kg,2010.0,342780000.0,False,65026211.0
France,,importer_consumption_kg,2011.0,357720000.0,False,65340830.0
France,,importer_consumption_kg,2012.0,347400000.0,False,65657659.0
France,,importer_consumption_kg,2013.0,342420000.0,False,65997932.0
France,,importer_consumption_kg,2014.0,357240000.0,False,66312067.0
France,,importer_consumption_kg,2015.0,335460000.0,False,66548272.0
France,,importer_consumption_kg,2016.0,322500000.0,False,66724104.0
France,,importer_consumption_kg,2017.0,333000000.0,False,66918020.0
France,,importer_consumption_kg,2018.0,359160000.0,False,67158348.0
France,,importer_consumption_kg,2019.0,371520000.0,False,67382061.0
Germany,,importer_consumption_kg,1990.0,436740000.0,False,79433029.0
Germany,,importer_consumption_kg,1991.0,742620000.0,False,80013896.0
Germany,,importer_consumption_kg,1992.0,574200000.0,False,80624598.0
Germany,,importer_consumption_kg,1993.0,679500000.0,False,81156363.0
Germany,,importer_consumption_kg,1994.0,492840000.0,False,81438348.0
Germany,,importer_consumption_kg,1995.0,673860000.0,False,81678051.0
Germany,,importer_consumption_kg,1996.0,635640000.0,False,81914831.0
Germany,,importer_consumption_kg,1997.0,580200000.0,False,82034771.0
Germany,,importer_consumption_kg,1998.0,598560000.0,False,82047195.0
Germany,,importer_consumption_kg,1999.0,584880000.0,False,82100243.0
Germany,,importer_consumption_kg,2000.0,526200000.0,False,82211508.0
Germany,,importer_consumption_kg,2001.0,543540000.0,False,82349925.0
Germany,,importer_consumption_kg,2002.0,509880000.0,False,82488495.0
Germany,,importer_consumption_kg,2003.0,569940000.0,False,82534176.0
Germany,,importer_consumption_kg,2004.0,626700000.0,False,82516260.0
Germany,,importer_consumption_kg,2005.0,519900000.0,False,82469422.0
Germany,,importer_consumption_kg,2006.0,549060000.0,False,82376451.0
Germany,,importer_consumption_kg,2007.0,517620000.0,False,82266372.0
Germany,,importer_consumption_kg,2008.0,572100000.0,False,82110097.0
Germany,,importer_consumption_kg,2009.0,533820000.0,False,81902307.0
Germany,,importer_consumption_kg,2010.0,557520000.0,False,81776930.0
Germany,,importer_consumption_kg,2011.0,567600000.0,False,80274983.0
Germany,,importer_consumption_kg,2012.0,529800000.0,False,80425823.0
Germany,,importer_consumption_kg,2013.0,562680000.0,False,80645605.0
Germany,,importer_consumption_kg,2014.0,520920000.0,False,80982500.0
Germany,,importer_consumption_kg,2015.0,505260000.0,False,81686611.0
Germany,,importer_consumption_kg,2016.0,514980000.0,False,82348669.0
Germany,,importer_consumption_kg,2017.0,513300000.0,False,82657002.0
Germany,,importer_consumption_kg,2018.0,507660000.0,False,82905782.0
Germany,,importer_consumption_kg,2019.0,520200000.0,False,83092962.0
Greece,,importer_consumption_kg,1990.0,37860000.0,False,10196792.0
Greece,,importer_consumption_kg,1991.0,23220000.0,False,10319927.0
Greece,,importer_consumption_kg,1992.0,19200000.0,False,10399061.0
Greece,,importer_consumption_kg,1993.0,8880000.0,False,10460415.0
Greece,,importer_consumption_kg,1994.0,21360000.0,False,10512922.0
Greece,,importer_consumption_kg,1995.0,22980000.0,False,10562153.0
Greece,,importer_consumption_kg,1996.0,42900000.0,False,10608800.0
Greece,,importer_consumption_kg,1997.0,44340000.0,False,10661259.0
Greece,,importer_consumption_kg,1998.0,40080000.0,False,10720509.0
Greece,,importer_consumption_kg,1999.0,38460000.0,False,10761698.0
Greece,,importer_consumption_kg,2000.0,41220000.0,False,10805808.0
Greece,,importer_consumption_kg,2001.0,32880000.0,False,10862132.0
Greece,,importer_consumption_kg,2002.0,49620000.0,False,10902022.0
Greece,,importer_consumption_kg,2003.0,55740000.0,False,10928070.0
Greece,,importer_consumption_kg,2004.0,52260000.0,False,10955141.0
Greece,,importer_consumption_kg,2005.0,52200000.0,False,10987314.0
Greece,,importer_consumption_kg,2006.0,51420000.0,False,11020362.0
Greece,,importer_consumption_kg,2007.0,60900000.0,False,11048473.0
Greece,,importer_consumption_kg,2008.0,58680000.0,False,11077841.0
Greece,,importer_consumption_kg,2009.0,58440000.0,False,11107017.0
Greece,,importer_consumption_kg,2010.0,59640000.0,False,11121341.0
Greece,,importer_consumption_kg,2011.0,61380000.0,False,11104899.0
Greece,,importer_consumption_kg,2012.0,64560000.0,False,11045011.0
Greece,,importer_consumption_kg,2013.0,66060000.0,False,10965211.0
Greece,,importer_consumption_kg,2014.0,65280000.0,False,10892413.0
Greece,,importer_consumption_kg,2015.0,62940000.0,False,10820883.0
Greece,,importer_consumption_kg,2016.0,83160000.0,False,10775971.0
Greece,,importer_consumption_kg,2017.0,45360000.0,False,10754679.0
Greece,,importer_consumption_kg,2018.0,63540000.0,False,10732882.0
Greece,,importer_consumption_kg,2019.0,68340000.0,False,10721582.0
Hungary,,importer_consumption_kg,1990.0,34440000.0,False,10373988.0
Hungary,,importer_consumption_kg,1991.0,22800000.0,False,10373400.0
Hungary,,importer_consumption_kg,1992.0,20880000.0,False,10369341.0
Hungary,,importer_consumption_kg,1993.0,33420000.0,False,10357523.0
Hungary,,importer_consumption_kg,1994.0,43440000.0,False,10343355.0
Hungary,,importer_consumption_kg,1995.0,26820000.0,False,10328965.0
Hungary,,importer_consumption_kg,1996.0,34260000.0,False,10311238.0
Hungary,,importer_consumption_kg,1997.0,36120000.0,False,10290486.0
Hungary,,importer_consumption_kg,1998.0,39120000.0,False,10266570.0
Hungary,,importer_consumption_kg,1999.0,39420000.0,False,10237530.0
Hungary,,importer_consumption_kg,2000.0,37980000.0,False,10210971.0
Hungary,,importer_consumption_kg,2001.0,38820000.0,False,10187576.0
Hungary,,importer_consumption_kg,2002.0,38220000.0,False,10158608.0
Hungary,,importer_consumption_kg,2003.0,38760000.0,False,10129552.0
Hungary,,importer_consumption_kg,2004.0,42480000.0,False,10107146.0
Hungary,,importer_consumption_kg,2005.0,34200000.0,False,10087065.0
Hungary,,importer_consumption_kg,2006.0,35880000.0,False,10071370.0
Hungary,,importer_consumption_kg,2007.0,31320000.0,False,10055780.0
Hungary,,importer_consumption_kg,2008.0,29640000.0,False,10038188.0
Hungary,,importer_consumption_kg,2009.0,26700000.0,False,10022650.0
Hungary,,importer_consumption_kg,2010.0,22560000.0,False,10000023.0
Hungary,,importer_consumption_kg,2011.0,10800000.0,False,9971727.0
Hungary,,importer_consumption_kg,2012.0,15120000.0,False,9920362.0
Hungary,,importer_consumption_kg,2013.0,10620000.0,False,9872734.0
Hungary,,importer_consumption_kg,2014.0,24000000.0,False,9833038.0
Hungary,,importer_consumption_kg,2015.0,24240000.0,False,9797755.0
Hungary,,importer_consumption_kg,2016.0,22260000.0,False,9759755.0
Hungary,,importer_consumption_kg,2017.0,24480000.0,False,9726756.0
Hungary,,importer_consumption_kg,2018.0,26880000.0,False,9706964.0
Hungary,,importer_consumption_kg,2019.0,25080000.0,False,9694824.0
Ireland,,importer_consumption_kg,1990.0,7200000.0,False,3513974.0
Ireland,,importer_consumption_kg,1991.0,6780000.0,False,3534235.0
Ireland,,importer_consumption_kg,1992.0,5460000.0,False,3558430.0
Ireland,,importer_consumption_kg,1993.0,6420000.0,False,3576261.0
Ireland,,importer_consumption_kg,1994.0,7620000.0,False,3590386.0
Ireland,,importer_consumption_kg,1995.0,6420000.0,False,3608841.0
Ireland,,importer_consumption_kg,1996.0,5220000.0,False,3637510.0
Ireland,,importer_consumption_kg,1997.0,5820000.0,False,3674171.0
Ireland,,importer_consumption_kg,1998.0,5520000.0,False,3712696.0
Ireland,,importer_consumption_kg,1999.0,8100000.0,False,3754786.0
Ireland,,importer_consumption_kg,2000.0,4980000.0,False,3805174.0
Ireland,,importer_consumption_kg,2001.0,8760000.0,False,3866243.0
Ireland,,importer_consumption_kg,2002.0,8160000.0,False,3931947.0
Ireland,,importer_consumption_kg,2003.0,9060000.0,False,3996521.0
Ireland,,importer_consumption_kg,2004.0,13500000.0,False,4070262.0
Ireland,,importer_consumption_kg,2005.0,13380000.0,False,4159914.0
Ireland,,importer_consumption_kg,2006.0,12180000.0,False,4273591.0
Ireland,,importer_consumption_kg,2007.0,14640000.0,False,4398942.0
Ireland,,importer_consumption_kg,2008.0,6900000.0,False,4489544.0
Ireland,,importer_consumption_kg,2009.0,8040000.0,False,4535375.0
Ireland,,importer_consumption_kg,2010.0,9600000.0,False,4560155.0
Ireland,,importer_consumption_kg,2011.0,10740000.0,False,4580084.0
Ireland,,importer_consumption_kg,2012.0,12840000.0,False,4599533.0
Ireland,,importer_consumption_kg,2013.0,11760000.0,False,4623816.0
Ireland,,importer_consumption_kg,2014.0,15420000.0,False,4657740.0
Ireland,,importer_consumption_kg,2015.0,17580000.0,False,4701957.0
Ireland,,importer_consumption_kg,2016.0,19080000.0,False,4762722.0
Ireland,,importer_consumption_kg,2017.0,17460000.0,False,4827445.0
Ireland,,importer_consumption_kg,2018.0,22200000.0,False,4898022.0
Ireland,,importer_consumption_kg,2019.0,22200000.0,False,4976456.0
Italy,,importer_consumption_kg,1990.0,289920000.0,False,56719240.0
Italy,,importer_consumption_kg,1991.0,255240000.0,False,56758521.0
Italy,,importer_consumption_kg,1992.0,247920000.0,False,56797087.0
Italy,,importer_consumption_kg,1993.0,293280000.0,False,56831821.0
Italy,,importer_consumption_kg,1994.0,286440000.0,False,56843400.0
Italy,,importer_consumption_kg,1995.0,278640000.0,False,56844303.0
Italy,,importer_consumption_kg,1996.0,286560000.0,False,56860281.0
Italy,,importer_consumption_kg,1997.0,294780000.0,False,56890372.0
Italy,,importer_consumption_kg,1998.0,296160000.0,False,56906744.0
Italy,,importer_consumption_kg,1999.0,295140000.0,False,56916317.0
Italy,,importer_consumption_kg,2000.0,308940000.0,False,56942108.0
Italy,,importer_consumption_kg,2001.0,314580000.0,False,56976981.0
Italy,,importer_consumption_kg,2002.0,310920000.0,False,57089824.0
Italy,,importer_consumption_kg,2003.0,330420000.0,False,57399184.0
Italy,,importer_consumption_kg,2004.0,328140000.0,False,57828179.0
Italy,,importer_consumption_kg,2005.0,333120000.0,False,58166682.0
Italy,,importer_consumption_kg,2006.0,335580000.0,False,58399861.0
Italy,,importer_consumption_kg,2007.0,349260000.0,False,58756247.0
Italy,,importer_consumption_kg,2008.0,353520000.0,False,59211181.0
Italy,,importer_consumption_kg,2009.0,348360000.0,False,59555454.0
Italy,,importer_consumption_kg,2010.0,346860000.0,False,59819407.0
Italy,,importer_consumption_kg,2011.0,341340000.0,False,60026841.0
Italy,,importer_consumption_kg,2012.0,342600000.0,False,60191247.0
Italy,,importer_consumption_kg,2013.0,338040000.0,False,60311613.0
Italy,,importer_consumption_kg,2014.0,351660000.0,False,60320707.0
Italy,,importer_consumption_kg,2015.0,339600000.0,False,60229605.0
Italy,,importer_consumption_kg,2016.0,359880000.0,False,60115223.0
Italy,,importer_consumption_kg,2017.0,336600000.0,False,60002252.0
Italy,,importer_consumption_kg,2018.0,357300000.0,False,59877221.0
Italy,,importer_consumption_kg,2019.0,328140000.0,False,59729081.0
Japan,,importer_consumption_kg,1990.0,303600000.0,False,123478000.0
Japan,,importer_consumption_kg,1991.0,348540000.0,False,123964000.0
Japan,,importer_consumption_kg,1992.0,307920000.0,False,124425000.0
Japan,,importer_consumption_kg,1993.0,344400000.0,False,124829000.0
Japan,,importer_consumption_kg,1994.0,358380000.0,False,125178000.0
Japan,,importer_consumption_kg,1995.0,366960000.0,False,125472000.0
Japan,,importer_consumption_kg,1996.0,350280000.0,False,125757000.0
Japan,,importer_consumption_kg,1997.0,358080000.0,False,126057000.0
Japan,,importer_consumption_kg,1998.0,363120000.0,False,126400000.0
Japan,,importer_consumption_kg,1999.0,376380000.0,False,126631000.0
Japan,,importer_consumption_kg,2000.0,397560000.0,False,126843000.0
Japan,,importer_consumption_kg,2001.0,416160000.0,False,127149000.0
Japan,,importer_consumption_kg,2002.0,412500000.0,False,127445000.0
Japan,,importer_consumption_kg,2003.0,406200000.0,False,127718000.0
Japan,,importer_consumption_kg,2004.0,427020000.0,False,127761000.0
Japan,,importer_consumption_kg,2005.0,427680000.0,False,127773000.0
Japan,,importer_consumption_kg,2006.0,436080000.0,False,127854000.0
Japan,,importer_consumption_kg,2007.0,436920000.0,False,128001000.0
Japan,,importer_consumption_kg,2008.0,423900000.0,False,128063000.0
Japan,,importer_consumption_kg,2009.0,427800000.0,False,128047000.0
Japan,,importer_consumption_kg,2010.0,431520000.0,False,128070000.0
Japan,,importer_consumption_kg,2011.0,420900000.0,False,127833000.0
Japan,,importer_consumption_kg,2012.0,427860000.0,False,127629000.0
Japan,,importer_consumption_kg,2013.0,446100000.0,False,127445000.0
Japan,,importer_consumption_kg,2014.0,449640000.0,False,127276000.0
Japan,,importer_consumption_kg,2015.0,461700000.0,False,127141000.0
Japan,,importer_consumption_kg,2016.0,472320000.0,False,127076000.0
Japan,,importer_consumption_kg,2017.0,464520000.0,False,126972000.0
Japan,,importer_consumption_kg,2018.0,470040000.0,False,126811000.0
Japan,,importer_consumption_kg,2019.0,453060000.0,False,126633000.0
Latvia,,importer_consumption_kg,1990.0,0.0,False,2663151.0
Latvia,,importer_consumption_kg,1991.0,0.0,False,2650581.0
Latvia,,importer_consumption_kg,1992.0,1140000.0,False,2614338.0
Latvia,,importer_consumption_kg,1993.0,2460000.0,False,2563290.0
Latvia,,importer_consumption_kg,1994.0,360000.0,False,2520742.0
Latvia,,importer_consumption_kg,1995.0,840000.0,False,2485056.0
Latvia,,importer_consumption_kg,1996.0,3000000.0,False,2457222.0
Latvia,,importer_consumption_kg,1997.0,7200000.0,False,2432851.0
Latvia,,importer_consumption_kg,1998.0,8040000.0,False,2410019.0
Latvia,,importer_consumption_kg,1999.0,9960000.0,False,2390482.0
Latvia,,importer_consumption_kg,2000.0,9720000.0,False,2367550.0
Latvia,,importer_consumption_kg,2001.0,9000000.0,False,2337170.0
Latvia,,importer_consumption_kg,2002.0,8700000.0,False,2310173.0
Latvia,,importer_consumption_kg,2003.0,9540000.0,False,2287955.0
Latvia,,importer_consumption_kg,2004.0,9300000.0,False,2263122.0
Latvia,,importer_consumption_kg,2005.0,8640000.0,False,2238799.0
Latvia,,importer_consumption_kg,2006.0,10860000.0,False,2218357.0
Latvia,,importer_consumption_kg,2007.0,7860000.0,False,2200325.0
Latvia,,importer_consumption_kg,2008.0,6900000.0,False,2177322.0
Latvia,,importer_consumption_kg,2009.0,5280000.0,False,2141669.0
Latvia,,importer_consumption_kg,2010.0,5940000.0,False,2097555.0
Latvia,,importer_consumption_kg,2011.0,6060000.0,False,2059709.0
Latvia,,importer_consumption_kg,2012.0,6060000.0,False,2034319.0
Latvia,,importer_consumption_kg,2013.0,5700000.0,False,2012647.0
Latvia,,importer_consumption_kg,2014.0,6600000.0,False,1993782.0
Latvia,,importer_consumption_kg,2015.0,6360000.0,False,1977527.0
Latvia,,importer_consumption_kg,2016.0,6660000.0,False,1959537.0
Latvia,,importer_consumption_kg,2017.0,7080000.0,False,1942248.0
Latvia,,importer_consumption_kg,2018.0,5880000.0,False,1927174.0
Latvia,,importer_consumption_kg,2019.0,6840000.0,False,1913822.0
Lithuania,,importer_consumption_kg,1990.0,0.0,False,3697838.0
Lithuania,,importer_consumption_kg,1991.0,0.0,False,3704134.0
Lithuania,,importer_consumption_kg,1992.0,120000.0,False,3700114.0
Lithuania,,importer_consumption_kg,1993.0,540000.0,False,3682613.0
Lithuania,,importer_consumption_kg,1994.0,2220000.0,False,3657144.0
Lithuania,,importer_consumption_kg,1995.0,4080000.0,False,3629102.0
Lithuania,,importer_consumption_kg,1996.0,3960000.0,False,3601613.0
Lithuania,,importer_consumption_kg,1997.0,6480000.0,False,3575137.0
Lithuania,,importer_consumption_kg,1998.0,8100000.0,False,3549331.0
Lithuania,,importer_consumption_kg,1999.0,9480000.0,False,3524238.0
Lithuania,,importer_consumption_kg,2000.0,10380000.0,False,3499536.0
Lithuania,,importer_consumption_kg,2001.0,12240000.0,False,3470818.0
Lithuania,,importer_consumption_kg,2002.0,12480000.0,False,3443067.0
Lithuania,,importer_consumption_kg,2003.0,10380000.0,False,3415213.0
Lithuania,,importer_consumption_kg,2004.0,11820000.0,False,3377075.0
Lithuania,,importer_consumption_kg,2005.0,11580000.0,False,3322528.0
Lithuania,,importer_consumption_kg,2006.0,12780000.0,False,3269909.0
Lithuania,,importer_consumption_kg,2007.0,13800000.0,False,3231294.0
Lithuania,,importer_consumption_kg,2008.0,12240000.0,False,3198231.0
Lithuania,,importer_consumption_kg,2009.0,12600000.0,False,3162916.0
Lithuania,,importer_consumption_kg,2010.0,13380000.0,False,3097282.0
Lithuania,,importer_consumption_kg,2011.0,10800000.0,False,3028115.0
Lithuania,,importer_consumption_kg,2012.0,11580000.0,False,2989139.0
Lithuania,,importer_consumption_kg,2013.0,11820000.0,False,2961250.0
Lithuania,,importer_consumption_kg,2014.0,13380000.0,False,2937253.0
Lithuania,,importer_consumption_kg,2015.0,12720000.0,False,2911109.0
Lithuania,,importer_consumption_kg,2016.0,14520000.0,False,2877325.0
Lithuania,,importer_consumption_kg,2017.0,14400000.0,False,2842639.0
Lithuania,,importer_consumption_kg,2018.0,15720000.0,False,2819200.0
Lithuania,,importer_consumption_kg,2019.0,15060000.0,False,2811089.0
Luxembourg,,importer_consumption_kg,1990.0,0.0,False,381850.0
Luxembourg,,importer_consumption_kg,1991.0,0.0,False,387000.0
Luxembourg,,importer_consumption_kg,1992.0,0.0,False,392175.0
Luxembourg,,importer_consumption_kg,1993.0,0.0,False,397475.0
Luxembourg,,importer_consumption_kg,1994.0,0.0,False,402925.0
Luxembourg,,importer_consumption_kg,1995.0,0.0,False,408625.0
Luxembourg,,importer_consumption_kg,1996.0,0.0,False,414225.0
Luxembourg,,importer_consumption_kg,1997.0,0.0,False,419450.0
Luxembourg,,importer_consumption_kg,1998.0,0.0,False,424700.0
Luxembourg,,importer_consumption_kg,1999.0,3660000.0,False,430475.0
Luxembourg,,importer_consumption_kg,2000.0,8640000.0,False,436300.0
Luxembourg,,importer_consumption_kg,2001.0,7980000.0,False,441525.0
Luxembourg,,importer_consumption_kg,2002.0,10320000.0,False,446175.0
Luxembourg,,importer_consumption_kg,2003.0,11400000.0,False,451630.0
Luxembourg,,importer_consumption_kg,2004.0,13260000.0,False,458095.0
Luxembourg,,importer_consumption_kg,2005.0,13620000.0,False,465158.0
Luxembourg,,importer_consumption_kg,2006.0,13980000.0,False,472637.0
Luxembourg,,importer_consumption_kg,2007.0,15060000.0,False,479993.0
Luxembourg,,importer_consumption_kg,2008.0,14340000.0,False,488650.0
Luxembourg,,importer_consumption_kg,2009.0,13320000.0,False,497783.0
Luxembourg,,importer_consumption_kg,2010.0,13920000.0,False,506953.0
Luxembourg,,importer_consumption_kg,2011.0,12900000.0,False,518347.0
Luxembourg,,importer_consumption_kg,2012.0,12720000.0,False,530946.0
Luxembourg,,importer_consumption_kg,2013.0,14460000.0,False,543360.0
Luxembourg,,importer_consumption_kg,2014.0,15300000.0,False,556319.0
Luxembourg,,importer_consumption_kg,2015.0,13320000.0,False,569604.0
Luxembourg,,importer_consumption_kg,2016.0,13380000.0,False,582014.0
Luxembourg,,importer_consumption_kg,2017.0,12660000.0,False,596336.0
Luxembourg,,importer_consumption_kg,2018.0,15360000.0,False,607950.0
Luxembourg,,importer_consumption_kg,2019.0,13440000.0,False,620001.0
Malta,,importer_consumption_kg,1990.0,1200000.0,False,354170.0
Malta,,importer_consumption_kg,1991.0,780000.0,False,363845.0
Malta,,importer_consumption_kg,1992.0,960000.0,False,367618.0
Malta,,importer_consumption_kg,1993.0,1320000.0,False,371308.0
Malta,,importer_consumption_kg,1994.0,720000.0,False,374797.0
Malta,,importer_consumption_kg,1995.0,1260000.0,False,377419.0
Malta,,importer_consumption_kg,1996.0,540000.0,False,379905.0
Malta,,importer_consumption_kg,1997.0,540000.0,False,382791.0
Malta,,importer_consumption_kg,1998.0,420000.0,False,385287.0
Malta,,importer_consumption_kg,1999.0,540000.0,False,387578.0
Malta,,importer_consumption_kg,2000.0,540000.0,False,390087.0
Malta,,importer_consumption_kg,2001.0,540000.0,False,393028.0
Malta,,importer_consumption_kg,2002.0,540000.0,False,395969.0
Malta,,importer_consumption_kg,2003.0,660000.0,False,398582.0
Malta,,importer_consumption_kg,2004.0,960000.0,False,401268.0
Malta,,importer_consumption_kg,2005.0,960000.0,False,403834.0
Malta,,importer_consumption_kg,2006.0,1740000.0,False,405308.0
Malta,,importer_consumption_kg,2007.0,960000.0,False,406724.0
Malta,,importer_consumption_kg,2008.0,1380000.0,False,409379.0
Malta,,importer_consumption_kg,2009.0,840000.0,False,412477.0
Malta,,importer_consumption_kg,2010.0,720000.0,False,414508.0
Malta,,importer_consumption_kg,2011.0,960000.0,False,416268.0
Malta,,importer_consumption_kg,2012.0,1260000.0,False,420028.0
Malta,,importer_consumption_kg,2013.0,1320000.0,False,424810.0
Malta,,importer_consumption_kg,2014.0,1500000.0,False,433481.0
Malta,,importer_consumption_kg,2015.0,900000.0,False,444220.0
Malta,,importer_consumption_kg,2016.0,1080000.0,False,454505.0
Malta,,importer_consumption_kg,2017.0,960000.0,False,467106.0
Malta,,importer_consumption_kg,2018.0,1140000.0,False,483903.0
Malta,,importer_consumption_kg,2019.0,1380000.0,False,503912.0
Netherlands,,importer_consumption_kg,1990.0,142980000.0,False,14951510.0
Netherlands,,importer_consumption_kg,1991.0,149280000.0,False,15069798.0
Netherlands,,importer_consumption_kg,1992.0,195660000.0,False,15184166.0
Netherlands,,importer_consumption_kg,1993.0,163140000.0,False,15290368.0
Netherlands,,importer_consumption_kg,1994.0,127320000.0,False,15382838.0
Netherlands,,importer_consumption_kg,1995.0,137580000.0,False,15459006.0
Netherlands,,importer_consumption_kg,1996.0,150540000.0,False,15530498.0
Netherlands,,importer_consumption_kg,1997.0,142020000.0,False,15610650.0
Netherlands,,importer_consumption_kg,1998.0,117660000.0,False,15707209.0
Netherlands,,importer_consumption_kg,1999.0,88260000.0,False,15812088.0
Netherlands,,importer_consumption_kg,2000.0,111600000.0,False,15925513.0
Netherlands,,importer_consumption_kg,2001.0,100620000.0,False,16046180.0
Netherlands,,importer_consumption_kg,2002.0,94440000.0,False,16148929.0
Netherlands,,importer_consumption_kg,2003.0,104580000.0,False,16225302.0
Netherlands,,importer_consumption_kg,2004.0,118680000.0,False,16281779.0
Netherlands,,importer_consumption_kg,2005.0,115620000.0,False,16319868.0
Netherlands,,importer_consumption_kg,2006.0,127740000.0,False,16346101.0
Netherlands,,importer_consumption_kg,2007.0,137520000.0,False,16381696.0
Netherlands,,importer_consumption_kg,2008.0,79440000.0,False,16445593.0
Netherlands,,importer_consumption_kg,2009.0,53880000.0,False,16530388.0
Netherlands,,importer_consumption_kg,2010.0,80820000.0,False,16615394.0
Netherlands,,importer_consumption_kg,2011.0,54540000.0,False,16693074.0
Netherlands,,importer_consumption_kg,2012.0,82920000.0,False,16754962.0
Netherlands,,importer_consumption_kg,2013.0,97500000.0,False,16804432.0
Netherlands,,importer_consumption_kg,2014.0,108000000.0,False,16865008.0
Netherlands,,importer_consumption_kg,2015.0,101760000.0,False,16939923.0
Netherlands,,importer_consumption_kg,2016.0,124740000.0,False,17030314.0
Netherlands,,importer_consumption_kg,2017.0,117840000.0,False,17131296.0
Netherlands,,importer_consumption_kg,2018.0,128700000.0,False,17231624.0
Netherlands,,importer_consumption_kg,2019.0,121800000.0,False,17344874.0
Norway,,importer_consumption_kg,1990.0,43620000.0,False,4241473.0
Norway,,importer_consumption_kg,1991.0,45480000.0,False,4261732.0
Norway,,importer_consumption_kg,1992.0,44160000.0,False,4286401.0
Norway,,importer_consumption_kg,1993.0,41400000.0,False,4311991.0
Norway,,importer_consumption_kg,1994.0,48000000.0,False,4336613.0
Norway,,importer_consumption_kg,1995.0,39420000.0,False,4359184.0
Norway,,importer_consumption_kg,1996.0,42780000.0,False,4381336.0
Norway,,importer_consumption_kg,1997.0,40500000.0,False,4405157.0
Norway,,importer_consumption_kg,1998.0,42120000.0,False,4431464.0
Norway,,importer_consumption_kg,1999.0,47100000.0,False,4461913.0
Norway,,importer_consumption_kg,2000.0,39420000.0,False,4490967.0
Norway,,importer_consumption_kg,2001.0,42600000.0,False,4513751.0
Norway,,importer_consumption_kg,2002.0,41520000.0,False,4538159.0
Norway,,importer_consumption_kg,2003.0,40980000.0,False,4564855.0
Norway,,importer_consumption_kg,2004.0,42540000.0,False,4591910.0
Norway,,importer_consumption_kg,2005.0,44580000.0,False,4623291.0
Norway,,importer_consumption_kg,2006.0,43260000.0,False,4660677.0
Norway,,importer_consumption_kg,2007.0,46260000.0,False,4709153.0
Norway,,importer_consumption_kg,2008.0,42900000.0,False,4768212.0
Norway,,importer_consumption_kg,2009.0,42900000.0,False,4828726.0
Norway,,importer_consumption_kg,2010.0,44760000.0,False,4889252.0
Norway,,importer_consumption_kg,2011.0,47100000.0,False,4953088.0
Norway,,importer_consumption_kg,2012.0,43380000.0,False,5018573.0
Norway,,importer_consumption_kg,2013.0,45780000.0,False,5079623.0
Norway,,importer_consumption_kg,2014.0,43740000.0,False,5137232.0
Norway,,importer_consumption_kg,2015.0,47280000.0,False,5188607.0
Norway,,importer_consumption_kg,2016.0,46920000.0,False,5234519.0
Norway,,importer_consumption_kg,2017.0,46860000.0,False,5276968.0
Norway,,importer_consumption_kg,2018.0,44040000.0,False,5311916.0
Norway,,importer_consumption_kg,2019.0,46260000.0,False,5347896.0
Poland,,importer_consumption_kg,1990.0,20100000.0,False,38110782.0
Poland,,importer_consumption_kg,1991.0,14580000.0,False,38246193.0
Poland,,importer_consumption_kg,1992.0,99000000.0,False,38363667.0
Poland,,importer_consumption_kg,1993.0,92700000.0,False,38461408.0
Poland,,importer_consumption_kg,1994.0,104520000.0,False,38542652.0
Poland,,importer_consumption_kg,1995.0,98220000.0,False,38594998.0
Poland,,importer_consumption_kg,1996.0,105300000.0,False,38624370.0
Poland,,importer_consumption_kg,1997.0,117960000.0,False,38649660.0
Poland,,importer_consumption_kg,1998.0,117900000.0,False,38663481.0
Poland,,importer_consumption_kg,1999.0,119100000.0,False,38660271.0
Poland,,importer_consumption_kg,2000.0,122760000.0,False,38258629.0
Poland,,importer_consumption_kg,2001.0,133320000.0,False,38248076.0
Poland,,importer_consumption_kg,2002.0,132060000.0,False,38230364.0
Poland,,importer_consumption_kg,2003.0,134520000.0,False,38204570.0
Poland,,importer_consumption_kg,2004.0,136860000.0,False,38182222.0
Poland,,importer_consumption_kg,2005.0,136020000.0,False,38165445.0
Poland,,importer_consumption_kg,2006.0,119580000.0,False,38141267.0
Poland,,importer_consumption_kg,2007.0,93240000.0,False,38120560.0
Poland,,importer_consumption_kg,2008.0,100860000.0,False,38125759.0
Poland,,importer_consumption_kg,2009.0,120060000.0,False,38151603.0
Poland,,importer_consumption_kg,2010.0,129360000.0,False,38042794.0
Poland,,importer_consumption_kg,2011.0,122040000.0,False,38063255.0
Poland,,importer_consumption_kg,2012.0,116160000.0,False,38063164.0
Poland,,importer_consumption_kg,2013.0,100140000.0,False,38040196.0
Poland,,importer_consumption_kg,2014.0,69000000.0,False,38011735.0
Poland,,importer_consumption_kg,2015.0,85200000.0,False,37986412.0
Poland,,importer_consumption_kg,2016.0,118500000.0,False,37970087.0
Poland,,importer_consumption_kg,2017.0,134460000.0,False,37974826.0
Poland,,importer_consumption_kg,2018.0,146160000.0,False,37974750.0
Poland,,importer_consumption_kg,2019.0,150060000.0,False,37965475.0
Portugal,,importer_consumption_kg,1990.0,28020000.0,False,9983218.0
Portugal,,importer_consumption_kg,1991.0,26880000.0,False,9960235.0
Portugal,,importer_consumption_kg,1992.0,34380000.0,False,9952494.0
Portugal,,importer_consumption_kg,1993.0,31740000.0,False,9964675.0
Portugal,,importer_consumption_kg,1994.0,40380000.0,False,9991525.0
Portugal,,importer_consumption_kg,1995.0,37920000.0,False,10026176.0
Portugal,,importer_consumption_kg,1996.0,36900000.0,False,10063945.0
Portugal,,importer_consumption_kg,1997.0,36180000.0,False,10108977.0
Portugal,,importer_consumption_kg,1998.0,41760000.0,False,10160196.0
Portugal,,importer_consumption_kg,1999.0,44220000.0,False,10217828.0
Portugal,,importer_consumption_kg,2000.0,38760000.0,False,10289898.0
Portugal,,importer_consumption_kg,2001.0,44700000.0,False,10362722.0
Portugal,,importer_consumption_kg,2002.0,43200000.0,False,10419631.0
Portugal,,importer_consumption_kg,2003.0,39420000.0,False,10458821.0
Portugal,,importer_consumption_kg,2004.0,45780000.0,False,10483861.0
Portugal,,importer_consumption_kg,2005.0,44640000.0,False,10503330.0
Portugal,,importer_consumption_kg,2006.0,46080000.0,False,10522288.0
Portugal,,importer_consumption_kg,2007.0,46140000.0,False,10542964.0
Portugal,,importer_consumption_kg,2008.0,44820000.0,False,10558177.0
Portugal,,importer_consumption_kg,2009.0,43860000.0,False,10568247.0
Portugal,,importer_consumption_kg,2010.0,48720000.0,False,10573100.0
Portugal,,importer_consumption_kg,2011.0,51540000.0,False,10557560.0
Portugal,,importer_consumption_kg,2012.0,49680000.0,False,10514844.0
Portugal,,importer_consumption_kg,2013.0,50400000.0,False,10457295.0
Portugal,,importer_consumption_kg,2014.0,51180000.0,False,10401062.0
Portugal,,importer_consumption_kg,2015.0,46980000.0,False,10358076.0
Portugal,,importer_consumption_kg,2016.0,52020000.0,False,10325452.0
Portugal,,importer_consumption_kg,2017.0,50640000.0,False,10300300.0
Portugal,,importer_consumption_kg,2018.0,52380000.0,False,10283822.0
Portugal,,importer_consumption_kg,2019.0,55860000.0,False,10286263.0
Romania,,importer_consumption_kg,1990.0,26520000.0,False,23201835.0
Romania,,importer_consumption_kg,1991.0,20100000.0,False,23001155.0
Romania,,importer_consumption_kg,1992.0,36060000.0,False,22794284.0
Romania,,importer_consumption_kg,1993.0,25200000.0,False,22763280.0
Romania,,importer_consumption_kg,1994.0,20820000.0,False,22730211.0
Romania,,importer_consumption_kg,1995.0,33000000.0,False,22684270.0
Romania,,importer_consumption_kg,1996.0,41760000.0,False,22619004.0
Romania,,importer_consumption_kg,1997.0,37800000.0,False,22553978.0
Romania,,importer_consumption_kg,1998.0,35040000.0,False,22507344.0
Romania,,importer_consumption_kg,1999.0,30420000.0,False,22472040.0
Romania,,importer_consumption_kg,2000.0,33060000.0,False,22442971.0
Romania,,importer_consumption_kg,2001.0,37980000.0,False,22131970.0
Romania,,importer_consumption_kg,2002.0,44280000.0,False,21730496.0
Romania,,importer_consumption_kg,2003.0,45300000.0,False,21574326.0
Romania,,importer_consumption_kg,2004.0,49080000.0,False,21451748.0
Romania,,importer_consumption_kg,2005.0,51420000.0,False,21319685.0
Romania,,importer_consumption_kg,2006.0,50100000.0,False,21193760.0
Romania,,importer_consumption_kg,2007.0,49440000.0,False,20882982.0
Romania,,importer_consumption_kg,2008.0,48420000.0,False,20537875.0
Romania,,importer_consumption_kg,2009.0,46500000.0,False,20367487.0
Romania,,importer_consumption_kg,2010.0,47760000.0,False,20246871.0
Romania,,importer_consumption_kg,2011.0,48120000.0,False,20147528.0
Romania,,importer_consumption_kg,2012.0,50940000.0,False,20058035.0
Romania,,importer_consumption_kg,2013.0,53460000.0,False,19983693.0
Romania,,importer_consumption_kg,2014.0,54780000.0,False,19908979.0
Romania,,importer_consumption_kg,2015.0,58920000.0,False,19815616.0
Romania,,importer_consumption_kg,2016.0,64320000.0,False,19702267.0
Romania,,importer_consumption_kg,2017.0,66180000.0,False,19588715.0
Romania,,importer_consumption_kg,2018.0,67200000.0,False,19473970.0
Romania,,importer_consumption_kg,2019.0,66480000.0,False,19371648.0
Russian Federation,,importer_consumption_kg,1990.0,0.0,False,147969406.0
Russian Federation,,importer_consumption_kg,1991.0,0.0,False,148394216.0
Russian Federation,,importer_consumption_kg,1992.0,82620000.0,False,148538197.0
Russian Federation,,importer_consumption_kg,1993.0,107700000.0,False,148458777.0
Russian Federation,,importer_consumption_kg,1994.0,102720000.0,False,148407912.0
Russian Federation,,importer_consumption_kg,1995.0,99000000.0,False,148375787.0
Russian Federation,,importer_consumption_kg,1996.0,63780000.0,False,148160129.0
Russian Federation,,importer_consumption_kg,1997.0,111420000.0,False,147915361.0
Russian Federation,,importer_consumption_kg,1998.0,98820000.0,False,147670784.0
Russian Federation,,importer_consumption_kg,1999.0,81120000.0,False,147214776.0
Russian Federation,,importer_consumption_kg,2000.0,111780000.0,False,146596869.0
Russian Federation,,importer_consumption_kg,2001.0,181920000.0,False,145976482.0
Russian Federation,,importer_consumption_kg,2002.0,207060000.0,False,145306497.0
Russian Federation,,importer_consumption_kg,2003.0,220740000.0,False,144648618.0
Russian Federation,,importer_consumption_kg,2004.0,184620000.0,False,144067316.0
Russian Federation,,importer_consumption_kg,2005.0,191100000.0,False,143518814.0
Russian Federation,,importer_consumption_kg,2006.0,193260000.0,False,143049637.0
Russian Federation,,importer_consumption_kg,2007.0,238620000.0,False,142805114.0
Russian Federation,,importer_consumption_kg,2008.0,217980000.0,False,142742366.0
Russian Federation,,importer_consumption_kg,2009.0,186780000.0,False,142785348.0
Russian Federation,,importer_consumption_kg,2010.0,222000000.0,False,142849468.0
Russian Federation,,importer_consumption_kg,2011.0,225240000.0,False,143018195.0
Russian Federation,,importer_consumption_kg,2012.0,221760000.0,False,143378447.0
Russian Federation,,importer_consumption_kg,2013.0,218880000.0,False,143805638.0
Russian Federation,,importer_consumption_kg,2014.0,241260000.0,False,144237223.0
Russian Federation,,importer_consumption_kg,2015.0,230760000.0,False,144640716.0
Russian Federation,,importer_consumption_kg,2016.0,266340000.0,False,145015460.0
Russian Federation,,importer_consumption_kg,2017.0,270720000.0,False,145293260.0
Russian Federation,,importer_consumption_kg,2018.0,254040000.0,False,145398106.0
Russian Federation,,importer_consumption_kg,2019.0,289200000.0,False,145453291.0
Slovakia,,importer_consumption_kg,1990.0,0.0,False,5299187.0
Slovakia,,importer_consumption_kg,1991.0,0.0,False,5303294.0
Slovakia,,importer_consumption_kg,1992.0,0.0,False,5305016.0
Slovakia,,importer_consumption_kg,1993.0,16560000.0,False,5325305.0
Slovakia,,importer_consumption_kg,1994.0,14040000.0,False,5346331.0
Slovakia,,importer_consumption_kg,1995.0,13380000.0,False,5361999.0
Slovakia,,importer_consumption_kg,1996.0,14640000.0,False,5373361.0
Slovakia,,importer_consumption_kg,1997.0,14040000.0,False,5383291.0
Slovakia,,importer_consumption_kg,1998.0,14460000.0,False,5390516.0
Slovakia,,importer_consumption_kg,1999.0,14940000.0,False,5396020.0
Slovakia,,importer_consumption_kg,2000.0,15780000.0,False,5388720.0
Slovakia,,importer_consumption_kg,2001.0,17040000.0,False,5378867.0
Slovakia,,importer_consumption_kg,2002.0,16500000.0,False,5376912.0
Slovakia,,importer_consumption_kg,2003.0,17100000.0,False,5373374.0
Slovakia,,importer_consumption_kg,2004.0,16980000.0,False,5372280.0
Slovakia,,importer_consumption_kg,2005.0,17580000.0,False,5372807.0
Slovakia,,importer_consumption_kg,2006.0,16860000.0,False,5373054.0
Slovakia,,importer_consumption_kg,2007.0,21360000.0,False,5374622.0
Slovakia,,importer_consumption_kg,2008.0,20460000.0,False,5379233.0
Slovakia,,importer_consumption_kg,2009.0,12780000.0,False,5386406.0
Slovakia,,importer_consumption_kg,2010.0,20220000.0,False,5391428.0
Slovakia,,importer_consumption_kg,2011.0,23280000.0,False,5398384.0
Slovakia,,importer_consumption_kg,2012.0,12060000.0,False,5407579.0
Slovakia,,importer_consumption_kg,2013.0,19680000.0,False,5413393.0
Slovakia,,importer_consumption_kg,2014.0,29880000.0,False,5418649.0
Slovakia,,importer_consumption_kg,2015.0,16020000.0,False,5423801.0
Slovakia,,importer_consumption_kg,2016.0,13560000.0,False,5430798.0
Slovakia,,importer_consumption_kg,2017.0,9120000.0,False,5439232.0
Slovakia,,importer_consumption_kg,2018.0,16680000.0,False,5446771.0
Slovakia,,importer_consumption_kg,2019.0,13620000.0,False,5454147.0
Slovenia,,importer_consumption_kg,1990.0,0.0,False,1998161.0
Slovenia,,importer_consumption_kg,1991.0,0.0,False,1999429.0
Slovenia,,importer_consumption_kg,1992.0,6900000.0,False,1996498.0
Slovenia,,importer_consumption_kg,1993.0,8880000.0,False,1991746.0
Slovenia,,importer_consumption_kg,1994.0,9120000.0,False,1989443.0
Slovenia,,importer_consumption_kg,1995.0,8400000.0,False,1989872.0
Slovenia,,importer_consumption_kg,1996.0,9840000.0,False,1988628.0
Slovenia,,importer_consumption_kg,1997.0,9660000.0,False,1985956.0
Slovenia,,importer_consumption_kg,1998.0,9720000.0,False,1981629.0
Slovenia,,importer_consumption_kg,1999.0,10260000.0,False,1983045.0
Slovenia,,importer_consumption_kg,2000.0,10380000.0,False,1988925.0
Slovenia,,importer_consumption_kg,2001.0,10980000.0,False,1992060.0
Slovenia,,importer_consumption_kg,2002.0,11280000.0,False,1994530.0
Slovenia,,importer_consumption_kg,2003.0,10020000.0,False,1995733.0
Slovenia,,importer_consumption_kg,2004.0,11100000.0,False,1997012.0
Slovenia,,importer_consumption_kg,2005.0,10860000.0,False,2000474.0
Slovenia,,importer_consumption_kg,2006.0,10560000.0,False,2006868.0
Slovenia,,importer_consumption_kg,2007.0,11700000.0,False,2018122.0
Slovenia,,importer_consumption_kg,2008.0,11640000.0,False,2021316.0
Slovenia,,importer_consumption_kg,2009.0,11880000.0,False,2039669.0
Slovenia,,importer_consumption_kg,2010.0,12300000.0,False,2048583.0
Slovenia,,importer_consumption_kg,2011.0,12480000.0,False,2052843.0
Slovenia,,importer_consumption_kg,2012.0,11100000.0,False,2057159.0
Slovenia,,importer_consumption_kg,2013.0,11040000.0,False,2059953.0
Slovenia,,importer_consumption_kg,2014.0,11220000.0,False,2061980.0
Slovenia,,importer_consumption_kg,2015.0,11280000.0,False,2063531.0
Slovenia,,importer_consumption_kg,2016.0,11580000.0,False,2065042.0
Slovenia,,importer_consumption_kg,2017.0,11400000.0,False,2066388.0
Slovenia,,importer_consumption_kg,2018.0,13080000.0,False,2073894.0
Slovenia,,importer_consumption_kg,2019.0,12240000.0,False,2088385.0
Spain,,importer_consumption_kg,1990.0,162840000.0,False,38867322.0
Spain,,importer_consumption_kg,1991.0,159060000.0,False,38966376.0
Spain,,importer_consumption_kg,1992.0,182700000.0,False,39157685.0
Spain,,importer_consumption_kg,1993.0,163680000.0,False,39361262.0
Spain,,importer_consumption_kg,1994.0,166440000.0,False,39549108.0
Spain,,importer_consumption_kg,1995.0,163920000.0,False,39724050.0
Spain,,importer_consumption_kg,1996.0,174060000.0,False,39889852.0
Spain,,importer_consumption_kg,1997.0,178620000.0,False,40057389.0
Spain,,importer_consumption_kg,1998.0,179760000.0,False,40223509.0
Spain,,importer_consumption_kg,1999.0,199440000.0,False,40386875.0
Spain,,importer_consumption_kg,2000.0,179460000.0,False,40567864.0
Spain,,importer_consumption_kg,2001.0,167700000.0,False,40850412.0
Spain,,importer_consumption_kg,2002.0,169980000.0,False,41431558.0
Spain,,importer_consumption_kg,2003.0,164400000.0,False,42187645.0
Spain,,importer_consumption_kg,2004.0,162300000.0,False,42921895.0
Spain,,importer_consumption_kg,2005.0,180420000.0,False,43653155.0
Spain,,importer_consumption_kg,2006.0,181020000.0,False,44397319.0
Spain,,importer_consumption_kg,2007.0,191880000.0,False,45226803.0
Spain,,importer_consumption_kg,2008.0,209100000.0,False,45954106.0
Spain,,importer_consumption_kg,2009.0,201120000.0,False,46362946.0
Spain,,importer_consumption_kg,2010.0,193920000.0,False,46576897.0
Spain,,importer_consumption_kg,2011.0,188940000.0,False,46742697.0
Spain,,importer_consumption_kg,2012.0,206100000.0,False,46773055.0
Spain,,importer_consumption_kg,2013.0,194040000.0,False,46604197.0
Spain,,importer_consumption_kg,2014.0,221760000.0,False,46460733.0
Spain,,importer_consumption_kg,2015.0,211440000.0,False,46422303.0
Spain,,importer_consumption_kg,2016.0,206220000.0,False,46458139.0
Spain,,importer_consumption_kg,2017.0,189060000.0,False,46571232.0
Spain,,importer_consumption_kg,2018.0,185700000.0,False,46782011.0
Spain,,importer_consumption_kg,2019.0,195180000.0,False,47118501.0
Sweden,,importer_consumption_kg,1990.0,101340000.0,False,8558835.0
Sweden,,importer_consumption_kg,1991.0,96240000.0,False,8617375.0
Sweden,,importer_consumption_kg,1992.0,98040000.0,False,8668067.0
Sweden,,importer_consumption_kg,1993.0,97080000.0,False,8718561.0
Sweden,,importer_consumption_kg,1994.0,100140000.0,False,8780745.0
Sweden,,importer_consumption_kg,1995.0,72240000.0,False,8826939.0
Sweden,,importer_consumption_kg,1996.0,77880000.0,False,8840998.0
Sweden,,importer_consumption_kg,1997.0,74460000.0,False,8846062.0
Sweden,,importer_consumption_kg,1998.0,74880000.0,False,8850974.0
Sweden,,importer_consumption_kg,1999.0,76740000.0,False,8857874.0
Sweden,,importer_consumption_kg,2000.0,70380000.0,False,8872109.0
Sweden,,importer_consumption_kg,2001.0,75060000.0,False,8895960.0
Sweden,,importer_consumption_kg,2002.0,73440000.0,False,8924958.0
Sweden,,importer_consumption_kg,2003.0,70680000.0,False,8958229.0
Sweden,,importer_consumption_kg,2004.0,74040000.0,False,8993531.0
Sweden,,importer_consumption_kg,2005.0,70200000.0,False,9029572.0
Sweden,,importer_consumption_kg,2006.0,78900000.0,False,9080505.0
Sweden,,importer_consumption_kg,2007.0,74640000.0,False,9148092.0
Sweden,,importer_consumption_kg,2008.0,76320000.0,False,9219637.0
Sweden,,importer_consumption_kg,2009.0,67980000.0,False,9298515.0
Sweden,,importer_consumption_kg,2010.0,73260000.0,False,9378126.0
Sweden,,importer_consumption_kg,2011.0,67500000.0,False,9449213.0
Sweden,,importer_consumption_kg,2012.0,69540000.0,False,9519374.0
Sweden,,importer_consumption_kg,2013.0,70500000.0,False,9600379.0
Sweden,,importer_consumption_kg,2014.0,99120000.0,False,9696110.0
Sweden,,importer_consumption_kg,2015.0,97380000.0,False,9799186.0
Sweden,,importer_consumption_kg,2016.0,107880000.0,False,9923085.0
Sweden,,importer_consumption_kg,2017.0,103560000.0,False,10057698.0
Sweden,,importer_consumption_kg,2018.0,100980000.0,False,10175214.0
Sweden,,importer_consumption_kg,2019.0,106140000.0,False,10278887.0
Switzerland,,importer_consumption_kg,1990.0,54420000.0,False,6715519.0
Switzerland,,importer_consumption_kg,1991.0,56940000.0,False,6799978.0
Switzerland,,importer_consumption_kg,1992.0,59700000.0,False,6875364.0
Switzerland,,importer_consumption_kg,1993.0,52140000.0,False,6938265.0
Switzerland,,importer_consumption_kg,1994.0,56640000.0,False,6993795.0
Switzerland,,importer_consumption_kg,1995.0,56100000.0,False,7040687.0
Switzerland,,importer_consumption_kg,1996.0,55320000.0,False,7071850.0
Switzerland,,importer_consumption_kg,1997.0,42720000.0,False,7088906.0
Switzerland,,importer_consumption_kg,1998.0,48660000.0,False,7110001.0
Switzerland,,importer_consumption_kg,1999.0,51780000.0,False,7143991.0
Switzerland,,importer_consumption_kg,2000.0,49620000.0,False,7184250.0
Switzerland,,importer_consumption_kg,2001.0,48960000.0,False,7229854.0
Switzerland,,importer_consumption_kg,2002.0,49260000.0,False,7284753.0
Switzerland,,importer_consumption_kg,2003.0,51120000.0,False,7339001.0
Switzerland,,importer_consumption_kg,2004.0,43320000.0,False,7389625.0
Switzerland,,importer_consumption_kg,2005.0,65940000.0,False,7437115.0
Switzerland,,importer_consumption_kg,2006.0,55920000.0,False,7483934.0
Switzerland,,importer_consumption_kg,2007.0,59340000.0,False,7551117.0
Switzerland,,importer_consumption_kg,2008.0,68940000.0,False,7647675.0
Switzerland,,importer_consumption_kg,2009.0,57960000.0,False,7743831.0
Switzerland,,importer_consumption_kg,2010.0,60720000.0,False,7824909.0
Switzerland,,importer_consumption_kg,2011.0,62040000.0,False,7912398.0
Switzerland,,importer_consumption_kg,2012.0,62820000.0,False,7996861.0
Switzerland,,importer_consumption_kg,2013.0,67380000.0,False,8089346.0
Switzerland,,importer_consumption_kg,2014.0,61680000.0,False,8188649.0
Switzerland,,importer_consumption_kg,2015.0,65760000.0,False,8282396.0
Switzerland,,importer_consumption_kg,2016.0,63960000.0,False,8373338.0
Switzerland,,importer_consumption_kg,2017.0,53640000.0,False,8451840.0
Switzerland,,importer_consumption_kg,2018.0,70200000.0,False,8514329.0
Switzerland,,importer_consumption_kg,2019.0,64380000.0,False,8575280.0
Tunisia,,importer_consumption_kg,1990.0,6060000.0,False,8324509.0
Tunisia,,importer_consumption_kg,1991.0,5400000.0,False,8501827.0
Tunisia,,importer_consumption_kg,1992.0,6660000.0,False,8682512.0
Tunisia,,importer_consumption_kg,1993.0,6060000.0,False,8857910.0
Tunisia,,importer_consumption_kg,1994.0,8220000.0,False,9018448.0
Tunisia,,importer_consumption_kg,1995.0,8220000.0,False,9161258.0
Tunisia,,importer_consumption_kg,1996.0,8640000.0,False,9294432.0
Tunisia,,importer_consumption_kg,1997.0,9900000.0,False,9421270.0
Tunisia,,importer_consumption_kg,1998.0,8820000.0,False,9541667.0
Tunisia,,importer_consumption_kg,1999.0,11100000.0,False,9655963.0
Tunisia,,importer_consumption_kg,2000.0,11520000.0,False,9764935.0
Tunisia,,importer_consumption_kg,2001.0,13920000.0,False,9869677.0
Tunisia,,importer_consumption_kg,2002.0,14040000.0,False,9971515.0
Tunisia,,importer_consumption_kg,2003.0,7200000.0,False,10071632.0
Tunisia,,importer_consumption_kg,2004.0,15780000.0,False,10166163.0
Tunisia,,importer_consumption_kg,2005.0,11400000.0,False,10255472.0
Tunisia,,importer_consumption_kg,2006.0,12000000.0,False,10346410.0
Tunisia,,importer_consumption_kg,2007.0,15180000.0,False,10441702.0
Tunisia,,importer_consumption_kg,2008.0,19020000.0,False,10542635.0
Tunisia,,importer_consumption_kg,2009.0,17340000.0,False,10650681.0
Tunisia,,importer_consumption_kg,2010.0,18060000.0,False,10765980.0
Tunisia,,importer_consumption_kg,2011.0,24900000.0,False,10886035.0
Tunisia,,importer_consumption_kg,2012.0,25260000.0,False,11009647.0
Tunisia,,importer_consumption_kg,2013.0,25740000.0,False,11141361.0
Tunisia,,importer_consumption_kg,2014.0,27600000.0,False,11274288.0
Tunisia,,importer_consumption_kg,2015.0,27480000.0,False,11402264.0
Tunisia,,importer_consumption_kg,2016.0,27900000.0,False,11528674.0
Tunisia,,importer_consumption_kg,2017.0,32760000.0,False,11650498.0
Tunisia,,importer_consumption_kg,2018.0,31980000.0,False,11765514.0
Tunisia,,importer_consumption_kg,2019.0,30480000.0,False,11875081.0
United Kingdom,,importer_consumption_kg,1990.0,140880000.0,False,57247586.0
United Kingdom,,importer_consumption_kg,1991.0,140520000.0,False,57424897.0
United Kingdom,,importer_consumption_kg,1992.0,150960000.0,False,57580402.0
United Kingdom,,importer_consumption_kg,1993.0,152040000.0,False,57718614.0
United Kingdom,,importer_consumption_kg,1994.0,158400000.0,False,57865745.0
United Kingdom,,importer_consumption_kg,1995.0,132000000.0,False,58019030.0
United Kingdom,,importer_consumption_kg,1996.0,144360000.0,False,58166950.0
United Kingdom,,importer_consumption_kg,1997.0,146460000.0,False,58316954.0
United Kingdom,,importer_consumption_kg,1998.0,155280000.0,False,58487141.0
United Kingdom,,importer_consumption_kg,1999.0,136560000.0,False,58682466.0
United Kingdom,,importer_consumption_kg,2000.0,140520000.0,False,58892514.0
United Kingdom,,importer_consumption_kg,2001.0,132900000.0,False,59119673.0
United Kingdom,,importer_consumption_kg,2002.0,135660000.0,False,59370479.0
United Kingdom,,importer_consumption_kg,2003.0,134160000.0,False,59647577.0
United Kingdom,,importer_consumption_kg,2004.0,147480000.0,False,59987905.0
United Kingdom,,importer_consumption_kg,2005.0,160800000.0,False,60401206.0
United Kingdom,,importer_consumption_kg,2006.0,183540000.0,False,60846820.0
United Kingdom,,importer_consumption_kg,2007.0,169440000.0,False,61322463.0
United Kingdom,,importer_consumption_kg,2008.0,184020000.0,False,61806995.0
United Kingdom,,importer_consumption_kg,2009.0,193200000.0,False,62276270.0
United Kingdom,,importer_consumption_kg,2010.0,188040000.0,False,62766365.0
United Kingdom,,importer_consumption_kg,2011.0,175500000.0,False,63258810.0
United Kingdom,,importer_consumption_kg,2012.0,175560000.0,False,63711000.0
United Kingdom,,importer_consumption_kg,2013.0,169680000.0,False,64138000.0
United Kingdom,,importer_consumption_kg,2014.0,175680000.0,False,64619000.0
United Kingdom,,importer_consumption_kg,2015.0,215460000.0,False,65087000.0
United Kingdom,,importer_consumption_kg,2016.0,210060000.0,False,65606000.0
United Kingdom,,importer_consumption_kg,2017.0,199980000.0,False,65964000.0
United Kingdom,,importer_consumption_kg,2018.0,227280000.0,False,66287000.0
United Kingdom,,importer_consumption_kg,2019.0,226200000.0,False,66628000.0
United States of America,,importer_consumption_kg,1990.0,1097880000.0,False,249623000.0
United States of America,,importer_consumption_kg,1991.0,1119660000.0,False,252981000.0
United States of America,,importer_consumption_kg,1992.0,1097400000.0,False,256514000.0
United States of America,,importer_consumption_kg,1993.0,1153020000.0,False,259919000.0
United States of America,,importer_consumption_kg,1994.0,1039560000.0,False,263126000.0
United States of America,,importer_consumption_kg,1995.0,1041780000.0,False,266278000.0
United States of America,,importer_consumption_kg,1996.0,1083540000.0,False,269394000.0
United States of America,,importer_consumption_kg,1997.0,1067700000.0,False,272657000.0
United States of America,,importer_consumption_kg,1998.0,1116240000.0,False,275854000.0
United States of America,,importer_consumption_kg,1999.0,1161540000.0,False,279040000.0
United States of America,,importer_consumption_kg,2000.0,1124760000.0,False,282162411.0
United States of America,,importer_consumption_kg,2001.0,1173240000.0,False,284968955.0
United States of America,,importer_consumption_kg,2002.0,1147500000.0,False,287625193.0
United States of America,,importer_consumption_kg,2003.0,1211580000.0,False,290107933.0
United States of America,,importer_consumption_kg,2004.0,1258380000.0,False,292805298.0
United States of America,,importer_consumption_kg,2005.0,1259880000.0,False,295516599.0
United States of America,,importer_consumption_kg,2006.0,1240020000.0,False,298379912.0
United States of America,,importer_consumption_kg,2007.0,1261980000.0,False,301231207.0
United States of America,,importer_consumption_kg,2008.0,1299120000.0,False,304093966.0
United States of America,,importer_consumption_kg,2009.0,1286160000.0,False,306771529.0
United States of America,,importer_consumption_kg,2010.0,1306980000.0,False,309378227.0
United States of America,,importer_consumption_kg,2011.0,1322640000.0,False,311839461.0
United States of America,,importer_consumption_kg,2012.0,1333920000.0,False,314339099.0
United States of America,,importer_consumption_kg,2013.0,1405020000.0,False,316726282.0
United States of America,,importer_consumption_kg,2014.0,1426020000.0,False,319257560.0
United States of America,,importer_consumption_kg,2015.0,1466280000.0,False,321815121.0
United States of America,,importer_consumption_kg,2016.0,1514580000.0,False,324353340.0
United States of America,,importer_consumption_kg,2017.0,1570980000.0,False,326608609.0
United States of America,,importer_consumption_kg,2018.0,1590840000.0,False,328529577.0
United States of America,,importer_consumption_kg,2019.0,1638600000.0,False,330226227.0
Angola,Robusta/Arabica,production_kg,1990.0,3000000.0,False,11626360.0
Angola,Robusta/Arabica,production_kg,1991.0,4740000.0,False,12023529.0
Angola,Robusta/Arabica,production_kg,1992.0,4680000.0,False,12423712.0
Angola,Robusta/Arabica,production_kg,1993.0,1980000.0,False,12827135.0
Angola,Robusta/Arabica,production_kg,1994.0,4620000.0,False,13249764.0
Angola,Robusta/Arabica,production_kg,1995.0,3720000.0,False,13699778.0
Angola,Robusta/Arabica,production_kg,1996.0,4260000.0,False,14170973.0
Angola,Robusta/Arabica,production_kg,1997.0,3840000.0,False,14660413.0
Angola,Robusta/Arabica,production_kg,1998.0,5100000.0,False,15159370.0
Angola,Robusta/Arabica,production_kg,1999.0,3300000.0,False,15667235.0
Angola,Robusta/Arabica,production_kg,2000.0,3000000.0,False,16194869.0
Angola,Robusta/Arabica,production_kg,2001.0,1260000.0,False,16747208.0
Angola,Robusta/Arabica,production_kg,2002.0,3420000.0,False,17327699.0
Angola,Robusta/Arabica,production_kg,2003.0,2280000.0,False,17943712.0
Angola,Robusta/Arabica,production_kg,2004.0,900000.0,False,18600423.0
Angola,Robusta/Arabica,production_kg,2005.0,1500000.0,False,19291161.0
Angola,Robusta/Arabica,production_kg,2006.0,2100000.0,False,20015279.0
Angola,Robusta/Arabica,production_kg,2007.0,2160000.0,False,20778561.0
Angola,Robusta/Arabica,production_kg,2008.0,2280000.0,False,21578655.0
Angola,Robusta/Arabica,production_kg,2009.0,780000.0,False,22414773.0
Angola,Robusta/Arabica,production_kg,2010.0,2100000.0,False,23294825.0
Angola,Robusta/Arabica,production_kg,2011.0,1740000.0,False,24218352.0
Angola,Robusta/Arabica,production_kg,2012.0,1980000.0,False,25177394.0
Angola,Robusta/Arabica,production_kg,2013.0,2100000.0,False,26165620.0
Angola,Robusta/Arabica,production_kg,2014.0,2340000.0,False,27160769.0
Angola,Robusta/Arabica,production_kg,2015.0,2460000.0,False,28157798.0
Angola,Robusta/Arabica,production_kg,2016.0,2700000.0,False,29183070.0
Angola,Robusta/Arabica,production_kg,2017.0,2100000.0,False,30234839.0
Angola,Robusta/Arabica,production_kg,2018.0,2520000.0,False,31297155.0
Angola,Robusta/Arabica,production_kg,2019.0,3120000.0,False,32375632.0
Bolivia (Plurinational State of),Arabica,production_kg,1990.0,7380000.0,False,7130142.0
Bolivia (Plurinational State of),Arabica,production_kg,1991.0,6240000.0,False,7280289.0
Bolivia (Plurinational State of),Arabica,production_kg,1992.0,7200000.0,False,7430336.0
Bolivia (Plurinational State of),Arabica,production_kg,1993.0,3060000.0,False,7579195.0
Bolivia (Plurinational State of),Arabica,production_kg,1994.0,7020000.0,False,7727322.0
Bolivia (Plurinational State of),Arabica,production_kg,1995.0,8520000.0,False,7874676.0
Bolivia (Plurinational State of),Arabica,production_kg,1996.0,7500000.0,False,8021736.0
Bolivia (Plurinational State of),Arabica,production_kg,1997.0,8460000.0,False,8167900.0
Bolivia (Plurinational State of),Arabica,production_kg,1998.0,8280000.0,False,8313394.0
Bolivia (Plurinational State of),Arabica,production_kg,1999.0,9480000.0,False,8459806.0
Bolivia (Plurinational State of),Arabica,production_kg,2000.0,8880000.0,False,8606326.0
Bolivia (Plurinational State of),Arabica,production_kg,2001.0,5640000.0,False,8752736.0
Bolivia (Plurinational State of),Arabica,production_kg,2002.0,7620000.0,False,8900355.0
Bolivia (Plurinational State of),Arabica,production_kg,2003.0,6180000.0,False,9050700.0
Bolivia (Plurinational State of),Arabica,production_kg,2004.0,9300000.0,False,9204287.0
Bolivia (Plurinational State of),Arabica,production_kg,2005.0,6600000.0,False,9360754.0
Bolivia (Plurinational State of),Arabica,production_kg,2006.0,8760000.0,False,9521689.0
Bolivia (Plurinational State of),Arabica,production_kg,2007.0,6960000.0,False,9685960.0
Bolivia (Plurinational State of),Arabica,production_kg,2008.0,7200000.0,False,9850858.0
Bolivia (Plurinational State of),Arabica,production_kg,2009.0,7680000.0,False,10016275.0
Bolivia (Plurinational State of),Arabica,production_kg,2010.0,7020000.0,False,10182345.0
Bolivia (Plurinational State of),Arabica,production_kg,2011.0,7920000.0,False,10348929.0
Bolivia (Plurinational State of),Arabica,production_kg,2012.0,6300000.0,False,10515807.0
Bolivia (Plurinational State of),Arabica,production_kg,2013.0,7200000.0,False,10682608.0
Bolivia (Plurinational State of),Arabica,production_kg,2014.0,6000000.0,False,10848888.0
Bolivia (Plurinational State of),Arabica,production_kg,2015.0,5040000.0,False,11014705.0
Bolivia (Plurinational State of),Arabica,production_kg,2016.0,4680000.0,False,11180020.0
Bolivia (Plurinational State of),Arabica,production_kg,2017.0,5040000.0,False,11344587.0
Bolivia (Plurinational State of),Arabica,production_kg,2018.0,4980000.0,False,11508368.0
Bolivia (Plurinational State of),Arabica,production_kg,2019.0,4860000.0,False,11671386.0
Brazil,Arabica/Robusta,production_kg,1990.0,1637160000.0,False,149143223.0
Brazil,Arabica/Robusta,production_kg,1991.0,1637580000.0,False,151724256.0
Brazil,Arabica/Robusta,production_kg,1992.0,2076180000.0,False,154275079.0
Brazil,Arabica/Robusta,production_kg,1993.0,1690020000.0,False,156794577.0
Brazil,Arabica/Robusta,production_kg,1994.0,1691520000.0,False,159265006.0
Brazil,Arabica/Robusta,production_kg,1995.0,1083600000.0,False,161735073.0
Brazil,Arabica/Robusta,production_kg,1996.0,1751820000.0,False,164202549.0
Brazil,Arabica/Robusta,production_kg,1997.0,1568880000.0,False,166661659.0
Brazil,Arabica/Robusta,production_kg,1998.0,2205660000.0,False,169159655.0
Brazil,Arabica/Robusta,production_kg,1999.0,2854680000.0,False,171641543.0
Brazil,Arabica/Robusta,production_kg,2000.0,1878600000.0,False,174018282.0
Brazil,Arabica/Robusta,production_kg,2001.0,1881900000.0,False,176301203.0
Brazil,Arabica/Robusta,production_kg,2002.0,2901120000.0,False,178503484.0
Brazil,Arabica/Robusta,production_kg,2003.0,1732380000.0,False,180622688.0
Brazil,Arabica/Robusta,production_kg,2004.0,2356860000.0,False,182675143.0
Brazil,Arabica/Robusta,production_kg,2005.0,1975980000.0,False,184688101.0
Brazil,Arabica/Robusta,production_kg,2006.0,2905920000.0,False,186653106.0
Brazil,Arabica/Robusta,production_kg,2007.0,2334660000.0,False,188552320.0
Brazil,Arabica/Robusta,production_kg,2008.0,3089460000.0,False,190367302.0
Brazil,Arabica/Robusta,production_kg,2009.0,2638620000.0,False,192079951.0
Brazil,Arabica/Robusta,production_kg,2010.0,3325680000.0,False,193701929.0
Brazil,Arabica/Robusta,production_kg,2011.0,2915520000.0,False,195284734.0
Brazil,Arabica/Robusta,production_kg,2012.0,3325080000.0,False,196876111.0
Brazil,Arabica/Robusta,production_kg,2013.0,3281340000.0,False,198478299.0
Brazil,Arabica/Robusta,production_kg,2014.0,3198300000.0,False,200085127.0
Brazil,Arabica/Robusta,production_kg,2015.0,3172260000.0,False,201675532.0
Brazil,Arabica/Robusta,production_kg,2016.0,3407280000.0,False,203218114.0
Brazil,Arabica/Robusta,production_kg,2017.0,3164400000.0,False,204703445.0
Brazil,Arabica/Robusta,production_kg,2018.0,3907860000.0,False,206107261.0
Brazil,Arabica/Robusta,production_kg,2019.0,3492660000.0,False,207455459.0
Burundi,Arabica/Robusta,production_kg,1990.0,29220000.0,False,5587052.0
Burundi,Arabica/Robusta,production_kg,1991.0,40020000.0,False,5703857.0
Burundi,Arabica/Robusta,production_kg,1992.0,37200000.0,False,5858407.0
Burundi,Arabica/Robusta,production_kg,1993.0,23580000.0,False,5676843.0
Burundi,Arabica/Robusta,production_kg,1994.0,39840000.0,False,5713854.0
Burundi,Arabica/Robusta,production_kg,1995.0,26040000.0,False,6066316.0
Burundi,Arabica/Robusta,production_kg,1996.0,24060000.0,False,6070506.0
Burundi,Arabica/Robusta,production_kg,1997.0,15000000.0,False,6070042.0
Burundi,Arabica/Robusta,production_kg,1998.0,29520000.0,False,6187108.0
Burundi,Arabica/Robusta,production_kg,1999.0,21060000.0,False,6337155.0
Burundi,Arabica/Robusta,production_kg,2000.0,29220000.0,False,6470194.0
Burundi,Arabica/Robusta,production_kg,2001.0,8640000.0,False,6634365.0
Burundi,Arabica/Robusta,production_kg,2002.0,27240000.0,False,6824132.0
Burundi,Arabica/Robusta,production_kg,2003.0,20280000.0,False,7043154.0
Burundi,Arabica/Robusta,production_kg,2004.0,26220000.0,False,7310656.0
Burundi,Arabica/Robusta,production_kg,2005.0,6180000.0,False,7587299.0
Burundi,Arabica/Robusta,production_kg,2006.0,29880000.0,False,7865547.0
Burundi,Arabica/Robusta,production_kg,2007.0,7980000.0,False,8161874.0
Burundi,Arabica/Robusta,production_kg,2008.0,24720000.0,False,8505637.0
Burundi,Arabica/Robusta,production_kg,2009.0,6720000.0,False,8947646.0
Burundi,Arabica/Robusta,production_kg,2010.0,21180000.0,False,9376444.0
Burundi,Arabica/Robusta,production_kg,2011.0,12240000.0,False,9717978.0
Burundi,Arabica/Robusta,production_kg,2012.0,24360000.0,False,10071028.0
Burundi,Arabica/Robusta,production_kg,2013.0,9780000.0,False,10439341.0
Burundi,Arabica/Robusta,production_kg,2014.0,14880000.0,False,10799785.0
Burundi,Arabica/Robusta,production_kg,2015.0,16140000.0,False,11047580.0
Burundi,Arabica/Robusta,production_kg,2016.0,11760000.0,False,11239451.0
Burundi,Arabica/Robusta,production_kg,2017.0,12120000.0,False,11506762.0
Burundi,Arabica/Robusta,production_kg,2018.0,12240000.0,False,11859446.0
Burundi,Arabica/Robusta,production_kg,2019.0,16320000.0,False,12255336.0
Cameroon,Robusta/Arabica,production_kg,1990.0,100920000.0,False,11331821.0
Cameroon,Robusta/Arabica,production_kg,1991.0,103560000.0,False,11667180.0
Cameroon,Robusta/Arabica,production_kg,1992.0,15600000.0,False,12006353.0
Cameroon,Robusta/Arabica,production_kg,1993.0,40980000.0,False,12353131.0
Cameroon,Robusta/Arabica,production_kg,1994.0,24360000.0,False,12704903.0
Cameroon,Robusta/Arabica,production_kg,1995.0,39600000.0,False,13058516.0
Cameroon,Robusta/Arabica,production_kg,1996.0,85920000.0,False,13414757.0
Cameroon,Robusta/Arabica,production_kg,1997.0,53340000.0,False,13775214.0
Cameroon,Robusta/Arabica,production_kg,1998.0,66840000.0,False,14144860.0
Cameroon,Robusta/Arabica,production_kg,1999.0,82200000.0,False,14525140.0
Cameroon,Robusta/Arabica,production_kg,2000.0,66780000.0,False,14912631.0
Cameroon,Robusta/Arabica,production_kg,2001.0,41160000.0,False,15309490.0
Cameroon,Robusta/Arabica,production_kg,2002.0,48060000.0,False,15725528.0
Cameroon,Robusta/Arabica,production_kg,2003.0,54000000.0,False,16160340.0
Cameroon,Robusta/Arabica,production_kg,2004.0,43620000.0,False,16610487.0
Cameroon,Robusta/Arabica,production_kg,2005.0,52200000.0,False,17074594.0
Cameroon,Robusta/Arabica,production_kg,2006.0,49080000.0,False,17550407.0
Cameroon,Robusta/Arabica,production_kg,2007.0,47700000.0,False,18049896.0
Cameroon,Robusta/Arabica,production_kg,2008.0,43500000.0,False,18574056.0
Cameroon,Robusta/Arabica,production_kg,2009.0,54120000.0,False,19113974.0
Cameroon,Robusta/Arabica,production_kg,2010.0,31620000.0,False,19668066.0
Cameroon,Robusta/Arabica,production_kg,2011.0,40140000.0,False,20232304.0
Cameroon,Robusta/Arabica,production_kg,2012.0,22260000.0,False,20809529.0
Cameroon,Robusta/Arabica,production_kg,2013.0,24240000.0,False,21402376.0
Cameroon,Robusta/Arabica,production_kg,2014.0,28980000.0,False,22059893.0
Cameroon,Robusta/Arabica,production_kg,2015.0,23460000.0,False,22763414.0
Cameroon,Robusta/Arabica,production_kg,2016.0,17520000.0,False,23454161.0
Cameroon,Robusta/Arabica,production_kg,2017.0,22200000.0,False,24128601.0
Cameroon,Robusta/Arabica,production_kg,2018.0,18600000.0,False,24806383.0
Cameroon,Robusta/Arabica,production_kg,2019.0,16080000.0,False,25506095.0
Central African Republic,Robusta,production_kg,1990.0,10500000.0,False,2871910.0
Central African Republic,Robusta,production_kg,1991.0,7500000.0,False,2963191.0
Central African Republic,Robusta,production_kg,1992.0,8040000.0,False,3058831.0
Central African Republic,Robusta,production_kg,1993.0,9960000.0,False,3157839.0
Central African Republic,Robusta,production_kg,1994.0,15000000.0,False,3257954.0
Central African Republic,Robusta,production_kg,1995.0,6480000.0,False,3348052.0
Central African Republic,Robusta,production_kg,1996.0,12480000.0,False,3435965.0
Central African Republic,Robusta,production_kg,1997.0,6840000.0,False,3531700.0
Central African Republic,Robusta,production_kg,1998.0,12900000.0,False,3628827.0
Central African Republic,Robusta,production_kg,1999.0,14460000.0,False,3729450.0
Central African Republic,Robusta,production_kg,2000.0,6780000.0,False,3833416.0
Central African Republic,Robusta,production_kg,2001.0,4080000.0,False,3919487.0
Central African Republic,Robusta,production_kg,2002.0,5520000.0,False,4006077.0
Central African Republic,Robusta,production_kg,2003.0,2580000.0,False,4103086.0
Central African Republic,Robusta,production_kg,2004.0,1740000.0,False,4192826.0
Central African Republic,Robusta,production_kg,2005.0,1380000.0,False,4288810.0
Central African Republic,Robusta,production_kg,2006.0,6840000.0,False,4377579.0
Central African Republic,Robusta,production_kg,2007.0,2580000.0,False,4462770.0
Central African Republic,Robusta,production_kg,2008.0,3600000.0,False,4558984.0
Central African Republic,Robusta,production_kg,2009.0,6720000.0,False,4529047.0
Central African Republic,Robusta,production_kg,2010.0,4680000.0,False,4492995.0
Central African Republic,Robusta,production_kg,2011.0,5460000.0,False,4565021.0
Central African Republic,Robusta,production_kg,2012.0,1380000.0,False,4610848.0
Central African Republic,Robusta,production_kg,2013.0,5400000.0,False,4642419.0
Central African Republic,Robusta,production_kg,2014.0,3780000.0,False,4623182.0
Central African Republic,Robusta,production_kg,2015.0,6000000.0,False,4629320.0
Central African Republic,Robusta,production_kg,2016.0,2220000.0,False,4713663.0
Central African Republic,Robusta,production_kg,2017.0,3600000.0,False,4793511.0
Central African Republic,Robusta,production_kg,2018.0,2220000.0,False,4878657.0
Central African Republic,Robusta,production_kg,2019.0,3300000.0,False,4944703.0
Colombia,Arabica,production_kg,1990.0,863760000.0,False,32440069.0
Colombia,Arabica,production_kg,1991.0,1078800000.0,False,33098372.0
Colombia,Arabica,production_kg,1992.0,896820000.0,False,33760571.0
Colombia,Arabica,production_kg,1993.0,685320000.0,False,34441473.0
Colombia,Arabica,production_kg,1994.0,777840000.0,False,35127410.0
Colombia,Arabica,production_kg,1995.0,776280000.0,False,35804662.0
Colombia,Arabica,production_kg,1996.0,646740000.0,False,36462745.0
Colombia,Arabica,production_kg,1997.0,727320000.0,False,37121149.0
Colombia,Arabica,production_kg,1998.0,652080000.0,False,37792165.0
Colombia,Arabica,production_kg,1999.0,570720000.0,False,38454863.0
Colombia,Arabica,production_kg,2000.0,631140000.0,False,39089934.0
Colombia,Arabica,production_kg,2001.0,717000000.0,False,39709262.0
Colombia,Arabica,production_kg,2002.0,702720000.0,False,40324680.0
Colombia,Arabica,production_kg,2003.0,663180000.0,False,40937429.0
Colombia,Arabica,production_kg,2004.0,685740000.0,False,41543171.0
Colombia,Arabica,production_kg,2005.0,717120000.0,False,42128977.0
Colombia,Arabica,production_kg,2006.0,729840000.0,False,42691084.0
Colombia,Arabica,production_kg,2007.0,750900000.0,False,43235374.0
Colombia,Arabica,production_kg,2008.0,519840000.0,False,43758808.0
Colombia,Arabica,production_kg,2009.0,485880000.0,False,44271541.0
Colombia,Arabica,production_kg,2010.0,511380000.0,False,44777319.0
Colombia,Arabica,production_kg,2011.0,459180000.0,False,45259614.0
Colombia,Arabica,production_kg,2012.0,595620000.0,False,45715810.0
Colombia,Arabica,production_kg,2013.0,727440000.0,False,46151584.0
Colombia,Arabica,production_kg,2014.0,799980000.0,False,46565429.0
Colombia,Arabica,production_kg,2015.0,840540000.0,False,46969940.0
Colombia,Arabica,production_kg,2016.0,878040000.0,False,47437512.0
Colombia,Arabica,production_kg,2017.0,829440000.0,False,48131078.0
Colombia,Arabica,production_kg,2018.0,831960000.0,False,49024465.0
Colombia,Arabica,production_kg,2019.0,846000000.0,False,49907985.0
Congo,Robusta,production_kg,1990.0,180000.0,False,2380560.0
Congo,Robusta,production_kg,1991.0,180000.0,False,2449229.0
Congo,Robusta,production_kg,1992.0,180000.0,False,2519465.0
Congo,Robusta,production_kg,1993.0,180000.0,False,2595124.0
Congo,Robusta,production_kg,1994.0,480000.0,False,2673144.0
Congo,Robusta,production_kg,1995.0,720000.0,False,2749461.0
Congo,Robusta,production_kg,1996.0,840000.0,False,2826785.0
Congo,Robusta,production_kg,1997.0,180000.0,False,2887862.0
Congo,Robusta,production_kg,1998.0,180000.0,False,2952061.0
Congo,Robusta,production_kg,1999.0,180000.0,False,3032874.0
Congo,Robusta,production_kg,2000.0,180000.0,False,3151345.0
Congo,Robusta,production_kg,2001.0,180000.0,False,3272537.0
Congo,Robusta,production_kg,2002.0,180000.0,False,3350771.0
Congo,Robusta,production_kg,2003.0,180000.0,False,3445753.0
Congo,Robusta,production_kg,2004.0,180000.0,False,3565554.0
Congo,Robusta,production_kg,2005.0,180000.0,False,3696393.0
Congo,Robusta,production_kg,2006.0,180000.0,False,3837409.0
Congo,Robusta,production_kg,2007.0,180000.0,False,3980430.0
Congo,Robusta,production_kg,2008.0,180000.0,False,4113517.0
Congo,Robusta,production_kg,2009.0,180000.0,False,4281219.0
Congo,Robusta,production_kg,2010.0,180000.0,False,4462290.0
Congo,Robusta,production_kg,2011.0,180000.0,False,4609724.0
Congo,Robusta,production_kg,2012.0,180000.0,False,4740450.0
Congo,Robusta,production_kg,2013.0,180000.0,False,4857099.0
Congo,Robusta,production_kg,2014.0,180000.0,False,4975880.0
Congo,Robusta,production_kg,2015.0,180000.0,False,5097581.0
Congo,Robusta,production_kg,2016.0,180000.0,False,5222536.0
Congo,Robusta,production_kg,2017.0,180000.0,False,5351011.0
Congo,Robusta,production_kg,2018.0,180000.0,False,5483118.0
Congo,Robusta,production_kg,2019.0,180000.0,False,5616661.0
Costa Rica,Arabica,production_kg,1990.0,153720000.0,False,3121706.0
Costa Rica,Arabica,production_kg,1991.0,165600000.0,False,3202176.0
Costa Rica,Arabica,production_kg,1992.0,179880000.0,False,3284258.0
Costa Rica,Arabica,production_kg,1993.0,141540000.0,False,3367434.0
Costa Rica,Arabica,production_kg,1994.0,148920000.0,False,3451122.0
Costa Rica,Arabica,production_kg,1995.0,170640000.0,False,3535176.0
Costa Rica,Arabica,production_kg,1996.0,133320000.0,False,3619013.0
Costa Rica,Arabica,production_kg,1997.0,157020000.0,False,3701711.0
Costa Rica,Arabica,production_kg,1998.0,146700000.0,False,3782838.0
Costa Rica,Arabica,production_kg,1999.0,149100000.0,False,3862101.0
Costa Rica,Arabica,production_kg,2000.0,145140000.0,False,3937739.0
Costa Rica,Arabica,production_kg,2001.0,134820000.0,False,4008947.0
Costa Rica,Arabica,production_kg,2002.0,122580000.0,False,4075705.0
Costa Rica,Arabica,production_kg,2003.0,113160000.0,False,4138784.0
Costa Rica,Arabica,production_kg,2004.0,112560000.0,False,4200078.0
Costa Rica,Arabica,production_kg,2005.0,99180000.0,False,4261240.0
Costa Rica,Arabica,production_kg,2006.0,102360000.0,False,4321340.0
Costa Rica,Arabica,production_kg,2007.0,107820000.0,False,4380248.0
Costa Rica,Arabica,production_kg,2008.0,90000000.0,False,4440056.0
Costa Rica,Arabica,production_kg,2009.0,88620000.0,False,4499791.0
Costa Rica,Arabica,production_kg,2010.0,96840000.0,False,4555962.0
Costa Rica,Arabica,production_kg,2011.0,109860000.0,False,4609833.0
Costa Rica,Arabica,production_kg,2012.0,109380000.0,False,4663934.0
Costa Rica,Arabica,production_kg,2013.0,93120000.0,False,4716147.0
Costa Rica,Arabica,production_kg,2014.0,88500000.0,False,4767119.0
Costa Rica,Arabica,production_kg,2015.0,86400000.0,False,4818038.0
Costa Rica,Arabica,production_kg,2016.0,82320000.0,False,4866998.0
Costa Rica,Arabica,production_kg,2017.0,93660000.0,False,4913177.0
Costa Rica,Arabica,production_kg,2018.0,85620000.0,False,4957818.0
Costa Rica,Arabica,production_kg,2019.0,88320000.0,False,4999553.0
Cuba,Arabica,production_kg,1990.0,24840000.0,False,10631799.0
Cuba,Arabica,production_kg,1991.0,18120000.0,False,10717640.0
Cuba,Arabica,production_kg,1992.0,17040000.0,False,10785801.0
Cuba,Arabica,production_kg,1993.0,17100000.0,False,10841031.0
Cuba,Arabica,production_kg,1994.0,17040000.0,False,10886021.0
Cuba,Arabica,production_kg,1995.0,17100000.0,False,10925362.0
Cuba,Arabica,production_kg,1996.0,21960000.0,False,10962010.0
Cuba,Arabica,production_kg,1997.0,18000000.0,False,10997934.0
Cuba,Arabica,production_kg,1998.0,16800000.0,False,11034712.0
Cuba,Arabica,production_kg,1999.0,19680000.0,False,11072230.0
Cuba,Arabica,production_kg,2000.0,18720000.0,False,11109109.0
Cuba,Arabica,production_kg,2001.0,17100000.0,False,11144132.0
Cuba,Arabica,production_kg,2002.0,14340000.0,False,11177418.0
Cuba,Arabica,production_kg,2003.0,13440000.0,False,11209383.0
Cuba,Arabica,production_kg,2004.0,10800000.0,False,11238756.0
Cuba,Arabica,production_kg,2005.0,6000000.0,False,11262554.0
Cuba,Arabica,production_kg,2006.0,6300000.0,False,11278550.0
Cuba,Arabica,production_kg,2007.0,6600000.0,False,11287272.0
Cuba,Arabica,production_kg,2008.0,7980000.0,False,11291762.0
Cuba,Arabica,production_kg,2009.0,5520000.0,False,11294719.0
Cuba,Arabica,production_kg,2010.0,6480000.0,False,11297409.0
Cuba,Arabica,production_kg,2011.0,6000000.0,False,11301571.0
Cuba,Arabica,production_kg,2012.0,5280000.0,False,11303175.0
Cuba,Arabica,production_kg,2013.0,6420000.0,False,11298167.0
Cuba,Arabica,production_kg,2014.0,6060000.0,False,11285775.0
Cuba,Arabica,production_kg,2015.0,6000000.0,False,11275065.0
Cuba,Arabica,production_kg,2016.0,6180000.0,False,11265612.0
Cuba,Arabica,production_kg,2017.0,6780000.0,False,11247829.0
Cuba,Arabica,production_kg,2018.0,7680000.0,False,11227118.0
Cuba,Arabica,production_kg,2019.0,7800000.0,False,11202846.0
Côte d'Ivoire,Robusta,production_kg,1990.0,176400000.0,False,12189778.0
Côte d'Ivoire,Robusta,production_kg,1991.0,247740000.0,False,12683870.0
Côte d'Ivoire,Robusta,production_kg,1992.0,134760000.0,False,13200310.0
Côte d'Ivoire,Robusta,production_kg,1993.0,137580000.0,False,13735951.0
Côte d'Ivoire,Robusta,production_kg,1994.0,180360000.0,False,14287201.0
Côte d'Ivoire,Robusta,production_kg,1995.0,151920000.0,False,14855565.0
Côte d'Ivoire,Robusta,production_kg,1996.0,291540000.0,False,15442312.0
Côte d'Ivoire,Robusta,production_kg,1997.0,249840000.0,False,16047170.0
Côte d'Ivoire,Robusta,production_kg,1998.0,119520000.0,False,16663948.0
Côte d'Ivoire,Robusta,production_kg,1999.0,379200000.0,False,17215935.0
Côte d'Ivoire,Robusta,production_kg,2000.0,290760000.0,False,17699004.0
Côte d'Ivoire,Robusta,production_kg,2001.0,215760000.0,False,18178913.0
Côte d'Ivoire,Robusta,production_kg,2002.0,180600000.0,False,18654771.0
Côte d'Ivoire,Robusta,production_kg,2003.0,178860000.0,False,19125542.0
Côte d'Ivoire,Robusta,production_kg,2004.0,128160000.0,False,19595000.0
Côte d'Ivoire,Robusta,production_kg,2005.0,125940000.0,False,20068458.0
Côte d'Ivoire,Robusta,production_kg,2006.0,170880000.0,False,20546802.0
Côte d'Ivoire,Robusta,production_kg,2007.0,80280000.0,False,21030558.0
Côte d'Ivoire,Robusta,production_kg,2008.0,151560000.0,False,21514439.0
Côte d'Ivoire,Robusta,production_kg,2009.0,119340000.0,False,21997940.0
Côte d'Ivoire,Robusta,production_kg,2010.0,50220000.0,False,22488065.0
Côte d'Ivoire,Robusta,production_kg,2011.0,132960000.0,False,22982000.0
Côte d'Ivoire,Robusta,production_kg,2012.0,119640000.0,False,23467078.0
Côte d'Ivoire,Robusta,production_kg,2013.0,155880000.0,False,23939775.0
Côte d'Ivoire,Robusta,production_kg,2014.0,103680000.0,False,24527395.0
Côte d'Ivoire,Robusta,production_kg,2015.0,77340000.0,False,25246342.0
Côte d'Ivoire,Robusta,production_kg,2016.0,67020000.0,False,25989405.0
Côte d'Ivoire,Robusta,production_kg,2017.0,97440000.0,False,26733372.0
Côte d'Ivoire,Robusta,production_kg,2018.0,130500000.0,False,27464173.0
Côte d'Ivoire,Robusta,production_kg,2019.0,115740000.0,False,28193009.0
Democratic Republic of Congo,Robusta/Arabica,production_kg,1990.0,94800000.0,False,36684063.0
Democratic Republic of Congo,Robusta/Arabica,production_kg,1991.0,73800000.0,False,37925817.0
Democratic Republic of Congo,Robusta/Arabica,production_kg,1992.0,70800000.0,False,39228910.0
Democratic Republic of Congo,Robusta/Arabica,production_kg,1993.0,58800000.0,False,40656336.0
Democratic Republic of Congo,Robusta/Arabica,production_kg,1994.0,77880000.0,False,42626876.0
Democratic Republic of Congo,Robusta/Arabica,production_kg,1995.0,65880000.0,False,44433704.0
Democratic Republic of Congo,Robusta/Arabica,production_kg,1996.0,47700000.0,False,45296124.0
Democratic Republic of Congo,Robusta/Arabica,production_kg,1997.0,48660000.0,False,46029902.0
Democratic Republic of Congo,Robusta/Arabica,production_kg,1998.0,44280000.0,False,47297600.0
Democratic Republic of Congo,Robusta/Arabica,production_kg,1999.0,28620000.0,False,48912971.0
Democratic Republic of Congo,Robusta/Arabica,production_kg,2000.0,21780000.0,False,50507442.0
Democratic Republic of Congo,Robusta/Arabica,production_kg,2001.0,25380000.0,False,52132646.0
Democratic Republic of Congo,Robusta/Arabica,production_kg,2002.0,20280000.0,False,53750524.0
Democratic Republic of Congo,Robusta/Arabica,production_kg,2003.0,27060000.0,False,55343867.0
Democratic Republic of Congo,Robusta/Arabica,production_kg,2004.0,21600000.0,False,56997741.0
Democratic Republic of Congo,Robusta/Arabica,production_kg,2005.0,20160000.0,False,58775724.0
Democratic Republic of Congo,Robusta/Arabica,production_kg,2006.0,22680000.0,False,60615908.0
Democratic Republic of Congo,Robusta/Arabica,production_kg,2007.0,24960000.0,False,62477752.0
Democratic Republic of Congo,Robusta/Arabica,production_kg,2008.0,25320000.0,False,64390664.0
Democratic Republic of Congo,Robusta/Arabica,production_kg,2009.0,20760000.0,False,66412044.0
Democratic Republic of Congo,Robusta/Arabica,production_kg,2010.0,18300000.0,False,68563038.0
Democratic Republic of Congo,Robusta/Arabica,production_kg,2011.0,21420000.0,False,70849311.0
Democratic Republic of Congo,Robusta/Arabica,production_kg,2012.0,20040000.0,False,73254618.0
Democratic Republic of Congo,Robusta/Arabica,production_kg,2013.0,20820000.0,False,75789395.0
Democratic Republic of Congo,Robusta/Arabica,production_kg,2014.0,20100000.0,False,78403242.0
Democratic Republic of Congo,Robusta/Arabica,production_kg,2015.0,22260000.0,False,81035531.0
Democratic Republic of Congo,Robusta/Arabica,production_kg,2016.0,16740000.0,False,83956415.0
Democratic Republic of Congo,Robusta/Arabica,production_kg,2017.0,22920000.0,False,87083398.0
Democratic Republic of Congo,Robusta/Arabica,production_kg,2018.0,23820000.0,False,90047644.0
Democratic Republic of Congo,Robusta/Arabica,production_kg,2019.0,23460000.0,False,92947442.0
Dominican Republic,Arabica/Robusta,production_kg,1990.0,52800000.0,False,7151166.0
Dominican Republic,Arabica/Robusta,production_kg,1991.0,19260000.0,False,7299853.0
Dominican Republic,Arabica/Robusta,production_kg,1992.0,38280000.0,False,7447474.0
Dominican Republic,Arabica/Robusta,production_kg,1993.0,36240000.0,False,7594572.0
Dominican Republic,Arabica/Robusta,production_kg,1994.0,43800000.0,False,7741694.0
Dominican Republic,Arabica/Robusta,production_kg,1995.0,53160000.0,False,7888115.0
Dominican Republic,Arabica/Robusta,production_kg,1996.0,31140000.0,False,8032894.0
Dominican Republic,Arabica/Robusta,production_kg,1997.0,56460000.0,False,8174078.0
Dominican Republic,Arabica/Robusta,production_kg,1998.0,29220000.0,False,8310362.0
Dominican Republic,Arabica/Robusta,production_kg,1999.0,36420000.0,False,8446208.0
Dominican Republic,Arabica/Robusta,production_kg,2000.0,28020000.0,False,8584190.0
Dominican Republic,Arabica/Robusta,production_kg,2001.0,23220000.0,False,8720283.0
Dominican Republic,Arabica/Robusta,production_kg,2002.0,27300000.0,False,8852235.0
Dominican Republic,Arabica/Robusta,production_kg,2003.0,21060000.0,False,8980620.0
Dominican Republic,Arabica/Robusta,production_kg,2004.0,29460000.0,False,9104892.0
Dominican Republic,Arabica/Robusta,production_kg,2005.0,18600000.0,False,9225034.0
Dominican Republic,Arabica/Robusta,production_kg,2006.0,23220000.0,False,9341183.0
Dominican Republic,Arabica/Robusta,production_kg,2007.0,27900000.0,False,9455658.0
Dominican Republic,Arabica/Robusta,production_kg,2008.0,38700000.0,False,9573130.0
Dominican Republic,Arabica/Robusta,production_kg,2009.0,21120000.0,False,9695265.0
Dominican Republic,Arabica/Robusta,production_kg,2010.0,22680000.0,False,9820175.0
Dominican Republic,Arabica/Robusta,production_kg,2011.0,29460000.0,False,9945621.0
Dominican Republic,Arabica/Robusta,production_kg,2012.0,29280000.0,False,10070411.0
Dominican Republic,Arabica/Robusta,production_kg,2013.0,25500000.0,False,10193833.0
Dominican Republic,Arabica/Robusta,production_kg,2014.0,23820000.0,False,10315528.0
Dominican Republic,Arabica/Robusta,production_kg,2015.0,24000000.0,False,10434829.0
Dominican Republic,Arabica/Robusta,production_kg,2016.0,24720000.0,False,10551430.0
Dominican Republic,Arabica/Robusta,production_kg,2017.0,24720000.0,False,10666843.0
Dominican Republic,Arabica/Robusta,production_kg,2018.0,25860000.0,False,10782053.0
Dominican Republic,Arabica/Robusta,production_kg,2019.0,24120000.0,False,10894043.0
Ecuador,Arabica/Robusta,production_kg,1990.0,90240000.0,False,10473673.0
Ecuador,Arabica/Robusta,production_kg,1991.0,127440000.0,False,10702380.0
Ecuador,Arabica/Robusta,production_kg,1992.0,71100000.0,False,10930128.0
Ecuador,Arabica/Robusta,production_kg,1993.0,124140000.0,False,11154274.0
Ecuador,Arabica/Robusta,production_kg,1994.0,142560000.0,False,11372197.0
Ecuador,Arabica/Robusta,production_kg,1995.0,113280000.0,False,11590514.0
Ecuador,Arabica/Robusta,production_kg,1996.0,119580000.0,False,11810950.0
Ecuador,Arabica/Robusta,production_kg,1997.0,71460000.0,False,12031127.0
Ecuador,Arabica/Robusta,production_kg,1998.0,72360000.0,False,12251184.0
Ecuador,Arabica/Robusta,production_kg,1999.0,71880000.0,False,12470795.0
Ecuador,Arabica/Robusta,production_kg,2000.0,51240000.0,False,12689206.0
Ecuador,Arabica/Robusta,production_kg,2001.0,47580000.0,False,12910740.0
Ecuador,Arabica/Robusta,production_kg,2002.0,34920000.0,False,13138472.0
Ecuador,Arabica/Robusta,production_kg,2003.0,38460000.0,False,13372306.0
Ecuador,Arabica/Robusta,production_kg,2004.0,46800000.0,False,13608701.0
Ecuador,Arabica/Robusta,production_kg,2005.0,56100000.0,False,13846163.0
Ecuador,Arabica/Robusta,production_kg,2006.0,62100000.0,False,14086131.0
Ecuador,Arabica/Robusta,production_kg,2007.0,57000000.0,False,14328773.0
Ecuador,Arabica/Robusta,production_kg,2008.0,46260000.0,False,14575202.0
Ecuador,Arabica/Robusta,production_kg,2009.0,48780000.0,False,14825954.0
Ecuador,Arabica/Robusta,production_kg,2010.0,51240000.0,False,15076695.0
Ecuador,Arabica/Robusta,production_kg,2011.0,49500000.0,False,15326227.0
Ecuador,Arabica/Robusta,production_kg,2012.0,49680000.0,False,15572194.0
Ecuador,Arabica/Robusta,production_kg,2013.0,39960000.0,False,15807128.0
Ecuador,Arabica/Robusta,production_kg,2014.0,38640000.0,False,16035124.0
Ecuador,Arabica/Robusta,production_kg,2015.0,38640000.0,False,16266225.0
Ecuador,Arabica/Robusta,production_kg,2016.0,38700000.0,False,16505139.0
Ecuador,Arabica/Robusta,production_kg,2017.0,37440000.0,False,16759519.0
Ecuador,Arabica/Robusta,production_kg,2018.0,29760000.0,False,17049547.0
Ecuador,Arabica/Robusta,production_kg,2019.0,33540000.0,False,17340021.0
El Salvador,Arabica,production_kg,1990.0,147900000.0,False,5399726.0
El Salvador,Arabica,production_kg,1991.0,131880000.0,False,5495077.0
El Salvador,Arabica,production_kg,1992.0,180060000.0,False,5585609.0
El Salvador,Arabica,production_kg,1993.0,142680000.0,False,5659957.0
El Salvador,Arabica,production_kg,1994.0,137580000.0,False,5714129.0
El Salvador,Arabica,production_kg,1995.0,155100000.0,False,5762131.0
El Salvador,Arabica,production_kg,1996.0,152040000.0,False,5805286.0
El Salvador,Arabica,production_kg,1997.0,130500000.0,False,5844578.0
El Salvador,Arabica,production_kg,1998.0,123300000.0,False,5880781.0
El Salvador,Arabica,production_kg,1999.0,155880000.0,False,5913900.0
El Salvador,Arabica,production_kg,2000.0,102240000.0,False,5943366.0
El Salvador,Arabica,production_kg,2001.0,101640000.0,False,5968060.0
El Salvador,Arabica,production_kg,2002.0,81660000.0,False,5986631.0
El Salvador,Arabica,production_kg,2003.0,82800000.0,False,5998599.0
El Salvador,Arabica,production_kg,2004.0,71820000.0,False,6004671.0
El Salvador,Arabica,production_kg,2005.0,79140000.0,False,6005578.0
El Salvador,Arabica,production_kg,2006.0,74040000.0,False,6002319.0
El Salvador,Arabica,production_kg,2007.0,90300000.0,False,6009824.0
El Salvador,Arabica,production_kg,2008.0,87000000.0,False,6029297.0
El Salvador,Arabica,production_kg,2009.0,64500000.0,False,6048279.0
El Salvador,Arabica,production_kg,2010.0,112380000.0,False,6068249.0
El Salvador,Arabica,production_kg,2011.0,69840000.0,False,6090127.0
El Salvador,Arabica,production_kg,2012.0,74400000.0,False,6113975.0
El Salvador,Arabica,production_kg,2013.0,30900000.0,False,6138839.0
El Salvador,Arabica,production_kg,2014.0,39900000.0,False,6162955.0
El Salvador,Arabica,production_kg,2015.0,33900000.0,False,6183676.0
El Salvador,Arabica,production_kg,2016.0,36600000.0,False,6200800.0
El Salvador,Arabica,production_kg,2017.0,45600000.0,False,6213533.0
El Salvador,Arabica,production_kg,2018.0,45660000.0,False,6219807.0
El Salvador,Arabica,production_kg,2019.0,39660000.0,False,6222318.0
Equatorial Guinea,Robusta,production_kg,1990.0,240000.0,False,474274.0
Equatorial Guinea,Robusta,production_kg,1991.0,180000.0,False,492217.0
Equatorial Guinea,Robusta,production_kg,1992.0,120000.0,False,510770.0
Equatorial Guinea,Robusta,production_kg,1993.0,0.0,False,530023.0
Equatorial Guinea,Robusta,production_kg,1994.0,180000.0,False,550138.0
Equatorial Guinea,Robusta,production_kg,1995.0,120000.0,False,571264.0
Equatorial Guinea,Robusta,production_kg,1996.0,60000.0,False,593492.0
Equatorial Guinea,Robusta,production_kg,1997.0,120000.0,False,616893.0
Equatorial Guinea,Robusta,production_kg,1998.0,60000.0,False,641474.0
Equatorial Guinea,Robusta,production_kg,1999.0,0.0,False,667214.0
Equatorial Guinea,Robusta,production_kg,2000.0,0.0,False,703279.0
Equatorial Guinea,Robusta,production_kg,2001.0,0.0,False,749836.0
Equatorial Guinea,Robusta,production_kg,2002.0,0.0,False,797957.0
Equatorial Guinea,Robusta,production_kg,2003.0,0.0,False,847862.0
Equatorial Guinea,Robusta,production_kg,2004.0,0.0,False,899917.0
Equatorial Guinea,Robusta,production_kg,2005.0,0.0,False,947367.0
Equatorial Guinea,Robusta,production_kg,2006.0,0.0,False,990343.0
Equatorial Guinea,Robusta,production_kg,2007.0,0.0,False,1036044.0
Equatorial Guinea,Robusta,production_kg,2008.0,0.0,False,1084530.0
Equatorial Guinea,Robusta,production_kg,2009.0,0.0,False,1135673.0
Equatorial Guinea,Robusta,production_kg,2010.0,0.0,False,1189085.0
Equatorial Guinea,Robusta,production_kg,2011.0,0.0,False,1241835.0
Equatorial Guinea,Robusta,production_kg,2012.0,0.0,False,1293483.0
Equatorial Guinea,Robusta,production_kg,2013.0,0.0,False,1346218.0
Equatorial Guinea,Robusta,production_kg,2014.0,0.0,False,1399828.0
Equatorial Guinea,Robusta,production_kg,2015.0,0.0,False,1453923.0
Equatorial Guinea,Robusta,production_kg,2016.0,0.0,False,1508186.0
Equatorial Guinea,Robusta,production_kg,2017.0,0.0,False,1562396.0
Equatorial Guinea,Robusta,production_kg,2018.0,0.0,False,1616422.0
Equatorial Guinea,Robusta,production_kg,2019.0,0.0,False,1670177.0
Ethiopia,Arabica,production_kg,1990.0,174540000.0,False,47609755.0
Ethiopia,Arabica,production_kg,1991.0,175500000.0,False,49717198.0
Ethiopia,Arabica,production_kg,1992.0,109500000.0,False,51853747.0
Ethiopia,Arabica,production_kg,1993.0,178020000.0,False,53708891.0
Ethiopia,Arabica,production_kg,1994.0,165780000.0,False,55611508.0
Ethiopia,Arabica,production_kg,1995.0,189900000.0,False,57537335.0
Ethiopia,Arabica,production_kg,1996.0,204420000.0,False,59467635.0
Ethiopia,Arabica,production_kg,1997.0,183420000.0,False,61404539.0
Ethiopia,Arabica,production_kg,1998.0,175680000.0,False,63363524.0
Ethiopia,Arabica,production_kg,1999.0,227040000.0,False,65374561.0
Ethiopia,Arabica,production_kg,2000.0,186900000.0,False,67411494.0
Ethiopia,Arabica,production_kg,2001.0,242640000.0,False,69487762.0
Ethiopia,Arabica,production_kg,2002.0,245640000.0,False,71635517.0
Ethiopia,Arabica,production_kg,2003.0,263640000.0,False,73832663.0
Ethiopia,Arabica,production_kg,2004.0,312780000.0,False,76077206.0
Ethiopia,Arabica,production_kg,2005.0,286740000.0,False,78367470.0
Ethiopia,Arabica,production_kg,2006.0,333060000.0,False,80703490.0
Ethiopia,Arabica,production_kg,2007.0,358020000.0,False,83103217.0
Ethiopia,Arabica,production_kg,2008.0,296940000.0,False,85543668.0
Ethiopia,Arabica,production_kg,2009.0,409800000.0,False,88007636.0
Ethiopia,Arabica,production_kg,2010.0,333600000.0,False,90538514.0
Ethiopia,Arabica,production_kg,2011.0,339000000.0,False,93149970.0
Ethiopia,Arabica,production_kg,2012.0,367920000.0,False,95798767.0
Ethiopia,Arabica,production_kg,2013.0,374520000.0,False,98438751.0
Ethiopia,Arabica,production_kg,2014.0,382980000.0,False,101115610.0
Ethiopia,Arabica,production_kg,2015.0,390900000.0,False,103867135.0
Ethiopia,Arabica,production_kg,2016.0,428580000.0,False,106718162.0
Ethiopia,Arabica,production_kg,2017.0,440820000.0,False,109666481.0
Ethiopia,Arabica,production_kg,2018.0,450660000.0,False,112664152.0
Ethiopia,Arabica,production_kg,2019.0,440580000.0,False,115737383.0
Gabon,Robusta,production_kg,1990.0,180000.0,False,983734.0
Gabon,Robusta,production_kg,1991.0,120000.0,False,1010818.0
Gabon,Robusta,production_kg,1992.0,180000.0,False,1038380.0
Gabon,Robusta,production_kg,1993.0,180000.0,False,1066405.0
Gabon,Robusta,production_kg,1994.0,480000.0,False,1094720.0
Gabon,Robusta,production_kg,1995.0,120000.0,False,1123213.0
Gabon,Robusta,production_kg,1996.0,60000.0,False,1152015.0
Gabon,Robusta,production_kg,1997.0,180000.0,False,1181439.0
Gabon,Robusta,production_kg,1998.0,240000.0,False,1211736.0
Gabon,Robusta,production_kg,1999.0,120000.0,False,1243016.0
Gabon,Robusta,production_kg,2000.0,0.0,False,1275572.0
Gabon,Robusta,production_kg,2001.0,60000.0,False,1309589.0
Gabon,Robusta,production_kg,2002.0,60000.0,False,1345135.0
Gabon,Robusta,production_kg,2003.0,0.0,False,1382350.0
Gabon,Robusta,production_kg,2004.0,0.0,False,1421609.0
Gabon,Robusta,production_kg,2005.0,60000.0,False,1463495.0
Gabon,Robusta,production_kg,2006.0,60000.0,False,1508337.0
Gabon,Robusta,production_kg,2007.0,60000.0,False,1556237.0
Gabon,Robusta,production_kg,2008.0,120000.0,False,1607175.0
Gabon,Robusta,production_kg,2009.0,0.0,False,1661556.0
Gabon,Robusta,production_kg,2010.0,120000.0,False,1719879.0
Gabon,Robusta,production_kg,2011.0,60000.0,False,1781985.0
Gabon,Robusta,production_kg,2012.0,60000.0,False,1846889.0
Gabon,Robusta,production_kg,2013.0,0.0,False,1913059.0
Gabon,Robusta,production_kg,2014.0,60000.0,False,1978399.0
Gabon,Robusta,production_kg,2015.0,60000.0,False,2040989.0
Gabon,Robusta,production_kg,2016.0,0.0,False,2100306.0
Gabon,Robusta,production_kg,2017.0,0.0,False,2156900.0
Gabon,Robusta,production_kg,2018.0,60000.0,False,2212318.0
Gabon,Robusta,production_kg,2019.0,0.0,False,2267706.0
Ghana,Robusta,production_kg,1990.0,2280000.0,False,15394648.0
Ghana,Robusta,production_kg,1991.0,4560000.0,False,15787496.0
Ghana,Robusta,production_kg,1992.0,2220000.0,False,16184855.0
Ghana,Robusta,production_kg,1993.0,2700000.0,False,16589519.0
Ghana,Robusta,production_kg,1994.0,3420000.0,False,16993190.0
Ghana,Robusta,production_kg,1995.0,3420000.0,False,17399017.0
Ghana,Robusta,production_kg,1996.0,1920000.0,False,17810181.0
Ghana,Robusta,production_kg,1997.0,1620000.0,False,18238958.0
Ghana,Robusta,production_kg,1998.0,3240000.0,False,18688036.0
Ghana,Robusta,production_kg,1999.0,5340000.0,False,19149864.0
Ghana,Robusta,production_kg,2000.0,4560000.0,False,19637087.0
Ghana,Robusta,production_kg,2001.0,420000.0,False,20167069.0
Ghana,Robusta,production_kg,2002.0,2040000.0,False,20729388.0
Ghana,Robusta,production_kg,2003.0,1080000.0,False,21296705.0
Ghana,Robusta,production_kg,2004.0,1080000.0,False,21868298.0
Ghana,Robusta,production_kg,2005.0,720000.0,False,22449438.0
Ghana,Robusta,production_kg,2006.0,1200000.0,False,23040702.0
Ghana,Robusta,production_kg,2007.0,2100000.0,False,23642279.0
Ghana,Robusta,production_kg,2008.0,1560000.0,False,24249946.0
Ghana,Robusta,production_kg,2009.0,1140000.0,False,24862664.0
Ghana,Robusta,production_kg,2010.0,4140000.0,False,25474995.0
Ghana,Robusta,production_kg,2011.0,1800000.0,False,26095088.0
Ghana,Robusta,production_kg,2012.0,1260000.0,False,26734268.0
Ghana,Robusta,production_kg,2013.0,1500000.0,False,27386193.0
Ghana,Robusta,production_kg,2014.0,2100000.0,False,28041592.0
Ghana,Robusta,production_kg,2015.0,2160000.0,False,28696068.0
Ghana,Robusta,production_kg,2016.0,1560000.0,False,29356742.0
Ghana,Robusta,production_kg,2017.0,780000.0,False,30008354.0
Ghana,Robusta,production_kg,2018.0,900000.0,False,30637585.0
Ghana,Robusta,production_kg,2019.0,840000.0,False,31258945.0
Guatemala,Arabica/Robusta,production_kg,1990.0,196260000.0,False,9024773.0
Guatemala,Arabica/Robusta,production_kg,1991.0,209820000.0,False,9272584.0
Guatemala,Arabica/Robusta,production_kg,1992.0,259080000.0,False,9522266.0
Guatemala,Arabica/Robusta,production_kg,1993.0,212160000.0,False,9779761.0
Guatemala,Arabica/Robusta,production_kg,1994.0,227220000.0,False,10043718.0
Guatemala,Arabica/Robusta,production_kg,1995.0,240120000.0,False,10312996.0
Guatemala,Arabica/Robusta,production_kg,1996.0,271500000.0,False,10583526.0
Guatemala,Arabica/Robusta,production_kg,1997.0,253140000.0,False,10857754.0
Guatemala,Arabica/Robusta,production_kg,1998.0,293580000.0,False,11139145.0
Guatemala,Arabica/Robusta,production_kg,1999.0,307200000.0,False,11422965.0
Guatemala,Arabica/Robusta,production_kg,2000.0,296400000.0,False,11697592.0
Guatemala,Arabica/Robusta,production_kg,2001.0,220140000.0,False,11969422.0
Guatemala,Arabica/Robusta,production_kg,2002.0,244200000.0,False,12246915.0
Guatemala,Arabica/Robusta,production_kg,2003.0,216600000.0,False,12525842.0
Guatemala,Arabica/Robusta,production_kg,2004.0,222180000.0,False,12807402.0
Guatemala,Arabica/Robusta,production_kg,2005.0,220560000.0,False,13087629.0
Guatemala,Arabica/Robusta,production_kg,2006.0,237000000.0,False,13367459.0
Guatemala,Arabica/Robusta,production_kg,2007.0,246000000.0,False,13652040.0
Guatemala,Arabica/Robusta,production_kg,2008.0,227100000.0,False,13935174.0
Guatemala,Arabica/Robusta,production_kg,2009.0,230100000.0,False,14215611.0
Guatemala,Arabica/Robusta,production_kg,2010.0,237000000.0,False,14500112.0
Guatemala,Arabica/Robusta,production_kg,2011.0,231000000.0,False,14792126.0
Guatemala,Arabica/Robusta,production_kg,2012.0,225780000.0,False,15089647.0
Guatemala,Arabica/Robusta,production_kg,2013.0,191340000.0,False,15387337.0
Guatemala,Arabica/Robusta,production_kg,2014.0,198600000.0,False,15681725.0
Guatemala,Arabica/Robusta,production_kg,2015.0,204600000.0,False,15971743.0
Guatemala,Arabica/Robusta,production_kg,2016.0,221040000.0,False,16268760.0
Guatemala,Arabica/Robusta,production_kg,2017.0,224040000.0,False,16567357.0
Guatemala,Arabica/Robusta,production_kg,2018.0,240420000.0,False,16845685.0
Guatemala,Arabica/Robusta,production_kg,2019.0,216360000.0,False,17103803.0
Guinea,Robusta,production_kg,1990.0,2640000.0,False,6434374.0
Guinea,Robusta,production_kg,1991.0,5460000.0,False,6697166.0
Guinea,Robusta,production_kg,1992.0,4560000.0,False,6914366.0
Guinea,Robusta,production_kg,1993.0,3840000.0,False,7128177.0
Guinea,Robusta,production_kg,1994.0,11880000.0,False,7345107.0
Guinea,Robusta,production_kg,1995.0,6240000.0,False,7553249.0
Guinea,Robusta,production_kg,1996.0,8880000.0,False,7770035.0
Guinea,Robusta,production_kg,1997.0,10320000.0,False,7931370.0
Guinea,Robusta,production_kg,1998.0,25260000.0,False,8081990.0
Guinea,Robusta,production_kg,1999.0,21840000.0,False,8265123.0
Guinea,Robusta,production_kg,2000.0,24000000.0,False,8428832.0
Guinea,Robusta,production_kg,2001.0,14160000.0,False,8539960.0
Guinea,Robusta,production_kg,2002.0,19680000.0,False,8674066.0
Guinea,Robusta,production_kg,2003.0,21960000.0,False,8870781.0
Guinea,Robusta,production_kg,2004.0,18960000.0,False,9062726.0
Guinea,Robusta,production_kg,2005.0,31500000.0,False,9245844.0
Guinea,Robusta,production_kg,2006.0,28380000.0,False,9441171.0
Guinea,Robusta,production_kg,2007.0,19380000.0,False,9662281.0
Guinea,Robusta,production_kg,2008.0,30300000.0,False,9898870.0
Guinea,Robusta,production_kg,2009.0,29940000.0,False,10143534.0
Guinea,Robusta,production_kg,2010.0,23160000.0,False,10396086.0
Guinea,Robusta,production_kg,2011.0,23160000.0,False,10656810.0
Guinea,Robusta,production_kg,2012.0,14040000.0,False,10921581.0
Guinea,Robusta,production_kg,2013.0,6060000.0,False,11191873.0
Guinea,Robusta,production_kg,2014.0,9900000.0,False,11472924.0
Guinea,Robusta,production_kg,2015.0,17160000.0,False,11767070.0
Guinea,Robusta,production_kg,2016.0,16200000.0,False,12073030.0
Guinea,Robusta,production_kg,2017.0,13740000.0,False,12385659.0
Guinea,Robusta,production_kg,2018.0,9180000.0,False,12704774.0
Guinea,Robusta,production_kg,2019.0,10680000.0,False,13034346.0
Guyana,Robusta,production_kg,1990.0,0.0,False,749894.0
Guyana,Robusta,production_kg,1991.0,0.0,False,747861.0
Guyana,Robusta,production_kg,1992.0,0.0,False,749911.0
Guyana,Robusta,production_kg,1993.0,0.0,False,752965.0
Guyana,Robusta,production_kg,1994.0,0.0,False,755822.0
Guyana,Robusta,production_kg,1995.0,0.0,False,758388.0
Guyana,Robusta,production_kg,1996.0,0.0,False,760526.0
Guyana,Robusta,production_kg,1997.0,0.0,False,762245.0
Guyana,Robusta,production_kg,1998.0,360000.0,False,763586.0
Guyana,Robusta,production_kg,1999.0,300000.0,False,764483.0
Guyana,Robusta,production_kg,2000.0,180000.0,False,764832.0
Guyana,Robusta,production_kg,2001.0,300000.0,False,764477.0
Guyana,Robusta,production_kg,2002.0,300000.0,False,763652.0
Guyana,Robusta,production_kg,2003.0,300000.0,False,763101.0
Guyana,Robusta,production_kg,2004.0,360000.0,False,762418.0
Guyana,Robusta,production_kg,2005.0,420000.0,False,760914.0
Guyana,Robusta,production_kg,2006.0,480000.0,False,758966.0
Guyana,Robusta,production_kg,2007.0,540000.0,False,756861.0
Guyana,Robusta,production_kg,2008.0,600000.0,False,754606.0
Guyana,Robusta,production_kg,2009.0,540000.0,False,752094.0
Guyana,Robusta,production_kg,2010.0,540000.0,False,749256.0
Guyana,Robusta,production_kg,2011.0,600000.0,False,746153.0
Guyana,Robusta,production_kg,2012.0,600000.0,False,746288.0
Guyana,Robusta,production_kg,2013.0,780000.0,False,750021.0
Guyana,Robusta,production_kg,2014.0,540000.0,False,754229.0
Guyana,Robusta,production_kg,2015.0,660000.0,False,758781.0
Guyana,Robusta,production_kg,2016.0,600000.0,False,763548.0
Guyana,Robusta,production_kg,2017.0,600000.0,False,768479.0
Guyana,Robusta,production_kg,2018.0,600000.0,False,791556.0
Guyana,Robusta,production_kg,2019.0,600000.0,False,807665.0
Haiti,Arabica,production_kg,1990.0,23580000.0,False,6854441.0
Haiti,Arabica,production_kg,1991.0,27780000.0,False,6995450.0
Haiti,Arabica,production_kg,1992.0,30000000.0,False,7136571.0
Haiti,Arabica,production_kg,1993.0,27060000.0,False,7278181.0
Haiti,Arabica,production_kg,1994.0,27000000.0,False,7419771.0
Haiti,Arabica,production_kg,1995.0,30840000.0,False,7562546.0
Haiti,Arabica,production_kg,1996.0,25680000.0,False,7707557.0
Haiti,Arabica,production_kg,1997.0,25920000.0,False,7854298.0
Haiti,Arabica,production_kg,1998.0,26340000.0,False,8002143.0
Haiti,Arabica,production_kg,1999.0,23940000.0,False,8151296.0
Haiti,Arabica,production_kg,2000.0,25200000.0,False,8303151.0
Haiti,Arabica,production_kg,2001.0,24180000.0,False,8455918.0
Haiti,Arabica,production_kg,2002.0,22440000.0,False,8607641.0
Haiti,Arabica,production_kg,2003.0,22440000.0,False,8759912.0
Haiti,Arabica,production_kg,2004.0,21900000.0,False,8910263.0
Haiti,Arabica,production_kg,2005.0,21360000.0,False,9061273.0
Haiti,Arabica,production_kg,2006.0,21720000.0,False,9216562.0
Haiti,Arabica,production_kg,2007.0,21540000.0,False,9373296.0
Haiti,Arabica,production_kg,2008.0,21540000.0,False,9530774.0
Haiti,Arabica,production_kg,2009.0,21060000.0,False,9689581.0
Haiti,Arabica,production_kg,2010.0,21000000.0,False,9803294.0
Haiti,Arabica,production_kg,2011.0,20940000.0,False,9914904.0
Haiti,Arabica,production_kg,2012.0,21000000.0,False,10069771.0
Haiti,Arabica,production_kg,2013.0,20700000.0,False,10222362.0
Haiti,Arabica,production_kg,2014.0,20580000.0,False,10373235.0
Haiti,Arabica,production_kg,2015.0,20460000.0,False,10523242.0
Haiti,Arabica,production_kg,2016.0,20520000.0,False,10671457.0
Haiti,Arabica,production_kg,2017.0,20520000.0,False,10817754.0
Haiti,Arabica,production_kg,2018.0,20820000.0,False,10962362.0
Haiti,Arabica,production_kg,2019.0,20820000.0,False,11105163.0
Honduras,Arabica,production_kg,1990.0,94080000.0,False,4980488.0
Honduras,Arabica,production_kg,1991.0,139320000.0,False,5123792.0
Honduras,Arabica,production_kg,1992.0,115080000.0,False,5271431.0
Honduras,Arabica,production_kg,1993.0,109740000.0,False,5423249.0
Honduras,Arabica,production_kg,1994.0,130860000.0,False,5579242.0
Honduras,Arabica,production_kg,1995.0,114540000.0,False,5739637.0
Honduras,Arabica,production_kg,1996.0,120240000.0,False,5903954.0
Honduras,Arabica,production_kg,1997.0,153840000.0,False,6071454.0
Honduras,Arabica,production_kg,1998.0,131700000.0,False,6234431.0
Honduras,Arabica,production_kg,1999.0,179100000.0,False,6400463.0
Honduras,Arabica,production_kg,2000.0,160020000.0,False,6577773.0
Honduras,Arabica,production_kg,2001.0,182160000.0,False,6757993.0
Honduras,Arabica,production_kg,2002.0,149760000.0,False,6938859.0
Honduras,Arabica,production_kg,2003.0,178080000.0,False,7119213.0
Honduras,Arabica,production_kg,2004.0,154500000.0,False,7298994.0
Honduras,Arabica,production_kg,2005.0,192240000.0,False,7478355.0
Honduras,Arabica,production_kg,2006.0,207660000.0,False,7656832.0
Honduras,Arabica,production_kg,2007.0,218400000.0,False,7834798.0
Honduras,Arabica,production_kg,2008.0,207000000.0,False,8012587.0
Honduras,Arabica,production_kg,2009.0,216180000.0,False,8189899.0
Honduras,Arabica,production_kg,2010.0,259860000.0,False,8365878.0
Honduras,Arabica,production_kg,2011.0,352920000.0,False,8540583.0
Honduras,Arabica,production_kg,2012.0,281160000.0,False,8715076.0
Honduras,Arabica,production_kg,2013.0,274980000.0,False,8889278.0
Honduras,Arabica,production_kg,2014.0,316080000.0,False,9063122.0
Honduras,Arabica,production_kg,2015.0,347160000.0,False,9237305.0
Honduras,Arabica,production_kg,2016.0,447420000.0,False,9412380.0
Honduras,Arabica,production_kg,2017.0,453600000.0,False,9588137.0
Honduras,Arabica,production_kg,2018.0,429180000.0,False,9765210.0
Honduras,Arabica,production_kg,2019.0,355860000.0,False,9943633.0
India,Robusta/Arabica,production_kg,1990.0,169740000.0,False,864972221.0
India,Robusta/Arabica,production_kg,1991.0,180000000.0,False,883927600.0
India,Robusta/Arabica,production_kg,1992.0,169380000.0,False,902957070.0
India,Robusta/Arabica,production_kg,1993.0,211980000.0,False,922118387.0
India,Robusta/Arabica,production_kg,1994.0,180120000.0,False,941163767.0
India,Robusta/Arabica,production_kg,1995.0,240720000.0,False,960301044.0
India,Robusta/Arabica,production_kg,1996.0,205020000.0,False,979678458.0
India,Robusta/Arabica,production_kg,1997.0,246540000.0,False,999133762.0
India,Robusta/Arabica,production_kg,1998.0,265020000.0,False,1018665080.0
India,Robusta/Arabica,production_kg,1999.0,292020000.0,False,1038225823.0
India,Robusta/Arabica,production_kg,2000.0,301200000.0,False,1057922733.0
India,Robusta/Arabica,production_kg,2001.0,288600000.0,False,1077898575.0
India,Robusta/Arabica,production_kg,2002.0,275280000.0,False,1097600380.0
India,Robusta/Arabica,production_kg,2003.0,282480000.0,False,1116803006.0
India,Robusta/Arabica,production_kg,2004.0,275460000.0,False,1135991513.0
India,Robusta/Arabica,production_kg,2005.0,273960000.0,False,1154676322.0
India,Robusta/Arabica,production_kg,2006.0,270000000.0,False,1172878890.0
India,Robusta/Arabica,production_kg,2007.0,262020000.0,False,1190676021.0
India,Robusta/Arabica,production_kg,2008.0,244320000.0,False,1207930964.0
India,Robusta/Arabica,production_kg,2009.0,289620000.0,False,1225524753.0
India,Robusta/Arabica,production_kg,2010.0,336000000.0,False,1243481564.0
India,Robusta/Arabica,production_kg,2011.0,320040000.0,False,1261224954.0
India,Robusta/Arabica,production_kg,2012.0,324180000.0,False,1278674502.0
India,Robusta/Arabica,production_kg,2013.0,304500000.0,False,1295829511.0
India,Robusta/Arabica,production_kg,2014.0,327000000.0,False,1312277191.0
India,Robusta/Arabica,production_kg,2015.0,349800000.0,False,1328024498.0
India,Robusta/Arabica,production_kg,2016.0,369660000.0,False,1343944296.0
India,Robusta/Arabica,production_kg,2017.0,348780000.0,False,1359657400.0
India,Robusta/Arabica,production_kg,2018.0,319500000.0,False,1374659064.0
India,Robusta/Arabica,production_kg,2019.0,299280000.0,False,1389030312.0
Indonesia,Robusta/Arabica,production_kg,1990.0,446460000.0,False,183501098.0
Indonesia,Robusta/Arabica,production_kg,1991.0,509580000.0,False,186778238.0
Indonesia,Robusta/Arabica,production_kg,1992.0,334140000.0,False,190043744.0
Indonesia,Robusta/Arabica,production_kg,1993.0,404580000.0,False,193305168.0
Indonesia,Robusta/Arabica,production_kg,1994.0,322080000.0,False,196591828.0
Indonesia,Robusta/Arabica,production_kg,1995.0,274380000.0,False,199888057.0
Indonesia,Robusta/Arabica,production_kg,1996.0,493260000.0,False,203204348.0
Indonesia,Robusta/Arabica,production_kg,1997.0,457260000.0,False,206536095.0
Indonesia,Robusta/Arabica,production_kg,1998.0,437760000.0,False,209826788.0
Indonesia,Robusta/Arabica,production_kg,1999.0,393420000.0,False,213004668.0
Indonesia,Robusta/Arabica,production_kg,2000.0,419220000.0,False,216077790.0
Indonesia,Robusta/Arabica,production_kg,2001.0,409980000.0,False,219097902.0
Indonesia,Robusta/Arabica,production_kg,2002.0,403860000.0,False,222088495.0
Indonesia,Robusta/Arabica,production_kg,2003.0,384240000.0,False,225048008.0
Indonesia,Robusta/Arabica,production_kg,2004.0,452160000.0,False,227926649.0
Indonesia,Robusta/Arabica,production_kg,2005.0,549540000.0,False,230871650.0
Indonesia,Robusta/Arabica,production_kg,2006.0,448980000.0,False,233951652.0
Indonesia,Robusta/Arabica,production_kg,2007.0,466620000.0,False,237062337.0
Indonesia,Robusta/Arabica,production_kg,2008.0,576720000.0,False,240157903.0
Indonesia,Robusta/Arabica,production_kg,2009.0,682800000.0,False,243220028.0
Indonesia,Robusta/Arabica,production_kg,2010.0,547740000.0,False,246305322.0
Indonesia,Robusta/Arabica,production_kg,2011.0,413340000.0,False,249470032.0
Indonesia,Robusta/Arabica,production_kg,2012.0,784200000.0,False,252698525.0
Indonesia,Robusta/Arabica,production_kg,2013.0,774060000.0,False,255852467.0
Indonesia,Robusta/Arabica,production_kg,2014.0,656760000.0,False,258877399.0
Indonesia,Robusta/Arabica,production_kg,2015.0,755100000.0,False,261799249.0
Indonesia,Robusta/Arabica,production_kg,2016.0,692460000.0,False,264627418.0
Indonesia,Robusta/Arabica,production_kg,2017.0,651120000.0,False,267346658.0
Indonesia,Robusta/Arabica,production_kg,2018.0,577080000.0,False,269951846.0
Indonesia,Robusta/Arabica,production_kg,2019.0,685980000.0,False,272489381.0
Jamaica,Arabica,production_kg,1990.0,1380000.0,False,2379877.0
Jamaica,Arabica,production_kg,1991.0,2340000.0,False,2400869.0
Jamaica,Arabica,production_kg,1992.0,1560000.0,False,2424701.0
Jamaica,Arabica,production_kg,1993.0,2040000.0,False,2449916.0
Jamaica,Arabica,production_kg,1994.0,2700000.0,False,2475220.0
Jamaica,Arabica,production_kg,1995.0,2580000.0,False,2500151.0
Jamaica,Arabica,production_kg,1996.0,3240000.0,False,2524463.0
Jamaica,Arabica,production_kg,1997.0,2820000.0,False,2547848.0
Jamaica,Arabica,production_kg,1998.0,1740000.0,False,2569736.0
Jamaica,Arabica,production_kg,1999.0,2280000.0,False,2589795.0
Jamaica,Arabica,production_kg,2000.0,2220000.0,False,2607826.0
Jamaica,Arabica,production_kg,2001.0,1860000.0,False,2624403.0
Jamaica,Arabica,production_kg,2002.0,2220000.0,False,2640572.0
Jamaica,Arabica,production_kg,2003.0,2220000.0,False,2656623.0
Jamaica,Arabica,production_kg,2004.0,1260000.0,False,2672225.0
Jamaica,Arabica,production_kg,2005.0,2040000.0,False,2687066.0
Jamaica,Arabica,production_kg,2006.0,2400000.0,False,2700968.0
Jamaica,Arabica,production_kg,2007.0,1200000.0,False,2713800.0
Jamaica,Arabica,production_kg,2008.0,1920000.0,False,2725635.0
Jamaica,Arabica,production_kg,2009.0,1500000.0,False,2736995.0
Jamaica,Arabica,production_kg,2010.0,1260000.0,False,2748568.0
Jamaica,Arabica,production_kg,2011.0,1440000.0,False,2760494.0
Jamaica,Arabica,production_kg,2012.0,1440000.0,False,2772430.0
Jamaica,Arabica,production_kg,2013.0,1200000.0,False,2783687.0
Jamaica,Arabica,production_kg,2014.0,1260000.0,False,2793749.0
Jamaica,Arabica,production_kg,2015.0,1200000.0,False,2802534.0
Jamaica,Arabica,production_kg,2016.0,1080000.0,False,2809915.0
Jamaica,Arabica,production_kg,2017.0,1140000.0,False,2815764.0
Jamaica,Arabica,production_kg,2018.0,1080000.0,False,2820097.0
Jamaica,Arabica,production_kg,2019.0,1380000.0,False,2823271.0
Kenya,Arabica,production_kg,1990.0,89100000.0,False,22892651.0
Kenya,Arabica,production_kg,1991.0,90840000.0,False,23646514.0
Kenya,Arabica,production_kg,1992.0,78960000.0,False,24382460.0
Kenya,Arabica,production_kg,1993.0,79680000.0,False,25117188.0
Kenya,Arabica,production_kg,1994.0,99780000.0,False,25857130.0
Kenya,Arabica,production_kg,1995.0,99840000.0,False,26601751.0
Kenya,Arabica,production_kg,1996.0,74820000.0,False,27344211.0
Kenya,Arabica,production_kg,1997.0,52920000.0,False,28101768.0
Kenya,Arabica,production_kg,1998.0,70380000.0,False,28888057.0
Kenya,Arabica,production_kg,1999.0,90120000.0,False,29733408.0
Kenya,Arabica,production_kg,2000.0,60120000.0,False,30642890.0
Kenya,Arabica,production_kg,2001.0,59460000.0,False,31619170.0
Kenya,Arabica,production_kg,2002.0,56700000.0,False,32629808.0
Kenya,Arabica,production_kg,2003.0,40380000.0,False,33652223.0
Kenya,Arabica,production_kg,2004.0,44160000.0,False,34713455.0
Kenya,Arabica,production_kg,2005.0,39600000.0,False,35796484.0
Kenya,Arabica,production_kg,2006.0,49560000.0,False,36904008.0
Kenya,Arabica,production_kg,2007.0,39120000.0,False,38036349.0
Kenya,Arabica,production_kg,2008.0,32460000.0,False,39206351.0
Kenya,Arabica,production_kg,2009.0,37800000.0,False,40408891.0
Kenya,Arabica,production_kg,2010.0,38460000.0,False,41598567.0
Kenya,Arabica,production_kg,2011.0,45420000.0,False,42758461.0
Kenya,Arabica,production_kg,2012.0,52500000.0,False,43888303.0
Kenya,Arabica,production_kg,2013.0,50580000.0,False,44986791.0
Kenya,Arabica,production_kg,2014.0,46200000.0,False,46051440.0
Kenya,Arabica,production_kg,2015.0,47940000.0,False,47088526.0
Kenya,Arabica,production_kg,2016.0,47580000.0,False,48139687.0
Kenya,Arabica,production_kg,2017.0,47400000.0,False,49197766.0
Kenya,Arabica,production_kg,2018.0,55800000.0,False,50207107.0
Kenya,Arabica,production_kg,2019.0,50640000.0,False,51202827.0
Lao People's Democratic Republic,Robusta,production_kg,1990.0,0.0,False,4311955.0
Lao People's Democratic Republic,Robusta,production_kg,1991.0,0.0,False,4435118.0
Lao People's Democratic Republic,Robusta,production_kg,1992.0,0.0,False,4559646.0
Lao People's Democratic Republic,Robusta,production_kg,1993.0,0.0,False,4685060.0
Lao People's Democratic Republic,Robusta,production_kg,1994.0,0.0,False,4809220.0
Lao People's Democratic Republic,Robusta,production_kg,1995.0,0.0,False,4929409.0
Lao People's Democratic Republic,Robusta,production_kg,1996.0,0.0,False,5045678.0
Lao People's Democratic Republic,Robusta,production_kg,1997.0,0.0,False,5152011.0
Lao People's Democratic Republic,Robusta,production_kg,1998.0,10260000.0,False,5248266.0
Lao People's Democratic Republic,Robusta,production_kg,1999.0,14340000.0,False,5340784.0
Lao People's Democratic Republic,Robusta,production_kg,2000.0,12720000.0,False,5431212.0
Lao People's Democratic Republic,Robusta,production_kg,2001.0,15480000.0,False,5521482.0
Lao People's Democratic Republic,Robusta,production_kg,2002.0,24120000.0,False,5610889.0
Lao People's Democratic Republic,Robusta,production_kg,2003.0,21660000.0,False,5697945.0
Lao People's Democratic Republic,Robusta,production_kg,2004.0,22740000.0,False,5781626.0
Lao People's Democratic Republic,Robusta,production_kg,2005.0,16800000.0,False,5869523.0
Lao People's Democratic Republic,Robusta,production_kg,2006.0,23460000.0,False,5963200.0
Lao People's Democratic Republic,Robusta,production_kg,2007.0,23580000.0,False,6056236.0
Lao People's Democratic Republic,Robusta,production_kg,2008.0,24360000.0,False,6148969.0
Lao People's Democratic Republic,Robusta,production_kg,2009.0,26040000.0,False,6241642.0
Lao People's Democratic Republic,Robusta,production_kg,2010.0,32640000.0,False,6334194.0
Lao People's Democratic Republic,Robusta,production_kg,2011.0,30840000.0,False,6426590.0
Lao People's Democratic Republic,Robusta,production_kg,2012.0,32460000.0,False,6518978.0
Lao People's Democratic Republic,Robusta,production_kg,2013.0,32640000.0,False,6611385.0
Lao People's Democratic Republic,Robusta,production_kg,2014.0,33120000.0,False,6703172.0
Lao People's Democratic Republic,Robusta,production_kg,2015.0,32100000.0,False,6801645.0
Lao People's Democratic Republic,Robusta,production_kg,2016.0,30600000.0,False,6908802.0
Lao People's Democratic Republic,Robusta,production_kg,2017.0,31980000.0,False,7018147.0
Lao People's Democratic Republic,Robusta,production_kg,2018.0,38820000.0,False,7128045.0
Lao People's Democratic Republic,Robusta,production_kg,2019.0,37320000.0,False,7237636.0
Liberia,Robusta,production_kg,1990.0,180000.0,False,2223667.0
Liberia,Robusta,production_kg,1991.0,180000.0,False,1956518.0
Liberia,Robusta,production_kg,1992.0,180000.0,False,2072461.0
Liberia,Robusta,production_kg,1993.0,300000.0,False,2155126.0
Liberia,Robusta,production_kg,1994.0,300000.0,False,2149928.0
Liberia,Robusta,production_kg,1995.0,300000.0,False,2169162.0
Liberia,Robusta,production_kg,1996.0,300000.0,False,2232289.0
Liberia,Robusta,production_kg,1997.0,300000.0,False,2412989.0
Liberia,Robusta,production_kg,1998.0,1080000.0,False,2670124.0
Liberia,Robusta,production_kg,1999.0,720000.0,False,2821684.0
Liberia,Robusta,production_kg,2000.0,720000.0,False,2928117.0
Liberia,Robusta,production_kg,2001.0,720000.0,False,3015338.0
Liberia,Robusta,production_kg,2002.0,720000.0,False,3094782.0
Liberia,Robusta,production_kg,2003.0,300000.0,False,3119532.0
Liberia,Robusta,production_kg,2004.0,360000.0,False,3156892.0
Liberia,Robusta,production_kg,2005.0,300000.0,False,3301015.0
Liberia,Robusta,production_kg,2006.0,420000.0,False,3490787.0
Liberia,Robusta,production_kg,2007.0,420000.0,False,3669050.0
Liberia,Robusta,production_kg,2008.0,720000.0,False,3821003.0
Liberia,Robusta,production_kg,2009.0,780000.0,False,3943028.0
Liberia,Robusta,production_kg,2010.0,600000.0,False,4058890.0
Liberia,Robusta,production_kg,2011.0,600000.0,False,4221178.0
Liberia,Robusta,production_kg,2012.0,600000.0,False,4373043.0
Liberia,Robusta,production_kg,2013.0,360000.0,False,4470239.0
Liberia,Robusta,production_kg,2014.0,420000.0,False,4564293.0
Liberia,Robusta,production_kg,2015.0,600000.0,False,4659431.0
Liberia,Robusta,production_kg,2016.0,720000.0,False,4755608.0
Liberia,Robusta,production_kg,2017.0,960000.0,False,4848925.0
Liberia,Robusta,production_kg,2018.0,360000.0,False,4944726.0
Liberia,Robusta,production_kg,2019.0,360000.0,False,5043721.0
Madagascar,Robusta,production_kg,1990.0,58920000.0,False,12055639.0
Madagascar,Robusta,production_kg,1991.0,55980000.0,False,12421412.0
Madagascar,Robusta,production_kg,1992.0,67320000.0,False,12800870.0
Madagascar,Robusta,production_kg,1993.0,26520000.0,False,13197345.0
Madagascar,Robusta,production_kg,1994.0,38460000.0,False,13613850.0
Madagascar,Robusta,production_kg,1995.0,47100000.0,False,14051275.0
Madagascar,Robusta,production_kg,1996.0,50940000.0,False,14510711.0
Madagascar,Robusta,production_kg,1997.0,37440000.0,False,14990814.0
Madagascar,Robusta,production_kg,1998.0,59520000.0,False,15489364.0
Madagascar,Robusta,production_kg,1999.0,25620000.0,False,16000506.0
Madagascar,Robusta,production_kg,2000.0,21720000.0,False,16516338.0
Madagascar,Robusta,production_kg,2001.0,8820000.0,False,17032939.0
Madagascar,Robusta,production_kg,2002.0,26700000.0,False,17549913.0
Madagascar,Robusta,production_kg,2003.0,26100000.0,False,18071854.0
Madagascar,Robusta,production_kg,2004.0,31320000.0,False,18606608.0
Madagascar,Robusta,production_kg,2005.0,35940000.0,False,19159707.0
Madagascar,Robusta,production_kg,2006.0,35220000.0,False,19730909.0
Madagascar,Robusta,production_kg,2007.0,36840000.0,False,20318583.0
Madagascar,Robusta,production_kg,2008.0,43680000.0,False,20923840.0
Madagascar,Robusta,production_kg,2009.0,27420000.0,False,21547280.0
Madagascar,Robusta,production_kg,2010.0,31800000.0,False,22183340.0
Madagascar,Robusta,production_kg,2011.0,35100000.0,False,22822300.0
Madagascar,Robusta,production_kg,2012.0,30000000.0,False,23462438.0
Madagascar,Robusta,production_kg,2013.0,35040000.0,False,24109290.0
Madagascar,Robusta,production_kg,2014.0,30060000.0,False,24764348.0
Madagascar,Robusta,production_kg,2015.0,24840000.0,False,25426702.0
Madagascar,Robusta,production_kg,2016.0,27180000.0,False,26099952.0
Madagascar,Robusta,production_kg,2017.0,24240000.0,False,26788375.0
Madagascar,Robusta,production_kg,2018.0,22740000.0,False,27494926.0
Madagascar,Robusta,production_kg,2019.0,22980000.0,False,28219554.0
Malawi,Arabica,production_kg,1990.0,6300000.0,False,9545852.0
Malawi,Arabica,production_kg,1991.0,7440000.0,False,9844227.0
Malawi,Arabica,production_kg,1992.0,8220000.0,False,10135079.0
Malawi,Arabica,production_kg,1993.0,3720000.0,False,10284024.0
Malawi,Arabica,production_kg,1994.0,5040000.0,False,10164894.0
Malawi,Arabica,production_kg,1995.0,5460000.0,False,10150117.0
Malawi,Arabica,production_kg,1996.0,2940000.0,False,10352228.0
Malawi,Arabica,production_kg,1997.0,3660000.0,False,10562035.0
Malawi,Arabica,production_kg,1998.0,3840000.0,False,10792876.0
Malawi,Arabica,production_kg,1999.0,3540000.0,False,11047804.0
Malawi,Arabica,production_kg,2000.0,3780000.0,False,11315942.0
Malawi,Arabica,production_kg,2001.0,3600000.0,False,11593058.0
Malawi,Arabica,production_kg,2002.0,2520000.0,False,11880440.0
Malawi,Arabica,production_kg,2003.0,2880000.0,False,12181574.0
Malawi,Arabica,production_kg,2004.0,1260000.0,False,12500737.0
Malawi,Arabica,production_kg,2005.0,1440000.0,False,12840031.0
Malawi,Arabica,production_kg,2006.0,1020000.0,False,13198701.0
Malawi,Arabica,production_kg,2007.0,1140000.0,False,13576343.0
Malawi,Arabica,production_kg,2008.0,1260000.0,False,13976417.0
Malawi,Arabica,production_kg,2009.0,1020000.0,False,14395788.0
Malawi,Arabica,production_kg,2010.0,1020000.0,False,14826463.0
Malawi,Arabica,production_kg,2011.0,1560000.0,False,15265022.0
Malawi,Arabica,production_kg,2012.0,1380000.0,False,15709577.0
Malawi,Arabica,production_kg,2013.0,1680000.0,False,16161816.0
Malawi,Arabica,production_kg,2014.0,1500000.0,False,16621538.0
Malawi,Arabica,production_kg,2015.0,1260000.0,False,17085587.0
Malawi,Arabica,production_kg,2016.0,1200000.0,False,17557739.0
Malawi,Arabica,production_kg,2017.0,840000.0,False,18039715.0
Malawi,Arabica,production_kg,2018.0,780000.0,False,18528081.0
Malawi,Arabica,production_kg,2019.0,960000.0,False,19025752.0
Mexico,Arabica/Robusta,production_kg,1990.0,280440000.0,False,82820170.0
Mexico,Arabica/Robusta,production_kg,1991.0,283620000.0,False,84430572.0
Mexico,Arabica/Robusta,production_kg,1992.0,204060000.0,False,86044809.0
Mexico,Arabica/Robusta,production_kg,1993.0,301380000.0,False,87653807.0
Mexico,Arabica/Robusta,production_kg,1994.0,249540000.0,False,89259205.0
Mexico,Arabica/Robusta,production_kg,1995.0,318000000.0,False,90862455.0
Mexico,Arabica/Robusta,production_kg,1996.0,306600000.0,False,92452702.0
Mexico,Arabica/Robusta,production_kg,1997.0,288120000.0,False,94021207.0
Mexico,Arabica/Robusta,production_kg,1998.0,288060000.0,False,95575245.0
Mexico,Arabica/Robusta,production_kg,1999.0,373140000.0,False,97115707.0
Mexico,Arabica/Robusta,production_kg,2000.0,288900000.0,False,98625552.0
Mexico,Arabica/Robusta,production_kg,2001.0,266280000.0,False,100099099.0
Mexico,Arabica/Robusta,production_kg,2002.0,261060000.0,False,101548624.0
Mexico,Arabica/Robusta,production_kg,2003.0,252060000.0,False,102978515.0
Mexico,Arabica/Robusta,production_kg,2004.0,232020000.0,False,104394131.0
Mexico,Arabica/Robusta,production_kg,2005.0,253500000.0,False,105811504.0
Mexico,Arabica/Robusta,production_kg,2006.0,252000000.0,False,107253666.0
Mexico,Arabica/Robusta,production_kg,2007.0,249000000.0,False,108774360.0
Mexico,Arabica/Robusta,production_kg,2008.0,279060000.0,False,110374288.0
Mexico,Arabica/Robusta,production_kg,2009.0,246540000.0,False,111999721.0
Mexico,Arabica/Robusta,production_kg,2010.0,240060000.0,False,113623895.0
Mexico,Arabica/Robusta,production_kg,2011.0,273660000.0,False,115243504.0
Mexico,Arabica/Robusta,production_kg,2012.0,259620000.0,False,116818208.0
Mexico,Arabica/Robusta,production_kg,2013.0,234960000.0,False,118343573.0
Mexico,Arabica/Robusta,production_kg,2014.0,218160000.0,False,119784261.0
Mexico,Arabica/Robusta,production_kg,2015.0,166320000.0,False,121072306.0
Mexico,Arabica/Robusta,production_kg,2016.0,218100000.0,False,122251351.0
Mexico,Arabica/Robusta,production_kg,2017.0,269100000.0,False,123400057.0
Mexico,Arabica/Robusta,production_kg,2018.0,261060000.0,False,124573711.0
Mexico,Arabica/Robusta,production_kg,2019.0,239100000.0,False,125762982.0
Nepal,Arabica,production_kg,1990.0,0.0,False,19524573.0
Nepal,Arabica,production_kg,1991.0,0.0,False,20036500.0
Nepal,Arabica,production_kg,1992.0,0.0,False,20609707.0
Nepal,Arabica,production_kg,1993.0,0.0,False,21180159.0
Nepal,Arabica,production_kg,1994.0,0.0,False,21717479.0
Nepal,Arabica,production_kg,1995.0,0.0,False,22245439.0
Nepal,Arabica,production_kg,1996.0,0.0,False,22741862.0
Nepal,Arabica,production_kg,1997.0,0.0,False,23219463.0
Nepal,Arabica,production_kg,1998.0,0.0,False,23680357.0
Nepal,Arabica,production_kg,1999.0,0.0,False,24125199.0
Nepal,Arabica,production_kg,2000.0,0.0,False,24546509.0
Nepal,Arabica,production_kg,2001.0,0.0,False,24946748.0
Nepal,Arabica,production_kg,2002.0,0.0,False,25328981.0
Nepal,Arabica,production_kg,2003.0,60000.0,False,25688758.0
Nepal,Arabica,production_kg,2004.0,60000.0,False,26016656.0
Nepal,Arabica,production_kg,2005.0,60000.0,False,26309458.0
Nepal,Arabica,production_kg,2006.0,120000.0,False,26565425.0
Nepal,Arabica,production_kg,2007.0,60000.0,False,26788492.0
Nepal,Arabica,production_kg,2008.0,60000.0,False,26990037.0
Nepal,Arabica,production_kg,2009.0,60000.0,False,27173035.0
Nepal,Arabica,production_kg,2010.0,180000.0,False,27341952.0
Nepal,Arabica,production_kg,2011.0,120000.0,False,27464494.0
Nepal,Arabica,production_kg,2012.0,60000.0,False,27534915.0
Nepal,Arabica,production_kg,2013.0,60000.0,False,27589996.0
Nepal,Arabica,production_kg,2014.0,120000.0,False,27672370.0
Nepal,Arabica,production_kg,2015.0,120000.0,False,27823629.0
Nepal,Arabica,production_kg,2016.0,60000.0,False,27955462.0
Nepal,Arabica,production_kg,2017.0,120000.0,False,28011258.0
Nepal,Arabica,production_kg,2018.0,60000.0,False,28079689.0
Nepal,Arabica,production_kg,2019.0,60000.0,False,28414064.0
Nicaragua,Arabica,production_kg,1990.0,27660000.0,False,4162559.0
Nicaragua,Arabica,production_kg,1991.0,42420000.0,False,4259637.0
Nicaragua,Arabica,production_kg,1992.0,32820000.0,False,4357026.0
Nicaragua,Arabica,production_kg,1993.0,42360000.0,False,4453732.0
Nicaragua,Arabica,production_kg,1994.0,40980000.0,False,4549316.0
Nicaragua,Arabica,production_kg,1995.0,59100000.0,False,4642931.0
Nicaragua,Arabica,production_kg,1996.0,47580000.0,False,4729974.0
Nicaragua,Arabica,production_kg,1997.0,65040000.0,False,4809573.0
Nicaragua,Arabica,production_kg,1998.0,64380000.0,False,4883655.0
Nicaragua,Arabica,production_kg,1999.0,93240000.0,False,4954018.0
Nicaragua,Arabica,production_kg,2000.0,94320000.0,False,5022633.0
Nicaragua,Arabica,production_kg,2001.0,64740000.0,False,5087825.0
Nicaragua,Arabica,production_kg,2002.0,70200000.0,False,5149909.0
Nicaragua,Arabica,production_kg,2003.0,90540000.0,False,5210963.0
Nicaragua,Arabica,production_kg,2004.0,64080000.0,False,5272912.0
Nicaragua,Arabica,production_kg,2005.0,85920000.0,False,5342105.0
Nicaragua,Arabica,production_kg,2006.0,85680000.0,False,5418855.0
Nicaragua,Arabica,production_kg,2007.0,114360000.0,False,5497243.0
Nicaragua,Arabica,production_kg,2008.0,86700000.0,False,5576593.0
Nicaragua,Arabica,production_kg,2009.0,112260000.0,False,5656601.0
Nicaragua,Arabica,production_kg,2010.0,98280000.0,False,5737450.0
Nicaragua,Arabica,production_kg,2011.0,131580000.0,False,5819051.0
Nicaragua,Arabica,production_kg,2012.0,112380000.0,False,5901287.0
Nicaragua,Arabica,production_kg,2013.0,123600000.0,False,5983845.0
Nicaragua,Arabica,production_kg,2014.0,113880000.0,False,6066492.0
Nicaragua,Arabica,production_kg,2015.0,127800000.0,False,6149417.0
Nicaragua,Arabica,production_kg,2016.0,153300000.0,False,6232666.0
Nicaragua,Arabica,production_kg,2017.0,158520000.0,False,6316231.0
Nicaragua,Arabica,production_kg,2018.0,172740000.0,False,6400080.0
Nicaragua,Arabica,production_kg,2019.0,172920000.0,False,6483657.0
Nigeria,Robusta,production_kg,1990.0,1740000.0,False,97120925.0
Nigeria,Robusta,production_kg,1991.0,2640000.0,False,99720162.0
Nigeria,Robusta,production_kg,1992.0,2940000.0,False,102372770.0
Nigeria,Robusta,production_kg,1993.0,2700000.0,False,105122069.0
Nigeria,Robusta,production_kg,1994.0,3120000.0,False,107935714.0
Nigeria,Robusta,production_kg,1995.0,3180000.0,False,110819428.0
Nigeria,Robusta,production_kg,1996.0,2760000.0,False,113754779.0
Nigeria,Robusta,production_kg,1997.0,2700000.0,False,116754792.0
Nigeria,Robusta,production_kg,1998.0,3180000.0,False,119846254.0
Nigeria,Robusta,production_kg,1999.0,2700000.0,False,123047320.0
Nigeria,Robusta,production_kg,2000.0,2940000.0,False,126382494.0
Nigeria,Robusta,production_kg,2001.0,2640000.0,False,129862595.0
Nigeria,Robusta,production_kg,2002.0,3000000.0,False,133471989.0
Nigeria,Robusta,production_kg,2003.0,2760000.0,False,137202644.0
Nigeria,Robusta,production_kg,2004.0,2700000.0,False,141057045.0
Nigeria,Robusta,production_kg,2005.0,4140000.0,False,145017253.0
Nigeria,Robusta,production_kg,2006.0,3060000.0,False,149077334.0
Nigeria,Robusta,production_kg,2007.0,2520000.0,False,153267261.0
Nigeria,Robusta,production_kg,2008.0,3000000.0,False,157595014.0
Nigeria,Robusta,production_kg,2009.0,2040000.0,False,162049464.0
Nigeria,Robusta,production_kg,2010.0,2520000.0,False,166642886.0
Nigeria,Robusta,production_kg,2011.0,2820000.0,False,171379598.0
Nigeria,Robusta,production_kg,2012.0,2460000.0,False,176200625.0
Nigeria,Robusta,production_kg,2013.0,2460000.0,False,181049443.0
Nigeria,Robusta,production_kg,2014.0,2580000.0,False,185896915.0
Nigeria,Robusta,production_kg,2015.0,2460000.0,False,190671878.0
Nigeria,Robusta,production_kg,2016.0,2580000.0,False,195443700.0
Nigeria,Robusta,production_kg,2017.0,2520000.0,False,200254579.0
Nigeria,Robusta,production_kg,2018.0,2520000.0,False,204938755.0
Nigeria,Robusta,production_kg,2019.0,2520000.0,False,209485641.0
Panama,Arabica,production_kg,1990.0,12900000.0,False,2455583.0
Panama,Arabica,production_kg,1991.0,11580000.0,False,2508265.0
Panama,Arabica,production_kg,1992.0,11820000.0,False,2561336.0
Panama,Arabica,production_kg,1993.0,8520000.0,False,2615099.0
Panama,Arabica,production_kg,1994.0,14880000.0,False,2669546.0
Panama,Arabica,production_kg,1995.0,12540000.0,False,2724557.0
Panama,Arabica,production_kg,1996.0,12660000.0,False,2780227.0
Panama,Arabica,production_kg,1997.0,13020000.0,False,2836695.0
Panama,Arabica,production_kg,1998.0,11520000.0,False,2893914.0
Panama,Arabica,production_kg,1999.0,9960000.0,False,2951822.0
Panama,Arabica,production_kg,2000.0,10200000.0,False,3010369.0
Panama,Arabica,production_kg,2001.0,9600000.0,False,3069537.0
Panama,Arabica,production_kg,2002.0,8400000.0,False,3129344.0
Panama,Arabica,production_kg,2003.0,10320000.0,False,3189807.0
Panama,Arabica,production_kg,2004.0,5400000.0,False,3251155.0
Panama,Arabica,production_kg,2005.0,10560000.0,False,3313026.0
Panama,Arabica,production_kg,2006.0,10380000.0,False,3375024.0
Panama,Arabica,production_kg,2007.0,10560000.0,False,3437490.0
Panama,Arabica,production_kg,2008.0,8940000.0,False,3500648.0
Panama,Arabica,production_kg,2009.0,8280000.0,False,3564381.0
Panama,Arabica,production_kg,2010.0,6840000.0,False,3628535.0
Panama,Arabica,production_kg,2011.0,6360000.0,False,3693505.0
Panama,Arabica,production_kg,2012.0,6960000.0,False,3759256.0
Panama,Arabica,production_kg,2013.0,6780000.0,False,3825329.0
Panama,Arabica,production_kg,2014.0,6360000.0,False,3892101.0
Panama,Arabica,production_kg,2015.0,7620000.0,False,3960035.0
Panama,Arabica,production_kg,2016.0,7200000.0,False,4029086.0
Panama,Arabica,production_kg,2017.0,6300000.0,False,4098707.0
Panama,Arabica,production_kg,2018.0,7680000.0,False,4167860.0
Panama,Arabica,production_kg,2019.0,6840000.0,False,4234700.0
Papua New Guinea,Arabica/Robusta,production_kg,1990.0,57780000.0,False,3896481.0
Papua New Guinea,Arabica/Robusta,production_kg,1991.0,44820000.0,False,4021837.0
Papua New Guinea,Arabica/Robusta,production_kg,1992.0,54000000.0,False,4166699.0
Papua New Guinea,Arabica/Robusta,production_kg,1993.0,61140000.0,False,4320872.0
Papua New Guinea,Arabica/Robusta,production_kg,1994.0,68340000.0,False,4480208.0
Papua New Guinea,Arabica/Robusta,production_kg,1995.0,60120000.0,False,4644278.0
Papua New Guinea,Arabica/Robusta,production_kg,1996.0,65340000.0,False,4813361.0
Papua New Guinea,Arabica/Robusta,production_kg,1997.0,64440000.0,False,4987883.0
Papua New Guinea,Arabica/Robusta,production_kg,1998.0,81120000.0,False,5166390.0
Papua New Guinea,Arabica/Robusta,production_kg,1999.0,83220000.0,False,5349333.0
Papua New Guinea,Arabica/Robusta,production_kg,2000.0,62460000.0,False,5537064.0
Papua New Guinea,Arabica/Robusta,production_kg,2001.0,63780000.0,False,5728435.0
Papua New Guinea,Arabica/Robusta,production_kg,2002.0,65100000.0,False,5924003.0
Papua New Guinea,Arabica/Robusta,production_kg,2003.0,69300000.0,False,6123997.0
Papua New Guinea,Arabica/Robusta,production_kg,2004.0,59880000.0,False,6328041.0
Papua New Guinea,Arabica/Robusta,production_kg,2005.0,76080000.0,False,6535905.0
Papua New Guinea,Arabica/Robusta,production_kg,2006.0,48420000.0,False,6747720.0
Papua New Guinea,Arabica/Robusta,production_kg,2007.0,58080000.0,False,6963345.0
Papua New Guinea,Arabica/Robusta,production_kg,2008.0,61680000.0,False,7183002.0
Papua New Guinea,Arabica/Robusta,production_kg,2009.0,62280000.0,False,7406438.0
Papua New Guinea,Arabica/Robusta,production_kg,2010.0,52020000.0,False,7633523.0
Papua New Guinea,Arabica/Robusta,production_kg,2011.0,84840000.0,False,7859346.0
Papua New Guinea,Arabica/Robusta,production_kg,2012.0,42960000.0,False,8081390.0
Papua New Guinea,Arabica/Robusta,production_kg,2013.0,50100000.0,False,8302698.0
Papua New Guinea,Arabica/Robusta,production_kg,2014.0,47880000.0,False,8523441.0
Papua New Guinea,Arabica/Robusta,production_kg,2015.0,42720000.0,False,8743246.0
Papua New Guinea,Arabica/Robusta,production_kg,2016.0,70260000.0,False,8961718.0
Papua New Guinea,Arabica/Robusta,production_kg,2017.0,44040000.0,False,9178714.0
Papua New Guinea,Arabica/Robusta,production_kg,2018.0,55800000.0,False,9394513.0
Papua New Guinea,Arabica/Robusta,production_kg,2019.0,45120000.0,False,9609010.0
Paraguay,Arabica,production_kg,1990.0,7860000.0,False,4035747.0
Paraguay,Arabica,production_kg,1991.0,4800000.0,False,4144364.0
Paraguay,Arabica,production_kg,1992.0,3240000.0,False,4253600.0
Paraguay,Arabica,production_kg,1993.0,4020000.0,False,4362696.0
Paraguay,Arabica,production_kg,1994.0,1500000.0,False,4471417.0
Paraguay,Arabica,production_kg,1995.0,1560000.0,False,4579806.0
Paraguay,Arabica,production_kg,1996.0,1860000.0,False,4687543.0
Paraguay,Arabica,production_kg,1997.0,2940000.0,False,4794412.0
Paraguay,Arabica,production_kg,1998.0,1920000.0,False,4900025.0
Paraguay,Arabica,production_kg,1999.0,1140000.0,False,5003135.0
Paraguay,Arabica,production_kg,2000.0,1320000.0,False,5100868.0
Paraguay,Arabica,production_kg,2001.0,1320000.0,False,5187689.0
Paraguay,Arabica,production_kg,2002.0,2160000.0,False,5261328.0
Paraguay,Arabica,production_kg,2003.0,2820000.0,False,5326436.0
Paraguay,Arabica,production_kg,2004.0,2280000.0,False,5388175.0
Paraguay,Arabica,production_kg,2005.0,2640000.0,False,5448097.0
Paraguay,Arabica,production_kg,2006.0,2100000.0,False,5505148.0
Paraguay,Arabica,production_kg,2007.0,2340000.0,False,5559386.0
Paraguay,Arabica,production_kg,2008.0,1200000.0,False,5613574.0
Paraguay,Arabica,production_kg,2009.0,1200000.0,False,5671236.0
Paraguay,Arabica,production_kg,2010.0,1200000.0,False,5737971.0
Paraguay,Arabica,production_kg,2011.0,1200000.0,False,5814626.0
Paraguay,Arabica,production_kg,2012.0,1200000.0,False,5897008.0
Paraguay,Arabica,production_kg,2013.0,1200000.0,False,5982445.0
Paraguay,Arabica,production_kg,2014.0,1200000.0,False,6069811.0
Paraguay,Arabica,production_kg,2015.0,1200000.0,False,6159103.0
Paraguay,Arabica,production_kg,2016.0,1200000.0,False,6249126.0
Paraguay,Arabica,production_kg,2017.0,1200000.0,False,6338660.0
Paraguay,Arabica,production_kg,2018.0,1200000.0,False,6427382.0
Paraguay,Arabica,production_kg,2019.0,1200000.0,False,6515058.0
Peru,Arabica,production_kg,1990.0,56220000.0,False,22014771.0
Peru,Arabica,production_kg,1991.0,72000000.0,False,22483775.0
Peru,Arabica,production_kg,1992.0,105720000.0,False,22946340.0
Peru,Arabica,production_kg,1993.0,39900000.0,False,23413783.0
Peru,Arabica,production_kg,1994.0,70740000.0,False,23881493.0
Peru,Arabica,production_kg,1995.0,112260000.0,False,24348919.0
Peru,Arabica,production_kg,1996.0,108360000.0,False,24811171.0
Peru,Arabica,production_kg,1997.0,115800000.0,False,25274147.0
Peru,Arabica,production_kg,1998.0,126120000.0,False,25738095.0
Peru,Arabica,production_kg,1999.0,164640000.0,False,26186504.0
Peru,Arabica,production_kg,2000.0,160560000.0,False,26598331.0
Peru,Arabica,production_kg,2001.0,169740000.0,False,26964601.0
Peru,Arabica,production_kg,2002.0,180000000.0,False,27288217.0
Peru,Arabica,production_kg,2003.0,161160000.0,False,27580490.0
Peru,Arabica,production_kg,2004.0,205500000.0,False,27852190.0
Peru,Arabica,production_kg,2005.0,149340000.0,False,28101180.0
Peru,Arabica,production_kg,2006.0,259140000.0,False,28324491.0
Peru,Arabica,production_kg,2007.0,183780000.0,False,28530699.0
Peru,Arabica,production_kg,2008.0,232320000.0,False,28719041.0
Peru,Arabica,production_kg,2009.0,197160000.0,False,28896811.0
Peru,Arabica,production_kg,2010.0,244140000.0,False,29086019.0
Peru,Arabica,production_kg,2011.0,322380000.0,False,29304086.0
Peru,Arabica,production_kg,2012.0,267000000.0,False,29550366.0
Peru,Arabica,production_kg,2013.0,246360000.0,False,29817919.0
Peru,Arabica,production_kg,2014.0,172980000.0,False,30115826.0
Peru,Arabica,production_kg,2015.0,198240000.0,False,30457600.0
Peru,Arabica,production_kg,2016.0,253380000.0,False,30866494.0
Peru,Arabica,production_kg,2017.0,256740000.0,False,31324637.0
Peru,Arabica,production_kg,2018.0,255780000.0,False,31897584.0
Peru,Arabica,production_kg,2019.0,230160000.0,False,32449303.0
Philippines,Robusta/Arabica,production_kg,1990.0,58440000.0,False,62854666.0
Philippines,Robusta/Arabica,production_kg,1991.0,61080000.0,False,64382249.0
Philippines,Robusta/Arabica,production_kg,1992.0,55200000.0,False,65926125.0
Philippines,Robusta/Arabica,production_kg,1993.0,52500000.0,False,67530621.0
Philippines,Robusta/Arabica,production_kg,1994.0,52620000.0,False,69019291.0
Philippines,Robusta/Arabica,production_kg,1995.0,51000000.0,False,70546246.0
Philippines,Robusta/Arabica,production_kg,1996.0,53400000.0,False,72190242.0
Philippines,Robusta/Arabica,production_kg,1997.0,56100000.0,False,73908810.0
Philippines,Robusta/Arabica,production_kg,1998.0,40620000.0,False,75791024.0
Philippines,Robusta/Arabica,production_kg,1999.0,37320000.0,False,77753257.0
Philippines,Robusta/Arabica,production_kg,2000.0,20460000.0,False,79625397.0
Philippines,Robusta/Arabica,production_kg,2001.0,15780000.0,False,81401488.0
Philippines,Robusta/Arabica,production_kg,2002.0,15300000.0,False,83068889.0
Philippines,Robusta/Arabica,production_kg,2003.0,17580000.0,False,84731835.0
Philippines,Robusta/Arabica,production_kg,2004.0,21300000.0,False,86394504.0
Philippines,Robusta/Arabica,production_kg,2005.0,25920000.0,False,88015962.0
Philippines,Robusta/Arabica,production_kg,2006.0,26460000.0,False,89508986.0
Philippines,Robusta/Arabica,production_kg,2007.0,26760000.0,False,91075184.0
Philippines,Robusta/Arabica,production_kg,2008.0,35220000.0,False,92699095.0
Philippines,Robusta/Arabica,production_kg,2009.0,43800000.0,False,94384250.0
Philippines,Robusta/Arabica,production_kg,2010.0,11340000.0,False,96337125.0
Philippines,Robusta/Arabica,production_kg,2011.0,10800000.0,False,98248614.0
Philippines,Robusta/Arabica,production_kg,2012.0,10620000.0,False,100175512.0
Philippines,Robusta/Arabica,production_kg,2013.0,11160000.0,False,102076336.0
Philippines,Robusta/Arabica,production_kg,2014.0,11580000.0,False,103767130.0
Philippines,Robusta/Arabica,production_kg,2015.0,12480000.0,False,105312992.0
Philippines,Robusta/Arabica,production_kg,2016.0,12900000.0,False,106735719.0
Philippines,Robusta/Arabica,production_kg,2017.0,12180000.0,False,108119693.0
Philippines,Robusta/Arabica,production_kg,2018.0,12360000.0,False,109465287.0
Philippines,Robusta/Arabica,production_kg,2019.0,18420000.0,False,110804683.0
Rwanda,Arabica,production_kg,1990.0,32100000.0,False,7375307.0
Rwanda,Arabica,production_kg,1991.0,29040000.0,False,7526966.0
Rwanda,Arabica,production_kg,1992.0,38340000.0,False,7683266.0
Rwanda,Arabica,production_kg,1993.0,26640000.0,False,7981132.0
Rwanda,Arabica,production_kg,1994.0,1320000.0,False,6792352.0
Rwanda,Arabica,production_kg,1995.0,19740000.0,False,5674118.0
Rwanda,Arabica,production_kg,1996.0,17580000.0,False,6708764.0
Rwanda,Arabica,production_kg,1997.0,11580000.0,False,7755238.0
Rwanda,Arabica,production_kg,1998.0,13380000.0,False,8081681.0
Rwanda,Arabica,production_kg,1999.0,18420000.0,False,8147912.0
Rwanda,Arabica,production_kg,2000.0,16380000.0,False,8213931.0
Rwanda,Arabica,production_kg,2001.0,17760000.0,False,8287094.0
Rwanda,Arabica,production_kg,2002.0,19200000.0,False,8400180.0
Rwanda,Arabica,production_kg,2003.0,15960000.0,False,8586875.0
Rwanda,Arabica,production_kg,2004.0,27000000.0,False,8816844.0
Rwanda,Arabica,production_kg,2005.0,20220000.0,False,9054528.0
Rwanda,Arabica,production_kg,2006.0,21060000.0,False,9299246.0
Rwanda,Arabica,production_kg,2007.0,13440000.0,False,9549933.0
Rwanda,Arabica,production_kg,2008.0,22140000.0,False,9804269.0
Rwanda,Arabica,production_kg,2009.0,15540000.0,False,10060432.0
Rwanda,Arabica,production_kg,2010.0,19380000.0,False,10317553.0
Rwanda,Arabica,production_kg,2011.0,15060000.0,False,10573733.0
Rwanda,Arabica,production_kg,2012.0,15540000.0,False,10829901.0
Rwanda,Arabica,production_kg,2013.0,15480000.0,False,11093340.0
Rwanda,Arabica,production_kg,2014.0,14280000.0,False,11364757.0
Rwanda,Arabica,production_kg,2015.0,17580000.0,False,11640022.0
Rwanda,Arabica,production_kg,2016.0,13860000.0,False,11919183.0
Rwanda,Arabica,production_kg,2017.0,15840000.0,False,12202060.0
Rwanda,Arabica,production_kg,2018.0,22800000.0,False,12487996.0
Rwanda,Arabica,production_kg,2019.0,20880000.0,False,12776103.0
Sierra Leone,Robusta,production_kg,1990.0,2580000.0,False,4196828.0
Sierra Leone,Robusta,production_kg,1991.0,3240000.0,False,4246267.0
Sierra Leone,Robusta,production_kg,1992.0,2340000.0,False,4166366.0
Sierra Leone,Robusta,production_kg,1993.0,2220000.0,False,4157130.0
Sierra Leone,Robusta,production_kg,1994.0,4380000.0,False,4173105.0
Sierra Leone,Robusta,production_kg,1995.0,2640000.0,False,4179179.0
Sierra Leone,Robusta,production_kg,1996.0,2460000.0,False,4199210.0
Sierra Leone,Robusta,production_kg,1997.0,3000000.0,False,4253716.0
Sierra Leone,Robusta,production_kg,1998.0,1620000.0,False,4295785.0
Sierra Leone,Robusta,production_kg,1999.0,3540000.0,False,4318043.0
Sierra Leone,Robusta,production_kg,2000.0,2940000.0,False,4423611.0
Sierra Leone,Robusta,production_kg,2001.0,4740000.0,False,4692716.0
Sierra Leone,Robusta,production_kg,2002.0,2520000.0,False,4971435.0
Sierra Leone,Robusta,production_kg,2003.0,2160000.0,False,5177687.0
Sierra Leone,Robusta,production_kg,2004.0,900000.0,False,5355717.0
Sierra Leone,Robusta,production_kg,2005.0,3600000.0,False,5501712.0
Sierra Leone,Robusta,production_kg,2006.0,1860000.0,False,5624466.0
Sierra Leone,Robusta,production_kg,2007.0,2400000.0,False,5749352.0
Sierra Leone,Robusta,production_kg,2008.0,5160000.0,False,5894722.0
Sierra Leone,Robusta,production_kg,2009.0,5460000.0,False,6055646.0
Sierra Leone,Robusta,production_kg,2010.0,1980000.0,False,6222714.0
Sierra Leone,Robusta,production_kg,2011.0,4680000.0,False,6387251.0
Sierra Leone,Robusta,production_kg,2012.0,3660000.0,False,6551080.0
Sierra Leone,Robusta,production_kg,2013.0,1920000.0,False,6714051.0
Sierra Leone,Robusta,production_kg,2014.0,2760000.0,False,6876385.0
Sierra Leone,Robusta,production_kg,2015.0,2760000.0,False,7037655.0
Sierra Leone,Robusta,production_kg,2016.0,2280000.0,False,7205328.0
Sierra Leone,Robusta,production_kg,2017.0,2280000.0,False,7379299.0
Sierra Leone,Robusta,production_kg,2018.0,2700000.0,False,7554563.0
Sierra Leone,Robusta,production_kg,2019.0,2400000.0,False,7731991.0
Sri Lanka,Robusta/Arabica,production_kg,1990.0,5760000.0,False,16352458.0
Sri Lanka,Robusta/Arabica,production_kg,1991.0,4920000.0,False,16475354.0
Sri Lanka,Robusta/Arabica,production_kg,1992.0,3180000.0,False,16739284.0
Sri Lanka,Robusta/Arabica,production_kg,1993.0,3240000.0,False,17025918.0
Sri Lanka,Robusta/Arabica,production_kg,1994.0,2520000.0,False,17275773.0
Sri Lanka,Robusta/Arabica,production_kg,1995.0,2160000.0,False,17564068.0
Sri Lanka,Robusta/Arabica,production_kg,1996.0,2220000.0,False,17905018.0
Sri Lanka,Robusta/Arabica,production_kg,1997.0,3480000.0,False,18248200.0
Sri Lanka,Robusta/Arabica,production_kg,1998.0,2760000.0,False,18596003.0
Sri Lanka,Robusta/Arabica,production_kg,1999.0,1920000.0,False,18944731.0
Sri Lanka,Robusta/Arabica,production_kg,2000.0,1980000.0,False,19293054.0
Sri Lanka,Robusta/Arabica,production_kg,2001.0,1920000.0,False,19600362.0
Sri Lanka,Robusta/Arabica,production_kg,2002.0,2040000.0,False,19805752.0
Sri Lanka,Robusta/Arabica,production_kg,2003.0,2220000.0,False,19951521.0
Sri Lanka,Robusta/Arabica,production_kg,2004.0,1920000.0,False,20087605.0
Sri Lanka,Robusta/Arabica,production_kg,2005.0,2100000.0,False,20216524.0
Sri Lanka,Robusta/Arabica,production_kg,2006.0,1980000.0,False,20352411.0
Sri Lanka,Robusta/Arabica,production_kg,2007.0,1980000.0,False,20492545.0
Sri Lanka,Robusta/Arabica,production_kg,2008.0,1860000.0,False,20629378.0
Sri Lanka,Robusta/Arabica,production_kg,2009.0,1920000.0,False,20756435.0
Sri Lanka,Robusta/Arabica,production_kg,2010.0,2220000.0,False,20879089.0
Sri Lanka,Robusta/Arabica,production_kg,2011.0,2160000.0,False,21009048.0
Sri Lanka,Robusta/Arabica,production_kg,2012.0,2100000.0,False,21169458.0
Sri Lanka,Robusta/Arabica,production_kg,2013.0,2220000.0,False,20585000.0
Sri Lanka,Robusta/Arabica,production_kg,2014.0,2160000.0,False,20778000.0
Sri Lanka,Robusta/Arabica,production_kg,2015.0,2160000.0,False,20970000.0
Sri Lanka,Robusta/Arabica,production_kg,2016.0,2220000.0,False,21209000.0
Sri Lanka,Robusta/Arabica,production_kg,2017.0,2220000.0,False,21453000.0
Sri Lanka,Robusta/Arabica,production_kg,2018.0,2160000.0,False,21670000.0
Sri Lanka,Robusta/Arabica,production_kg,2019.0,2160000.0,False,21803000.0
Tanzania,Arabica/Robusta,production_kg,1990.0,55920000.0,False,26110207.0
Tanzania,Arabica/Robusta,production_kg,1991.0,47400000.0,False,26780436.0
Tanzania,Arabica/Robusta,production_kg,1992.0,47160000.0,False,27457588.0
Tanzania,Arabica/Robusta,production_kg,1993.0,44040000.0,False,28332692.0
Tanzania,Arabica/Robusta,production_kg,1994.0,40740000.0,False,29442356.0
Tanzania,Arabica/Robusta,production_kg,1995.0,53820000.0,False,30383497.0
Tanzania,Arabica/Robusta,production_kg,1996.0,45840000.0,False,30945762.0
Tanzania,Arabica/Robusta,production_kg,1997.0,37440000.0,False,31578089.0
Tanzania,Arabica/Robusta,production_kg,1998.0,44340000.0,False,32420458.0
Tanzania,Arabica/Robusta,production_kg,1999.0,50520000.0,False,33300330.0
Tanzania,Arabica/Robusta,production_kg,2000.0,48540000.0,False,34260139.0
Tanzania,Arabica/Robusta,production_kg,2001.0,37440000.0,False,35198299.0
Tanzania,Arabica/Robusta,production_kg,2002.0,49440000.0,False,36121304.0
Tanzania,Arabica/Robusta,production_kg,2003.0,36720000.0,False,37089555.0
Tanzania,Arabica/Robusta,production_kg,2004.0,45780000.0,False,38109668.0
Tanzania,Arabica/Robusta,production_kg,2005.0,48240000.0,False,39182076.0
Tanzania,Arabica/Robusta,production_kg,2006.0,49320000.0,False,40294902.0
Tanzania,Arabica/Robusta,production_kg,2007.0,48600000.0,False,41435512.0
Tanzania,Arabica/Robusta,production_kg,2008.0,71160000.0,False,42570728.0
Tanzania,Arabica/Robusta,production_kg,2009.0,40500000.0,False,43633982.0
Tanzania,Arabica/Robusta,production_kg,2010.0,50760000.0,False,44758488.0
Tanzania,Arabica/Robusta,production_kg,2011.0,38460000.0,False,46029367.0
Tanzania,Arabica/Robusta,production_kg,2012.0,69060000.0,False,47374260.0
Tanzania,Arabica/Robusta,production_kg,2013.0,48660000.0,False,48824128.0
Tanzania,Arabica/Robusta,production_kg,2014.0,45180000.0,False,50351512.0
Tanzania,Arabica/Robusta,production_kg,2015.0,55800000.0,False,52020962.0
Tanzania,Arabica/Robusta,production_kg,2016.0,50760000.0,False,53824013.0
Tanzania,Arabica/Robusta,production_kg,2017.0,46980000.0,False,55652890.0
Tanzania,Arabica/Robusta,production_kg,2018.0,70500000.0,False,57437145.0
Tanzania,Arabica/Robusta,production_kg,2019.0,55560000.0,False,59174891.0
Thailand,Robusta/Arabica,production_kg,1990.0,45420000.0,False,54738329.0
Thailand,Robusta/Arabica,production_kg,1991.0,88140000.0,False,55637434.0
Thailand,Robusta/Arabica,production_kg,1992.0,75300000.0,False,56528834.0
Thailand,Robusta/Arabica,production_kg,1993.0,76500000.0,False,57408198.0
Thailand,Robusta/Arabica,production_kg,1994.0,83940000.0,False,58260854.0
Thailand,Robusta/Arabica,production_kg,1995.0,79020000.0,False,59098232.0
Thailand,Robusta/Arabica,production_kg,1996.0,84240000.0,False,59920064.0
Thailand,Robusta/Arabica,production_kg,1997.0,77580000.0,False,60724584.0
Thailand,Robusta/Arabica,production_kg,1998.0,54960000.0,False,61522630.0
Thailand,Robusta/Arabica,production_kg,1999.0,76380000.0,False,62299043.0
Thailand,Robusta/Arabica,production_kg,2000.0,101520000.0,False,63007815.0
Thailand,Robusta/Arabica,production_kg,2001.0,42840000.0,False,63651141.0
Thailand,Robusta/Arabica,production_kg,2002.0,43920000.0,False,64266437.0
Thailand,Robusta/Arabica,production_kg,2003.0,49620000.0,False,64868166.0
Thailand,Robusta/Arabica,production_kg,2004.0,53040000.0,False,65452047.0
Thailand,Robusta/Arabica,production_kg,2005.0,63840000.0,False,66017420.0
Thailand,Robusta/Arabica,production_kg,2006.0,49320000.0,False,66567687.0
Thailand,Robusta/Arabica,production_kg,2007.0,39000000.0,False,67102394.0
Thailand,Robusta/Arabica,production_kg,2008.0,40500000.0,False,67619830.0
Thailand,Robusta/Arabica,production_kg,2009.0,47700000.0,False,68121080.0
Thailand,Robusta/Arabica,production_kg,2010.0,49680000.0,False,68579447.0
Thailand,Robusta/Arabica,production_kg,2011.0,49860000.0,False,69007208.0
Thailand,Robusta/Arabica,production_kg,2012.0,36480000.0,False,69436098.0
Thailand,Robusta/Arabica,production_kg,2013.0,38280000.0,False,69845114.0
Thailand,Robusta/Arabica,production_kg,2014.0,50700000.0,False,70216367.0
Thailand,Robusta/Arabica,production_kg,2015.0,45720000.0,False,70540795.0
Thailand,Robusta/Arabica,production_kg,2016.0,32280000.0,False,70859841.0
Thailand,Robusta/Arabica,production_kg,2017.0,38280000.0,False,71160187.0
Thailand,Robusta/Arabica,production_kg,2018.0,28920000.0,False,71376079.0
Thailand,Robusta/Arabica,production_kg,2019.0,31020000.0,False,71522271.0
Timor-Leste,Arabica,production_kg,1990.0,0.0,False,760345.0
Timor-Leste,Arabica,production_kg,1991.0,0.0,False,778278.0
Timor-Leste,Arabica,production_kg,1992.0,0.0,False,799318.0
Timor-Leste,Arabica,production_kg,1993.0,0.0,False,821437.0
Timor-Leste,Arabica,production_kg,1994.0,0.0,False,844493.0
Timor-Leste,Arabica,production_kg,1995.0,0.0,False,868146.0
Timor-Leste,Arabica,production_kg,1996.0,0.0,False,892282.0
Timor-Leste,Arabica,production_kg,1997.0,0.0,False,917184.0
Timor-Leste,Arabica,production_kg,1998.0,0.0,False,942530.0
Timor-Leste,Arabica,production_kg,1999.0,0.0,False,834697.0
Timor-Leste,Arabica,production_kg,2000.0,420000.0,False,745088.0
Timor-Leste,Arabica,production_kg,2001.0,1980000.0,False,812249.0
Timor-Leste,Arabica,production_kg,2002.0,2220000.0,False,879159.0
Timor-Leste,Arabica,production_kg,2003.0,2520000.0,False,916878.0
Timor-Leste,Arabica,production_kg,2004.0,1020000.0,False,929074.0
Timor-Leste,Arabica,production_kg,2005.0,1440000.0,False,948311.0
Timor-Leste,Arabica,production_kg,2006.0,2760000.0,False,976597.0
Timor-Leste,Arabica,production_kg,2007.0,2160000.0,False,1004889.0
Timor-Leste,Arabica,production_kg,2008.0,2880000.0,False,1032429.0
Timor-Leste,Arabica,production_kg,2009.0,2820000.0,False,1058782.0
Timor-Leste,Arabica,production_kg,2010.0,3600000.0,False,1084679.0
Timor-Leste,Arabica,production_kg,2011.0,2820000.0,False,1110207.0
Timor-Leste,Arabica,production_kg,2012.0,3660000.0,False,1134885.0
Timor-Leste,Arabica,production_kg,2013.0,4800000.0,False,1158695.0
Timor-Leste,Arabica,production_kg,2014.0,6660000.0,False,1181903.0
Timor-Leste,Arabica,production_kg,2015.0,3540000.0,False,1205131.0
Timor-Leste,Arabica,production_kg,2016.0,4920000.0,False,1228312.0
Timor-Leste,Arabica,production_kg,2017.0,3900000.0,False,1251703.0
Timor-Leste,Arabica,production_kg,2018.0,8340000.0,False,1275959.0
Timor-Leste,Arabica,production_kg,2019.0,6180000.0,False,1300945.0
Togo,Robusta,production_kg,1990.0,9660000.0,False,3714021.0
Togo,Robusta,production_kg,1991.0,25980000.0,False,3822636.0
Togo,Robusta,production_kg,1992.0,5160000.0,False,3932581.0
Togo,Robusta,production_kg,1993.0,11700000.0,False,3887974.0
Togo,Robusta,production_kg,1994.0,10560000.0,False,3904183.0
Togo,Robusta,production_kg,1995.0,5040000.0,False,4110450.0
Togo,Robusta,production_kg,1996.0,17460000.0,False,4291136.0
Togo,Robusta,production_kg,1997.0,13260000.0,False,4438794.0
Togo,Robusta,production_kg,1998.0,19260000.0,False,4551635.0
Togo,Robusta,production_kg,1999.0,15780000.0,False,4665754.0
Togo,Robusta,production_kg,2000.0,11820000.0,False,4783722.0
Togo,Robusta,production_kg,2001.0,6720000.0,False,4904144.0
Togo,Robusta,production_kg,2002.0,4080000.0,False,5027130.0
Togo,Robusta,production_kg,2003.0,8640000.0,False,5154112.0
Togo,Robusta,production_kg,2004.0,9960000.0,False,5281320.0
Togo,Robusta,production_kg,2005.0,8400000.0,False,5413154.0
Togo,Robusta,production_kg,2006.0,8040000.0,False,5569664.0
Togo,Robusta,production_kg,2007.0,7500000.0,False,5748443.0
Togo,Robusta,production_kg,2008.0,8280000.0,False,5936138.0
Togo,Robusta,production_kg,2009.0,12120000.0,False,6130946.0
Togo,Robusta,production_kg,2010.0,9600000.0,False,6325788.0
Togo,Robusta,production_kg,2011.0,9600000.0,False,6500582.0
Togo,Robusta,production_kg,2012.0,5040000.0,False,6653718.0
Togo,Robusta,production_kg,2013.0,10320000.0,False,6798848.0
Togo,Robusta,production_kg,2014.0,8580000.0,False,6937644.0
Togo,Robusta,production_kg,2015.0,4860000.0,False,7071502.0
Togo,Robusta,production_kg,2016.0,1380000.0,False,7200884.0
Togo,Robusta,production_kg,2017.0,6900000.0,False,7324386.0
Togo,Robusta,production_kg,2018.0,3240000.0,False,7458206.0
Togo,Robusta,production_kg,2019.0,2460000.0,False,7619925.0
Trinidad & Tobago,Robusta,production_kg,1990.0,900000.0,False,1252208.0
Trinidad & Tobago,Robusta,production_kg,1991.0,1080000.0,False,1262171.0
Trinidad & Tobago,Robusta,production_kg,1992.0,840000.0,False,1271674.0
Trinidad & Tobago,Robusta,production_kg,1993.0,960000.0,False,1280466.0
Trinidad & Tobago,Robusta,production_kg,1994.0,1080000.0,False,1288341.0
Trinidad & Tobago,Robusta,production_kg,1995.0,1080000.0,False,1295169.0
Trinidad & Tobago,Robusta,production_kg,1996.0,1080000.0,False,1300928.0
Trinidad & Tobago,Robusta,production_kg,1997.0,1140000.0,False,1305836.0
Trinidad & Tobago,Robusta,production_kg,1998.0,1020000.0,False,1310225.0
Trinidad & Tobago,Robusta,production_kg,1999.0,1020000.0,False,1314708.0
Trinidad & Tobago,Robusta,production_kg,2000.0,960000.0,False,1319774.0
Trinidad & Tobago,Robusta,production_kg,2001.0,960000.0,False,1325567.0
Trinidad & Tobago,Robusta,production_kg,2002.0,1020000.0,False,1332011.0
Trinidad & Tobago,Robusta,production_kg,2003.0,960000.0,False,1338709.0
Trinidad & Tobago,Robusta,production_kg,2004.0,900000.0,False,1345380.0
Trinidad & Tobago,Robusta,production_kg,2005.0,900000.0,False,1294494.0
Trinidad & Tobago,Robusta,production_kg,2006.0,720000.0,False,1297944.0
Trinidad & Tobago,Robusta,production_kg,2007.0,720000.0,False,1303188.0
Trinidad & Tobago,Robusta,production_kg,2008.0,660000.0,False,1308587.0
Trinidad & Tobago,Robusta,production_kg,2009.0,660000.0,False,1310106.0
Trinidad & Tobago,Robusta,production_kg,2010.0,600000.0,False,1317714.0
Trinidad & Tobago,Robusta,production_kg,2011.0,660000.0,False,1328019.0
Trinidad & Tobago,Robusta,production_kg,2012.0,720000.0,False,1335194.0
Trinidad & Tobago,Robusta,production_kg,2013.0,720000.0,False,1340557.0
Trinidad & Tobago,Robusta,production_kg,2014.0,720000.0,False,1345343.0
Trinidad & Tobago,Robusta,production_kg,2015.0,720000.0,False,1349667.0
Trinidad & Tobago,Robusta,production_kg,2016.0,720000.0,False,1353895.0
Trinidad & Tobago,Robusta,production_kg,2017.0,720000.0,False,1356633.0
Trinidad & Tobago,Robusta,production_kg,2018.0,780000.0,False,1359193.0
Trinidad & Tobago,Robusta,production_kg,2019.0,720000.0,False,1363985.0
Uganda,Robusta/Arabica,production_kg,1990.0,117300000.0,False,17569897.0
Uganda,Robusta/Arabica,production_kg,1991.0,125280000.0,False,18155901.0
Uganda,Robusta/Arabica,production_kg,1992.0,131100000.0,False,18785032.0
Uganda,Robusta/Arabica,production_kg,1993.0,188520000.0,False,19445161.0
Uganda,Robusta/Arabica,production_kg,1994.0,143580000.0,False,20108801.0
Uganda,Robusta/Arabica,production_kg,1995.0,194640000.0,False,20665667.0
Uganda,Robusta/Arabica,production_kg,1996.0,205140000.0,False,21231550.0
Uganda,Robusta/Arabica,production_kg,1997.0,206400000.0,False,21856046.0
Uganda,Robusta/Arabica,production_kg,1998.0,203160000.0,False,22515806.0
Uganda,Robusta/Arabica,production_kg,1999.0,171720000.0,False,23257281.0
Uganda,Robusta/Arabica,production_kg,2000.0,204060000.0,False,24000150.0
Uganda,Robusta/Arabica,production_kg,2001.0,189480000.0,False,24745676.0
Uganda,Robusta/Arabica,production_kg,2002.0,173400000.0,False,25532870.0
Uganda,Robusta/Arabica,production_kg,2003.0,155940000.0,False,26352124.0
Uganda,Robusta/Arabica,production_kg,2004.0,156780000.0,False,27154515.0
Uganda,Robusta/Arabica,production_kg,2005.0,130500000.0,False,27963289.0
Uganda,Robusta/Arabica,production_kg,2006.0,173640000.0,False,28794003.0
Uganda,Robusta/Arabica,production_kg,2007.0,209400000.0,False,29653430.0
Uganda,Robusta/Arabica,production_kg,2008.0,200100000.0,False,30539553.0
Uganda,Robusta/Arabica,production_kg,2009.0,173640000.0,False,31451151.0
Uganda,Robusta/Arabica,production_kg,2010.0,196020000.0,False,32390802.0
Uganda,Robusta/Arabica,production_kg,2011.0,186900000.0,False,33354543.0
Uganda,Robusta/Arabica,production_kg,2012.0,234840000.0,False,34337438.0
Uganda,Robusta/Arabica,production_kg,2013.0,217980000.0,False,35337042.0
Uganda,Robusta/Arabica,production_kg,2014.0,224640000.0,False,36395539.0
Uganda,Robusta/Arabica,production_kg,2015.0,219000000.0,False,37531446.0
Uganda,Robusta/Arabica,production_kg,2016.0,297720000.0,False,38799152.0
Uganda,Robusta/Arabica,production_kg,2017.0,275820000.0,False,40177388.0
Uganda,Robusta/Arabica,production_kg,2018.0,282240000.0,False,41565831.0
Uganda,Robusta/Arabica,production_kg,2019.0,330540000.0,False,42999637.0
Venezuela,Arabica,production_kg,1990.0,67320000.0,False,19827010.0
Venezuela,Arabica,production_kg,1991.0,56460000.0,False,20304896.0
Venezuela,Arabica,production_kg,1992.0,72900000.0,False,20780948.0
Venezuela,Arabica,production_kg,1993.0,79980000.0,False,21254520.0
Venezuela,Arabica,production_kg,1994.0,59340000.0,False,21725188.0
Venezuela,Arabica,production_kg,1995.0,88020000.0,False,22193821.0
Venezuela,Arabica,production_kg,1996.0,72360000.0,False,22662113.0
Venezuela,Arabica,production_kg,1997.0,57060000.0,False,23131685.0
Venezuela,Arabica,production_kg,1998.0,95820000.0,False,23601337.0
Venezuela,Arabica,production_kg,1999.0,82020000.0,False,24066593.0
Venezuela,Arabica,production_kg,2000.0,87000000.0,False,24526708.0
Venezuela,Arabica,production_kg,2001.0,75900000.0,False,24979922.0
Venezuela,Arabica,production_kg,2002.0,89040000.0,False,25435671.0
Venezuela,Arabica,production_kg,2003.0,85260000.0,False,25892703.0
Venezuela,Arabica,production_kg,2004.0,79620000.0,False,26340838.0
Venezuela,Arabica,production_kg,2005.0,90360000.0,False,26785804.0
Venezuela,Arabica,production_kg,2006.0,94260000.0,False,27224686.0
Venezuela,Arabica,production_kg,2007.0,91200000.0,False,27649363.0
Venezuela,Arabica,production_kg,2008.0,55920000.0,False,28053696.0
Venezuela,Arabica,production_kg,2009.0,72840000.0,False,28438298.0
Venezuela,Arabica,production_kg,2010.0,72120000.0,False,28813101.0
Venezuela,Arabica,production_kg,2011.0,54120000.0,False,29185212.0
Venezuela,Arabica,production_kg,2012.0,57120000.0,False,29553826.0
Venezuela,Arabica,production_kg,2013.0,48240000.0,False,29912198.0
Venezuela,Arabica,production_kg,2014.0,39000000.0,False,30254079.0
Venezuela,Arabica,production_kg,2015.0,30000000.0,False,30573972.0
Venezuela,Arabica,production_kg,2016.0,31500000.0,False,30765720.0
Venezuela,Arabica,production_kg,2017.0,34320000.0,False,30565323.0
Venezuela,Arabica,production_kg,2018.0,34680000.0,False,29807592.0
Venezuela,Arabica,production_kg,2019.0,39000000.0,False,28938098.0
Viet Nam,Robusta/Arabica,production_kg,1990.0,78600000.0,False,65504552.0
Viet Nam,Robusta/Arabica,production_kg,1991.0,86280000.0,False,66891775.0
Viet Nam,Robusta/Arabica,production_kg,1992.0,140400000.0,False,68260337.0
Viet Nam,Robusta/Arabica,production_kg,1993.0,181200000.0,False,69586384.0
Viet Nam,Robusta/Arabica,production_kg,1994.0,217920000.0,False,70854391.0
Viet Nam,Robusta/Arabica,production_kg,1995.0,238200000.0,False,72049940.0
Viet Nam,Robusta/Arabica,production_kg,1996.0,345120000.0,False,73156447.0
Viet Nam,Robusta/Arabica,production_kg,1997.0,418740000.0,False,74226889.0
Viet Nam,Robusta/Arabica,production_kg,1998.0,423120000.0,False,75299660.0
Viet Nam,Robusta/Arabica,production_kg,1999.0,697860000.0,False,76287452.0
Viet Nam,Robusta/Arabica,production_kg,2000.0,890460000.0,False,77154011.0
Viet Nam,Robusta/Arabica,production_kg,2001.0,785580000.0,False,77969361.0
Viet Nam,Robusta/Arabica,production_kg,2002.0,694440000.0,False,78772224.0
Viet Nam,Robusta/Arabica,production_kg,2003.0,920220000.0,False,79563777.0
Viet Nam,Robusta/Arabica,production_kg,2004.0,862200000.0,False,80338971.0
Viet Nam,Robusta/Arabica,production_kg,2005.0,830520000.0,False,81088313.0
Viet Nam,Robusta/Arabica,production_kg,2006.0,1160400000.0,False,82167897.0
Viet Nam,Robusta/Arabica,production_kg,2007.0,984300000.0,False,83633375.0
Viet Nam,Robusta/Arabica,production_kg,2008.0,1106280000.0,False,85175788.0
Viet Nam,Robusta/Arabica,production_kg,2009.0,1069500000.0,False,86460018.0
Viet Nam,Robusta/Arabica,production_kg,2010.0,1200000000.0,False,87455152.0
Viet Nam,Robusta/Arabica,production_kg,2011.0,1590000000.0,False,88468314.0
Viet Nam,Robusta/Arabica,production_kg,2012.0,1404120000.0,False,89510356.0
Viet Nam,Robusta/Arabica,production_kg,2013.0,1656600000.0,False,90573104.0
Viet Nam,Robusta/Arabica,production_kg,2014.0,1634460000.0,False,91679578.0
Viet Nam,Robusta/Arabica,production_kg,2015.0,1865400000.0,False,92823254.0
Viet Nam,Robusta/Arabica,production_kg,2016.0,1669140000.0,False,94000117.0
Viet Nam,Robusta/Arabica,production_kg,2017.0,2005920000.0,False,95176977.0
Viet Nam,Robusta/Arabica,production_kg,2018.0,1816980000.0,False,96237319.0
Viet Nam,Robusta/Arabica,production_kg,2019.0,1829220000.0,False,97173776.0
Yemen,Arabica,production_kg,1990.0,0.0,False,13887862.0
Yemen,Arabica,production_kg,1991.0,0.0,False,14430201.0
Yemen,Arabica,production_kg,1992.0,0.0,False,14989494.0
Yemen,Arabica,production_kg,1993.0,0.0,False,15563914.0
Yemen,Arabica,production_kg,1994.0,0.0,False,16149147.0
Yemen,Arabica,production_kg,1995.0,0.0,False,16740058.0
Yemen,Arabica,production_kg,1996.0,0.0,False,17313177.0
Yemen,Arabica,production_kg,1997.0,0.0,False,17873936.0
Yemen,Arabica,production_kg,1998.0,4140000.0,False,18446013.0
Yemen,Arabica,production_kg,1999.0,3660000.0,False,19029420.0
Yemen,Arabica,production_kg,2000.0,3840000.0,False,19624141.0
Yemen,Arabica,production_kg,2001.0,3720000.0,False,20226147.0
Yemen,Arabica,production_kg,2002.0,3420000.0,False,20835086.0
Yemen,Arabica,production_kg,2003.0,11580000.0,False,21456379.0
Yemen,Arabica,production_kg,2004.0,12360000.0,False,22095167.0
Yemen,Arabica,production_kg,2005.0,12180000.0,False,22790085.0
Yemen,Arabica,production_kg,2006.0,12420000.0,False,23543083.0
Yemen,Arabica,production_kg,2007.0,11880000.0,False,24318082.0
Yemen,Arabica,production_kg,2008.0,13200000.0,False,25111941.0
Yemen,Arabica,production_kg,2009.0,8100000.0,False,25927724.0
Yemen,Arabica,production_kg,2010.0,9660000.0,False,26754387.0
Yemen,Arabica,production_kg,2011.0,11100000.0,False,27582897.0
Yemen,Arabica,production_kg,2012.0,11280000.0,False,28433647.0
Yemen,Arabica,production_kg,2013.0,11220000.0,False,29312952.0
Yemen,Arabica,production_kg,2014.0,10680000.0,False,30226309.0
Yemen,Arabica,production_kg,2015.0,9360000.0,False,31159379.0
Yemen,Arabica,production_kg,2016.0,8580000.0,False,32109010.0
Yemen,Arabica,production_kg,2017.0,7920000.0,False,33090921.0
Yemen,Arabica,production_kg,2018.0,5160000.0,False,34085182.0
Yemen,Arabica,production_kg,2019.0,5460000.0,False,35111408.0
Zambia,Arabica,production_kg,1990.0,1380000.0,False,7786169.0
Zambia,Arabica,production_kg,1991.0,1740000.0,False,7981650.0
Zambia,Arabica,production_kg,1992.0,1740000.0,False,8176680.0
Zambia,Arabica,production_kg,1993.0,1620000.0,False,8373921.0
Zambia,Arabica,production_kg,1994.0,1260000.0,False,8576269.0
Zambia,Arabica,production_kg,1995.0,1560000.0,False,8785763.0
Zambia,Arabica,production_kg,1996.0,1980000.0,False,9004053.0
Zambia,Arabica,production_kg,1997.0,2280000.0,False,9237063.0
Zambia,Arabica,production_kg,1998.0,3720000.0,False,9482408.0
Zambia,Arabica,production_kg,1999.0,3540000.0,False,9740005.0
Zambia,Arabica,production_kg,2000.0,5580000.0,False,10017631.0
Zambia,Arabica,production_kg,2001.0,6000000.0,False,10325185.0
Zambia,Arabica,production_kg,2002.0,7140000.0,False,10647949.0
Zambia,Arabica,production_kg,2003.0,6000000.0,False,10983595.0
Zambia,Arabica,production_kg,2004.0,6600000.0,False,11338198.0
Zambia,Arabica,production_kg,2005.0,6180000.0,False,11718819.0
Zambia,Arabica,production_kg,2006.0,3360000.0,False,12129553.0
Zambia,Arabica,production_kg,2007.0,3660000.0,False,12565085.0
Zambia,Arabica,production_kg,2008.0,2100000.0,False,13021324.0
Zambia,Arabica,production_kg,2009.0,1680000.0,False,13490389.0
Zambia,Arabica,production_kg,2010.0,780000.0,False,13965594.0
Zambia,Arabica,production_kg,2011.0,660000.0,False,14437796.0
Zambia,Arabica,production_kg,2012.0,300000.0,False,14913629.0
Zambia,Arabica,production_kg,2013.0,660000.0,False,15398997.0
Zambia,Arabica,production_kg,2014.0,180000.0,False,15895315.0
Zambia,Arabica,production_kg,2015.0,240000.0,False,16399089.0
Zambia,Arabica,production_kg,2016.0,780000.0,False,16914423.0
Zambia,Arabica,production_kg,2017.0,1140000.0,False,17441320.0
Zambia,Arabica,production_kg,2018.0,2040000.0,False,17973569.0
Zambia,Arabica,production_kg,2019.0,900000.0,False,18513839.0
Zimbabwe,Arabica,production_kg,1990.0,15120000.0,False,10137281.0
Zimbabwe,Arabica,production_kg,1991.0,12060000.0,False,10404816.0
Zimbabwe,Arabica,production_kg,1992.0,4680000.0,False,10702700.0
Zimbabwe,Arabica,production_kg,1993.0,720000.0,False,10860288.0
Zimbabwe,Arabica,production_kg,1994.0,6360000.0,False,10873148.0
Zimbabwe,Arabica,production_kg,1995.0,7860000.0,False,10974599.0
Zimbabwe,Arabica,production_kg,1996.0,10440000.0,False,11158360.0
Zimbabwe,Arabica,production_kg,1997.0,7800000.0,False,11369827.0
Zimbabwe,Arabica,production_kg,1998.0,8940000.0,False,11594297.0
Zimbabwe,Arabica,production_kg,1999.0,7500000.0,False,11783458.0
Zimbabwe,Arabica,production_kg,2000.0,6540000.0,False,11892055.0
Zimbabwe,Arabica,production_kg,2001.0,7260000.0,False,11971901.0
Zimbabwe,Arabica,production_kg,2002.0,6600000.0,False,12087653.0
Zimbabwe,Arabica,production_kg,2003.0,5520000.0,False,12232323.0
Zimbabwe,Arabica,production_kg,2004.0,7200000.0,False,12365896.0
Zimbabwe,Arabica,production_kg,2005.0,3960000.0,False,12483432.0
Zimbabwe,Arabica,production_kg,2006.0,2700000.0,False,12636445.0
Zimbabwe,Arabica,production_kg,2007.0,1860000.0,False,12804058.0
Zimbabwe,Arabica,production_kg,2008.0,1440000.0,False,12959149.0
Zimbabwe,Arabica,production_kg,2009.0,1260000.0,False,13142790.0
Zimbabwe,Arabica,production_kg,2010.0,600000.0,False,13356548.0
Zimbabwe,Arabica,production_kg,2011.0,540000.0,False,13595424.0
Zimbabwe,Arabica,production_kg,2012.0,420000.0,False,13817887.0
Zimbabwe,Arabica,production_kg,2013.0,540000.0,False,14013808.0
Zimbabwe,Arabica,production_kg,2014.0,900000.0,False,14207359.0
Zimbabwe,Arabica,production_kg,2015.0,840000.0,False,14399013.0
Zimbabwe,Arabica,production_kg,2016.0,900000.0,False,14600294.0
Zimbabwe,Arabica,production_kg,2017.0,420000.0,False,14812482.0
Zimbabwe,Arabica,production_kg,2018.0,600000.0,False,15034452.0
Zimbabwe,Arabica,production_kg,2019.0,540000.0,False,15271368.0
Austria,,re_export_kg,1990.0,24900000.0,False,7677850.0
Austria,,re_export_kg,1991.0,45360000.0,False,7754891.0
Austria,,re_export_kg,1992.0,57600000.0,False,7840709.0
Austria,,re_export_kg,1993.0,32100000.0,False,7905633.0
Austria,,re_export_kg,1994.0,22860000.0,False,7936118.0
Austria,,re_export_kg,1995.0,13740000.0,False,7948278.0
Austria,,re_export_kg,1996.0,9780000.0,False,7959017.0
Austria,,re_export_kg,1997.0,13320000.0,False,7968041.0
Austria,,re_export_kg,1998.0,12600000.0,False,7976789.0
Austria,,re_export_kg,1999.0,23880000.0,False,7992324.0
Austria,,re_export_kg,2000.0,24540000.0,False,8011566.0
Austria,,re_export_kg,2001.0,26400000.0,False,8042293.0
Austria,,re_export_kg,2002.0,31680000.0,False,8081957.0
Austria,,re_export_kg,2003.0,37200000.0,False,8121423.0
Austria,,re_export_kg,2004.0,32580000.0,False,8171966.0
Austria,,re_export_kg,2005.0,48360000.0,False,8227829.0
Austria,,re_export_kg,2006.0,59460000.0,False,8268641.0
Austria,,re_export_kg,2007.0,67200000.0,False,8295487.0
Austria,,re_export_kg,2008.0,59520000.0,False,8321496.0
Austria,,re_export_kg,2009.0,24900000.0,False,8343323.0
Austria,,re_export_kg,2010.0,27780000.0,False,8363404.0
Austria,,re_export_kg,2011.0,21900000.0,False,8391643.0
Austria,,re_export_kg,2012.0,18240000.0,False,8429991.0
Austria,,re_export_kg,2013.0,18660000.0,False,8479823.0
Austria,,re_export_kg,2014.0,23160000.0,False,8546356.0
Austria,,re_export_kg,2015.0,22680000.0,False,8642699.0
Austria,,re_export_kg,2016.0,18480000.0,False,8736668.0
Austria,,re_export_kg,2017.0,18480000.0,False,8797566.0
Austria,,re_export_kg,2018.0,15420000.0,False,8840521.0
Austria,,re_export_kg,2019.0,16440000.0,False,8879920.0
Belgium,,re_export_kg,1990.0,0.0,False,9967379.0
Belgium,,re_export_kg,1991.0,0.0,False,10004486.0
Belgium,,re_export_kg,1992.0,0.0,False,10045158.0
Belgium,,re_export_kg,1993.0,0.0,False,10084475.0
Belgium,,re_export_kg,1994.0,0.0,False,10115603.0
Belgium,,re_export_kg,1995.0,0.0,False,10136811.0
Belgium,,re_export_kg,1996.0,0.0,False,10156637.0
Belgium,,re_export_kg,1997.0,0.0,False,10181245.0
Belgium,,re_export_kg,1998.0,0.0,False,10203008.0
Belgium,,re_export_kg,1999.0,130140000.0,False,10226419.0
Belgium,,re_export_kg,2000.0,141420000.0,False,10251250.0
Belgium,,re_export_kg,2001.0,139440000.0,False,10286570.0
Belgium,,re_export_kg,2002.0,138480000.0,False,10332785.0
Belgium,,re_export_kg,2003.0,134280000.0,False,10376133.0
Belgium,,re_export_kg,2004.0,154320000.0,False,10421137.0
Belgium,,re_export_kg,2005.0,174300000.0,False,10478617.0
Belgium,,re_export_kg,2006.0,184020000.0,False,10547958.0
Belgium,,re_export_kg,2007.0,174660000.0,False,10625700.0
Belgium,,re_export_kg,2008.0,368520000.0,False,10709973.0
Belgium,,re_export_kg,2009.0,298860000.0,False,10796493.0
Belgium,,re_export_kg,2010.0,303180000.0,False,10895586.0
Belgium,,re_export_kg,2011.0,293640000.0,False,11038264.0
Belgium,,re_export_kg,2012.0,285240000.0,False,11106932.0
Belgium,,re_export_kg,2013.0,255420000.0,False,11159407.0
Belgium,,re_export_kg,2014.0,237180000.0,False,11209057.0
Belgium,,re_export_kg,2015.0,267600000.0,False,11274196.0
Belgium,,re_export_kg,2016.0,273000000.0,False,11331422.0
Belgium,,re_export_kg,2017.0,262620000.0,False,11375158.0
Belgium,,re_export_kg,2018.0,262620000.0,False,11427054.0
Belgium,,re_export_kg,2019.0,300840000.0,False,11488980.0
Belgium/Luxembourg,,re_export_kg,1990.0,53460000.0,False,9967379.0
Belgium/Luxembourg,,re_export_kg,1991.0,62280000.0,False,10004486.0
Belgium/Luxembourg,,re_export_kg,1992.0,67860000.0,False,10045158.0
Belgium/Luxembourg,,re_export_kg,1993.0,76440000.0,False,10084475.0
Belgium/Luxembourg,,re_export_kg,1994.0,78240000.0,False,10115603.0
Belgium/Luxembourg,,re_export_kg,1995.0,79680000.0,False,10136811.0
Belgium/Luxembourg,,re_export_kg,1996.0,89220000.0,False,10156637.0
Belgium/Luxembourg,,re_export_kg,1997.0,99480000.0,False,10181245.0
Belgium/Luxembourg,,re_export_kg,1998.0,136200000.0,False,10203008.0
Belgium/Luxembourg,,re_export_kg,1999.0,0.0,False,10226419.0
Belgium/Luxembourg,,re_export_kg,2000.0,0.0,False,10251250.0
Belgium/Luxembourg,,re_export_kg,2001.0,0.0,False,10286570.0
Belgium/Luxembourg,,re_export_kg,2002.0,0.0,False,10332785.0
Belgium/Luxembourg,,re_export_kg,2003.0,0.0,False,10376133.0
Belgium/Luxembourg,,re_export_kg,2004.0,0.0,False,10421137.0
Belgium/Luxembourg,,re_export_kg,2005.0,0.0,False,10478617.0
Belgium/Luxembourg,,re_export_kg,2006.0,0.0,False,10547958.0
Belgium/Luxembourg,,re_export_kg,2007.0,0.0,False,10625700.0
Belgium/Luxembourg,,re_export_kg,2008.0,0.0,False,10709973.0
Belgium/Luxembourg,,re_export_kg,2009.0,0.0,False,10796493.0
Belgium/Luxembourg,,re_export_kg,2010.0,0.0,False,10895586.0
Belgium/Luxembourg,,re_export_kg,2011.0,0.0,False,11038264.0
Belgium/Luxembourg,,re_export_kg,2012.0,0.0,False,11106932.0
Belgium/Luxembourg,,re_export_kg,2013.0,0.0,False,11159407.0
Belgium/Luxembourg,,re_export_kg,2014.0,0.0,False,11209057.0
Belgium/Luxembourg,,re_export_kg,2015.0,0.0,False,11274196.0
Belgium/Luxembourg,,re_export_kg,2016.0,0.0,False,11331422.0
Belgium/Luxembourg,,re_export_kg,2017.0,0.0,False,11375158.0
Belgium/Luxembourg,,re_export_kg,2018.0,0.0,False,11427054.0
Belgium/Luxembourg,,re_export_kg,2019.0,0.0,False,11488980.0
Bulgaria,,re_export_kg,1990.0,9960000.0,False,8718289.0
Bulgaria,,re_export_kg,1991.0,10980000.0,False,8632367.0
Bulgaria,,re_export_kg,1992.0,420000.0,False,8540164.0
Bulgaria,,re_export_kg,1993.0,4200000.0,False,8472313.0
Bulgaria,,re_export_kg,1994.0,6600000.0,False,8443591.0
Bulgaria,,re_export_kg,1995.0,7320000.0,False,8406067.0
Bulgaria,,re_export_kg,1996.0,1560000.0,False,8362826.0
Bulgaria,,re_export_kg,1997.0,1140000.0,False,8312068.0
Bulgaria,,re_export_kg,1998.0,1080000.0,False,8256786.0
Bulgaria,,re_export_kg,1999.0,240000.0,False,8210624.0
Bulgaria,,re_export_kg,2000.0,360000.0,False,8170172.0
Bulgaria,,re_export_kg,2001.0,300000.0,False,8009142.0
Bulgaria,,re_export_kg,2002.0,180000.0,False,7837161.0
Bulgaria,,re_export_kg,2003.0,180000.0,False,7775327.0
Bulgaria,,re_export_kg,2004.0,180000.0,False,7716860.0
Bulgaria,,re_export_kg,2005.0,660000.0,False,7658972.0
Bulgaria,,re_export_kg,2006.0,840000.0,False,7601022.0
Bulgaria,,re_export_kg,2007.0,1740000.0,False,7545338.0
Bulgaria,,re_export_kg,2008.0,4320000.0,False,7492561.0
Bulgaria,,re_export_kg,2009.0,6840000.0,False,7444443.0
Bulgaria,,re_export_kg,2010.0,7980000.0,False,7395599.0
Bulgaria,,re_export_kg,2011.0,7320000.0,False,7348328.0
Bulgaria,,re_export_kg,2012.0,11040000.0,False,7305888.0
Bulgaria,,re_export_kg,2013.0,11460000.0,False,7160005.0
Bulgaria,,re_export_kg,2014.0,14640000.0,False,7073572.0
Bulgaria,,re_export_kg,2015.0,16500000.0,False,6984225.0
Bulgaria,,re_export_kg,2016.0,19620000.0,False,6894139.0
Bulgaria,,re_export_kg,2017.0,17520000.0,False,6803468.0
Bulgaria,,re_export_kg,2018.0,18720000.0,False,6710798.0
Bulgaria,,re_export_kg,2019.0,21720000.0,False,6616726.0
Croatia,,re_export_kg,1990.0,0.0,False,4777368.0
Croatia,,re_export_kg,1991.0,0.0,False,4689022.0
Croatia,,re_export_kg,1992.0,2040000.0,False,4575818.0
Croatia,,re_export_kg,1993.0,1860000.0,False,4600463.0
Croatia,,re_export_kg,1994.0,1800000.0,False,4652024.0
Croatia,,re_export_kg,1995.0,1920000.0,False,4620030.0
Croatia,,re_export_kg,1996.0,1020000.0,False,4557097.0
Croatia,,re_export_kg,1997.0,1440000.0,False,4534920.0
Croatia,,re_export_kg,1998.0,1140000.0,False,4532135.0
Croatia,,re_export_kg,1999.0,900000.0,False,4512597.0
Croatia,,re_export_kg,2000.0,1020000.0,False,4468302.0
Croatia,,re_export_kg,2001.0,900000.0,False,4299642.0
Croatia,,re_export_kg,2002.0,960000.0,False,4302174.0
Croatia,,re_export_kg,2003.0,1020000.0,False,4303399.0
Croatia,,re_export_kg,2004.0,1080000.0,False,4304600.0
Croatia,,re_export_kg,2005.0,1080000.0,False,4310145.0
Croatia,,re_export_kg,2006.0,1080000.0,False,4311159.0
Croatia,,re_export_kg,2007.0,1620000.0,False,4310217.0
Croatia,,re_export_kg,2008.0,1680000.0,False,4309705.0
Croatia,,re_export_kg,2009.0,1680000.0,False,4305181.0
Croatia,,re_export_kg,2010.0,1440000.0,False,4295427.0
Croatia,,re_export_kg,2011.0,1440000.0,False,4280622.0
Croatia,,re_export_kg,2012.0,1440000.0,False,4260368.0
Croatia,,re_export_kg,2013.0,1560000.0,False,4233922.0
Croatia,,re_export_kg,2014.0,3060000.0,False,4201598.0
Croatia,,re_export_kg,2015.0,3780000.0,False,4151725.0
Croatia,,re_export_kg,2016.0,5940000.0,False,4106867.0
Croatia,,re_export_kg,2017.0,4680000.0,False,4041407.0
Croatia,,re_export_kg,2018.0,5160000.0,False,3988775.0
Croatia,,re_export_kg,2019.0,5160000.0,False,3949390.0
Cyprus,,re_export_kg,1990.0,960000.0,False,788351.0
Cyprus,,re_export_kg,1991.0,420000.0,False,798944.0
Cyprus,,re_export_kg,1992.0,240000.0,False,810341.0
Cyprus,,re_export_kg,1993.0,120000.0,False,826034.0
Cyprus,,re_export_kg,1994.0,60000.0,False,844667.0
Cyprus,,re_export_kg,1995.0,60000.0,False,862695.0
Cyprus,,re_export_kg,1996.0,60000.0,False,880290.0
Cyprus,,re_export_kg,1997.0,60000.0,False,897568.0
Cyprus,,re_export_kg,1998.0,60000.0,False,914548.0
Cyprus,,re_export_kg,1999.0,120000.0,False,931234.0
Cyprus,,re_export_kg,2000.0,60000.0,False,947667.0
Cyprus,,re_export_kg,2001.0,240000.0,False,964127.0
Cyprus,,re_export_kg,2002.0,240000.0,False,981440.0
Cyprus,,re_export_kg,2003.0,360000.0,False,999590.0
Cyprus,,re_export_kg,2004.0,420000.0,False,1017875.0
Cyprus,,re_export_kg,2005.0,540000.0,False,1036151.0
Cyprus,,re_export_kg,2006.0,1080000.0,False,1054418.0
Cyprus,,re_export_kg,2007.0,120000.0,False,1072714.0
Cyprus,,re_export_kg,2008.0,0.0,False,1091026.0
Cyprus,,re_export_kg,2009.0,0.0,False,1109371.0
Cyprus,,re_export_kg,2010.0,120000.0,False,1127816.0
Cyprus,,re_export_kg,2011.0,0.0,False,1146493.0
Cyprus,,re_export_kg,2012.0,60000.0,False,1165397.0
Cyprus,,re_export_kg,2013.0,120000.0,False,1183895.0
Cyprus,,re_export_kg,2014.0,480000.0,False,1201801.0
Cyprus,,re_export_kg,2015.0,180000.0,False,1219502.0
Cyprus,,re_export_kg,2016.0,240000.0,False,1237112.0
Cyprus,,re_export_kg,2017.0,120000.0,False,1254275.0
Cyprus,,re_export_kg,2018.0,60000.0,False,1270737.0
Cyprus,,re_export_kg,2019.0,1380000.0,False,1286671.0
Czechia,,re_export_kg,1990.0,0.0,False,10333355.0
Czechia,,re_export_kg,1991.0,0.0,False,10308578.0
Czechia,,re_export_kg,1992.0,180000.0,False,10319123.0
Czechia,,re_export_kg,1993.0,3960000.0,False,10329855.0
Czechia,,re_export_kg,1994.0,2700000.0,False,10333587.0
Czechia,,re_export_kg,1995.0,2520000.0,False,10327253.0
Czechia,,re_export_kg,1996.0,3000000.0,False,10315241.0
Czechia,,re_export_kg,1997.0,4560000.0,False,10304131.0
Czechia,,re_export_kg,1998.0,14460000.0,False,10294373.0
Czechia,,re_export_kg,1999.0,10200000.0,False,10283860.0
Czechia,,re_export_kg,2000.0,14940000.0,False,10255063.0
Czechia,,re_export_kg,2001.0,15960000.0,False,10216605.0
Czechia,,re_export_kg,2002.0,14760000.0,False,10196916.0
Czechia,,re_export_kg,2003.0,21060000.0,False,10193998.0
Czechia,,re_export_kg,2004.0,19440000.0,False,10197101.0
Czechia,,re_export_kg,2005.0,24420000.0,False,10211216.0
Czechia,,re_export_kg,2006.0,18540000.0,False,10238905.0
Czechia,,re_export_kg,2007.0,21480000.0,False,10298828.0
Czechia,,re_export_kg,2008.0,24960000.0,False,10384603.0
Czechia,,re_export_kg,2009.0,24300000.0,False,10443936.0
Czechia,,re_export_kg,2010.0,28860000.0,False,10474410.0
Czechia,,re_export_kg,2011.0,22800000.0,False,10496088.0
Czechia,,re_export_kg,2012.0,26460000.0,False,10510785.0
Czechia,,re_export_kg,2013.0,32760000.0,False,10514272.0
Czechia,,re_export_kg,2014.0,49500000.0,False,10525347.0
Czechia,,re_export_kg,2015.0,81540000.0,False,10546059.0
Czechia,,re_export_kg,2016.0,58380000.0,False,10566332.0
Czechia,,re_export_kg,2017.0,42180000.0,False,10594438.0
Czechia,,re_export_kg,2018.0,44760000.0,False,10629928.0
Czechia,,re_export_kg,2019.0,45960000.0,False,10671870.0
Denmark,,re_export_kg,1990.0,5640000.0,False,5140939.0
Denmark,,re_export_kg,1991.0,4440000.0,False,5154298.0
Denmark,,re_export_kg,1992.0,6180000.0,False,5171370.0
Denmark,,re_export_kg,1993.0,6180000.0,False,5188628.0
Denmark,,re_export_kg,1994.0,7500000.0,False,5206180.0
Denmark,,re_export_kg,1995.0,7140000.0,False,5233373.0
Denmark,,re_export_kg,1996.0,6660000.0,False,5263074.0
Denmark,,re_export_kg,1997.0,8460000.0,False,5284991.0
Denmark,,re_export_kg,1998.0,9600000.0,False,5304219.0
Denmark,,re_export_kg,1999.0,13500000.0,False,5321799.0
Denmark,,re_export_kg,2000.0,13860000.0,False,5339616.0
Denmark,,re_export_kg,2001.0,14100000.0,False,5358783.0
Denmark,,re_export_kg,2002.0,16260000.0,False,5375931.0
Denmark,,re_export_kg,2003.0,16680000.0,False,5390574.0
Denmark,,re_export_kg,2004.0,16260000.0,False,5404523.0
Denmark,,re_export_kg,2005.0,11940000.0,False,5419432.0
Denmark,,re_export_kg,2006.0,10920000.0,False,5437272.0
Denmark,,re_export_kg,2007.0,12060000.0,False,5461438.0
Denmark,,re_export_kg,2008.0,12720000.0,False,5493621.0
Denmark,,re_export_kg,2009.0,11040000.0,False,5523095.0
Denmark,,re_export_kg,2010.0,12480000.0,False,5547683.0
Denmark,,re_export_kg,2011.0,8820000.0,False,5570572.0
Denmark,,re_export_kg,2012.0,6780000.0,False,5591572.0
Denmark,,re_export_kg,2013.0,5940000.0,False,5614932.0
Denmark,,re_export_kg,2014.0,6300000.0,False,5643475.0
Denmark,,re_export_kg,2015.0,6540000.0,False,5683483.0
Denmark,,re_export_kg,2016.0,9120000.0,False,5728010.0
Denmark,,re_export_kg,2017.0,7200000.0,False,5764980.0
Denmark,,re_export_kg,2018.0,7680000.0,False,5793636.0
Denmark,,re_export_kg,2019.0,7800000.0,False,5814422.0
Estonia,,re_export_kg,1990.0,0.0,False,1569174.0
Estonia,,re_export_kg,1991.0,0.0,False,1561314.0
Estonia,,re_export_kg,1992.0,180000.0,False,1533091.0
Estonia,,re_export_kg,1993.0,420000.0,False,1494128.0
Estonia,,re_export_kg,1994.0,1200000.0,False,1462514.0
Estonia,,re_export_kg,1995.0,1500000.0,False,1436634.0
Estonia,,re_export_kg,1996.0,1980000.0,False,1415594.0
Estonia,,re_export_kg,1997.0,2520000.0,False,1399535.0
Estonia,,re_export_kg,1998.0,2700000.0,False,1386156.0
Estonia,,re_export_kg,1999.0,2160000.0,False,1390244.0
Estonia,,re_export_kg,2000.0,480000.0,False,1396985.0
Estonia,,re_export_kg,2001.0,3240000.0,False,1388115.0
Estonia,,re_export_kg,2002.0,540000.0,False,1379350.0
Estonia,,re_export_kg,2003.0,1140000.0,False,1370720.0
Estonia,,re_export_kg,2004.0,2820000.0,False,1362550.0
Estonia,,re_export_kg,2005.0,4560000.0,False,1354775.0
Estonia,,re_export_kg,2006.0,5220000.0,False,1346810.0
Estonia,,re_export_kg,2007.0,10560000.0,False,1340680.0
Estonia,,re_export_kg,2008.0,10860000.0,False,1337090.0
Estonia,,re_export_kg,2009.0,14040000.0,False,1334515.0
Estonia,,re_export_kg,2010.0,9480000.0,False,1331475.0
Estonia,,re_export_kg,2011.0,6000000.0,False,1327439.0
Estonia,,re_export_kg,2012.0,3180000.0,False,1322696.0
Estonia,,re_export_kg,2013.0,2160000.0,False,1317997.0
Estonia,,re_export_kg,2014.0,840000.0,False,1314545.0
Estonia,,re_export_kg,2015.0,420000.0,False,1315407.0
Estonia,,re_export_kg,2016.0,780000.0,False,1315790.0
Estonia,,re_export_kg,2017.0,1500000.0,False,1317384.0
Estonia,,re_export_kg,2018.0,1260000.0,False,1321977.0
Estonia,,re_export_kg,2019.0,1500000.0,False,1326898.0
Finland,,re_export_kg,1990.0,1140000.0,False,4986431.0
Finland,,re_export_kg,1991.0,1260000.0,False,5013740.0
Finland,,re_export_kg,1992.0,2100000.0,False,5041992.0
Finland,,re_export_kg,1993.0,11880000.0,False,5066447.0
Finland,,re_export_kg,1994.0,13020000.0,False,5088333.0
Finland,,re_export_kg,1995.0,5820000.0,False,5107790.0
Finland,,re_export_kg,1996.0,10320000.0,False,5124573.0
Finland,,re_export_kg,1997.0,12300000.0,False,5139835.0
Finland,,re_export_kg,1998.0,11160000.0,False,5153498.0
Finland,,re_export_kg,1999.0,12900000.0,False,5165474.0
Finland,,re_export_kg,2000.0,10320000.0,False,5176209.0
Finland,,re_export_kg,2001.0,8880000.0,False,5188008.0
Finland,,re_export_kg,2002.0,7140000.0,False,5200598.0
Finland,,re_export_kg,2003.0,7320000.0,False,5213014.0
Finland,,re_export_kg,2004.0,7740000.0,False,5228172.0
Finland,,re_export_kg,2005.0,3240000.0,False,5246096.0
Finland,,re_export_kg,2006.0,7260000.0,False,5266268.0
Finland,,re_export_kg,2007.0,9000000.0,False,5288720.0
Finland,,re_export_kg,2008.0,10200000.0,False,5313399.0
Finland,,re_export_kg,2009.0,11100000.0,False,5338871.0
Finland,,re_export_kg,2010.0,11580000.0,False,5363352.0
Finland,,re_export_kg,2011.0,11640000.0,False,5388272.0
Finland,,re_export_kg,2012.0,9360000.0,False,5413971.0
Finland,,re_export_kg,2013.0,10860000.0,False,5438972.0
Finland,,re_export_kg,2014.0,10980000.0,False,5461512.0
Finland,,re_export_kg,2015.0,12660000.0,False,5479531.0
Finland,,re_export_kg,2016.0,14520000.0,False,5495303.0
Finland,,re_export_kg,2017.0,17880000.0,False,5508214.0
Finland,,re_export_kg,2018.0,10740000.0,False,5515525.0
Finland,,re_export_kg,2019.0,10080000.0,False,5521606.0
France,,re_export_kg,1990.0,54780000.0,False,58261012.0
France,,re_export_kg,1991.0,60420000.0,False,58554242.0
France,,re_export_kg,1992.0,61380000.0,False,58846584.0
France,,re_export_kg,1993.0,58560000.0,False,59103094.0
France,,re_export_kg,1994.0,69900000.0,False,59324863.0
France,,re_export_kg,1995.0,64860000.0,False,59541294.0
France,,re_export_kg,1996.0,70920000.0,False,59754504.0
France,,re_export_kg,1997.0,69960000.0,False,59968066.0
France,,re_export_kg,1998.0,71580000.0,False,60190684.0
France,,re_export_kg,1999.0,68460000.0,False,60501986.0
France,,re_export_kg,2000.0,64380000.0,False,60918661.0
France,,re_export_kg,2001.0,76020000.0,False,61364377.0
France,,re_export_kg,2002.0,75840000.0,False,61812142.0
France,,re_export_kg,2003.0,79680000.0,False,62249855.0
France,,re_export_kg,2004.0,62400000.0,False,62707588.0
France,,re_export_kg,2005.0,61680000.0,False,63180854.0
France,,re_export_kg,2006.0,57420000.0,False,63622342.0
France,,re_export_kg,2007.0,54060000.0,False,64016890.0
France,,re_export_kg,2008.0,57840000.0,False,64375116.0
France,,re_export_kg,2009.0,60840000.0,False,64706436.0
France,,re_export_kg,2010.0,63600000.0,False,65026211.0
France,,re_export_kg,2011.0,62580000.0,False,65340830.0
France,,re_export_kg,2012.0,61140000.0,False,65657659.0
France,,re_export_kg,2013.0,60840000.0,False,65997932.0
France,,re_export_kg,2014.0,65820000.0,False,66312067.0
France,,re_export_kg,2015.0,72540000.0,False,66548272.0
France,,re_export_kg,2016.0,77880000.0,False,66724104.0
France,,re_export_kg,2017.0,90840000.0,False,66918020.0
France,,re_export_kg,2018.0,98940000.0,False,67158348.0
France,,re_export_kg,2019.0,108720000.0,False,67382061.0
Germany,,re_export_kg,1990.0,197520000.0,False,79433029.0
Germany,,re_export_kg,1991.0,195120000.0,False,80013896.0
Germany,,re_export_kg,1992.0,199080000.0,False,80624598.0
Germany,,re_export_kg,1993.0,196920000.0,False,81156363.0
Germany,,re_export_kg,1994.0,208140000.0,False,81438348.0
Germany,,re_export_kg,1995.0,193200000.0,False,81678051.0
Germany,,re_export_kg,1996.0,216780000.0,False,81914831.0
Germany,,re_export_kg,1997.0,236100000.0,False,82034771.0
Germany,,re_export_kg,1998.0,243780000.0,False,82047195.0
Germany,,re_export_kg,1999.0,238320000.0,False,82100243.0
Germany,,re_export_kg,2000.0,289500000.0,False,82211508.0
Germany,,re_export_kg,2001.0,320640000.0,False,82349925.0
Germany,,re_export_kg,2002.0,377280000.0,False,82488495.0
Germany,,re_export_kg,2003.0,391080000.0,False,82534176.0
Germany,,re_export_kg,2004.0,420660000.0,False,82516260.0
Germany,,re_export_kg,2005.0,501360000.0,False,82469422.0
Germany,,re_export_kg,2006.0,550620000.0,False,82376451.0
Germany,,re_export_kg,2007.0,641820000.0,False,82266372.0
Germany,,re_export_kg,2008.0,628260000.0,False,82110097.0
Germany,,re_export_kg,2009.0,649140000.0,False,81902307.0
Germany,,re_export_kg,2010.0,692520000.0,False,81776930.0
Germany,,re_export_kg,2011.0,700980000.0,False,80274983.0
Germany,,re_export_kg,2012.0,755400000.0,False,80425823.0
Germany,,re_export_kg,2013.0,721200000.0,False,80645605.0
Germany,,re_export_kg,2014.0,774660000.0,False,80982500.0
Germany,,re_export_kg,2015.0,749760000.0,False,81686611.0
Germany,,re_export_kg,2016.0,798780000.0,False,82348669.0
Germany,,re_export_kg,2017.0,816000000.0,False,82657002.0
Germany,,re_export_kg,2018.0,826200000.0,False,82905782.0
Germany,,re_export_kg,2019.0,828060000.0,False,83092962.0
Greece,,re_export_kg,1990.0,660000.0,False,10196792.0
Greece,,re_export_kg,1991.0,1200000.0,False,10319927.0
Greece,,re_export_kg,1992.0,1740000.0,False,10399061.0
Greece,,re_export_kg,1993.0,13620000.0,False,10460415.0
Greece,,re_export_kg,1994.0,8760000.0,False,10512922.0
Greece,,re_export_kg,1995.0,8340000.0,False,10562153.0
Greece,,re_export_kg,1996.0,3060000.0,False,10608800.0
Greece,,re_export_kg,1997.0,3000000.0,False,10661259.0
Greece,,re_export_kg,1998.0,2220000.0,False,10720509.0
Greece,,re_export_kg,1999.0,5520000.0,False,10761698.0
Greece,,re_export_kg,2000.0,6660000.0,False,10805808.0
Greece,,re_export_kg,2001.0,19200000.0,False,10862132.0
Greece,,re_export_kg,2002.0,4260000.0,False,10902022.0
Greece,,re_export_kg,2003.0,4140000.0,False,10928070.0
Greece,,re_export_kg,2004.0,4260000.0,False,10955141.0
Greece,,re_export_kg,2005.0,3600000.0,False,10987314.0
Greece,,re_export_kg,2006.0,2460000.0,False,11020362.0
Greece,,re_export_kg,2007.0,3960000.0,False,11048473.0
Greece,,re_export_kg,2008.0,4680000.0,False,11077841.0
Greece,,re_export_kg,2009.0,4320000.0,False,11107017.0
Greece,,re_export_kg,2010.0,4080000.0,False,11121341.0
Greece,,re_export_kg,2011.0,7920000.0,False,11104899.0
Greece,,re_export_kg,2012.0,10080000.0,False,11045011.0
Greece,,re_export_kg,2013.0,10140000.0,False,10965211.0
Greece,,re_export_kg,2014.0,8760000.0,False,10892413.0
Greece,,re_export_kg,2015.0,9660000.0,False,10820883.0
Greece,,re_export_kg,2016.0,11820000.0,False,10775971.0
Greece,,re_export_kg,2017.0,6660000.0,False,10754679.0
Greece,,re_export_kg,2018.0,6060000.0,False,10732882.0
Greece,,re_export_kg,2019.0,6420000.0,False,10721582.0
Hungary,,re_export_kg,1990.0,0.0,False,10373988.0
Hungary,,re_export_kg,1991.0,15660000.0,False,10373400.0
Hungary,,re_export_kg,1992.0,10440000.0,False,10369341.0
Hungary,,re_export_kg,1993.0,6660000.0,False,10357523.0
Hungary,,re_export_kg,1994.0,2820000.0,False,10343355.0
Hungary,,re_export_kg,1995.0,4320000.0,False,10328965.0
Hungary,,re_export_kg,1996.0,1920000.0,False,10311238.0
Hungary,,re_export_kg,1997.0,4380000.0,False,10290486.0
Hungary,,re_export_kg,1998.0,3780000.0,False,10266570.0
Hungary,,re_export_kg,1999.0,6300000.0,False,10237530.0
Hungary,,re_export_kg,2000.0,9420000.0,False,10210971.0
Hungary,,re_export_kg,2001.0,11160000.0,False,10187576.0
Hungary,,re_export_kg,2002.0,11400000.0,False,10158608.0
Hungary,,re_export_kg,2003.0,13080000.0,False,10129552.0
Hungary,,re_export_kg,2004.0,16200000.0,False,10107146.0
Hungary,,re_export_kg,2005.0,16920000.0,False,10087065.0
Hungary,,re_export_kg,2006.0,18180000.0,False,10071370.0
Hungary,,re_export_kg,2007.0,22260000.0,False,10055780.0
Hungary,,re_export_kg,2008.0,19020000.0,False,10038188.0
Hungary,,re_export_kg,2009.0,15540000.0,False,10022650.0
Hungary,,re_export_kg,2010.0,21060000.0,False,10000023.0
Hungary,,re_export_kg,2011.0,27600000.0,False,9971727.0
Hungary,,re_export_kg,2012.0,29760000.0,False,9920362.0
Hungary,,re_export_kg,2013.0,22860000.0,False,9872734.0
Hungary,,re_export_kg,2014.0,26040000.0,False,9833038.0
Hungary,,re_export_kg,2015.0,18660000.0,False,9797755.0
Hungary,,re_export_kg,2016.0,21300000.0,False,9759755.0
Hungary,,re_export_kg,2017.0,18780000.0,False,9726756.0
Hungary,,re_export_kg,2018.0,19920000.0,False,9706964.0
Hungary,,re_export_kg,2019.0,21300000.0,False,9694824.0
Ireland,,re_export_kg,1990.0,600000.0,False,3513974.0
Ireland,,re_export_kg,1991.0,300000.0,False,3534235.0
Ireland,,re_export_kg,1992.0,240000.0,False,3558430.0
Ireland,,re_export_kg,1993.0,180000.0,False,3576261.0
Ireland,,re_export_kg,1994.0,180000.0,False,3590386.0
Ireland,,re_export_kg,1995.0,480000.0,False,3608841.0
Ireland,,re_export_kg,1996.0,660000.0,False,3637510.0
Ireland,,re_export_kg,1997.0,540000.0,False,3674171.0
Ireland,,re_export_kg,1998.0,600000.0,False,3712696.0
Ireland,,re_export_kg,1999.0,420000.0,False,3754786.0
Ireland,,re_export_kg,2000.0,4320000.0,False,3805174.0
Ireland,,re_export_kg,2001.0,2040000.0,False,3866243.0
Ireland,,re_export_kg,2002.0,2040000.0,False,3931947.0
Ireland,,re_export_kg,2003.0,4500000.0,False,3996521.0
Ireland,,re_export_kg,2004.0,2160000.0,False,4070262.0
Ireland,,re_export_kg,2005.0,1800000.0,False,4159914.0
Ireland,,re_export_kg,2006.0,3120000.0,False,4273591.0
Ireland,,re_export_kg,2007.0,1020000.0,False,4398942.0
Ireland,,re_export_kg,2008.0,960000.0,False,4489544.0
Ireland,,re_export_kg,2009.0,480000.0,False,4535375.0
Ireland,,re_export_kg,2010.0,480000.0,False,4560155.0
Ireland,,re_export_kg,2011.0,1800000.0,False,4580084.0
Ireland,,re_export_kg,2012.0,2220000.0,False,4599533.0
Ireland,,re_export_kg,2013.0,2280000.0,False,4623816.0
Ireland,,re_export_kg,2014.0,2160000.0,False,4657740.0
Ireland,,re_export_kg,2015.0,3900000.0,False,4701957.0
Ireland,,re_export_kg,2016.0,5100000.0,False,4762722.0
Ireland,,re_export_kg,2017.0,8220000.0,False,4827445.0
Ireland,,re_export_kg,2018.0,4140000.0,False,4898022.0
Ireland,,re_export_kg,2019.0,4140000.0,False,4976456.0
Italy,,re_export_kg,1990.0,22980000.0,False,56719240.0
Italy,,re_export_kg,1991.0,24120000.0,False,56758521.0
Italy,,re_export_kg,1992.0,27900000.0,False,56797087.0
Italy,,re_export_kg,1993.0,39840000.0,False,56831821.0
Italy,,re_export_kg,1994.0,47160000.0,False,56843400.0
Italy,,re_export_kg,1995.0,44940000.0,False,56844303.0
Italy,,re_export_kg,1996.0,49560000.0,False,56860281.0
Italy,,re_export_kg,1997.0,49560000.0,False,56890372.0
Italy,,re_export_kg,1998.0,56760000.0,False,56906744.0
Italy,,re_export_kg,1999.0,61380000.0,False,56916317.0
Italy,,re_export_kg,2000.0,69360000.0,False,56942108.0
Italy,,re_export_kg,2001.0,77400000.0,False,56976981.0
Italy,,re_export_kg,2002.0,80460000.0,False,57089824.0
Italy,,re_export_kg,2003.0,84600000.0,False,57399184.0
Italy,,re_export_kg,2004.0,93540000.0,False,57828179.0
Italy,,re_export_kg,2005.0,102480000.0,False,58166682.0
Italy,,re_export_kg,2006.0,116280000.0,False,58399861.0
Italy,,re_export_kg,2007.0,131280000.0,False,58756247.0
Italy,,re_export_kg,2008.0,136620000.0,False,59211181.0
Italy,,re_export_kg,2009.0,136320000.0,False,59555454.0
Italy,,re_export_kg,2010.0,146760000.0,False,59819407.0
Italy,,re_export_kg,2011.0,159780000.0,False,60026841.0
Italy,,re_export_kg,2012.0,177840000.0,False,60191247.0
Italy,,re_export_kg,2013.0,190980000.0,False,60311613.0
Italy,,re_export_kg,2014.0,208140000.0,False,60320707.0
Italy,,re_export_kg,2015.0,220140000.0,False,60229605.0
Italy,,re_export_kg,2016.0,251580000.0,False,60115223.0
Italy,,re_export_kg,2017.0,265020000.0,False,60002252.0
Italy,,re_export_kg,2018.0,279540000.0,False,59877221.0
Italy,,re_export_kg,2019.0,326280000.0,False,59729081.0
Japan,,re_export_kg,1990.0,1200000.0,False,123478000.0
Japan,,re_export_kg,1991.0,2040000.0,False,123964000.0
Japan,,re_export_kg,1992.0,1620000.0,False,124425000.0
Japan,,re_export_kg,1993.0,2040000.0,False,124829000.0
Japan,,re_export_kg,1994.0,1620000.0,False,125178000.0
Japan,,re_export_kg,1995.0,420000.0,False,125472000.0
Japan,,re_export_kg,1996.0,360000.0,False,125757000.0
Japan,,re_export_kg,1997.0,1140000.0,False,126057000.0
Japan,,re_export_kg,1998.0,540000.0,False,126400000.0
Japan,,re_export_kg,1999.0,480000.0,False,126631000.0
Japan,,re_export_kg,2000.0,1920000.0,False,126843000.0
Japan,,re_export_kg,2001.0,4680000.0,False,127149000.0
Japan,,re_export_kg,2002.0,5940000.0,False,127445000.0
Japan,,re_export_kg,2003.0,8220000.0,False,127718000.0
Japan,,re_export_kg,2004.0,5220000.0,False,127761000.0
Japan,,re_export_kg,2005.0,3780000.0,False,127773000.0
Japan,,re_export_kg,2006.0,2820000.0,False,127854000.0
Japan,,re_export_kg,2007.0,5220000.0,False,128001000.0
Japan,,re_export_kg,2008.0,10740000.0,False,128063000.0
Japan,,re_export_kg,2009.0,7560000.0,False,128047000.0
Japan,,re_export_kg,2010.0,8580000.0,False,128070000.0
Japan,,re_export_kg,2011.0,4800000.0,False,127833000.0
Japan,,re_export_kg,2012.0,4260000.0,False,127629000.0
Japan,,re_export_kg,2013.0,5520000.0,False,127445000.0
Japan,,re_export_kg,2014.0,6660000.0,False,127276000.0
Japan,,re_export_kg,2015.0,7020000.0,False,127141000.0
Japan,,re_export_kg,2016.0,6660000.0,False,127076000.0
Japan,,re_export_kg,2017.0,6780000.0,False,126972000.0
Japan,,re_export_kg,2018.0,7440000.0,False,126811000.0
Japan,,re_export_kg,2019.0,9480000.0,False,126633000.0
Latvia,,re_export_kg,1990.0,0.0,False,2663151.0
Latvia,,re_export_kg,1991.0,0.0,False,2650581.0
Latvia,,re_export_kg,1992.0,60000.0,False,2614338.0
Latvia,,re_export_kg,1993.0,1080000.0,False,2563290.0
Latvia,,re_export_kg,1994.0,1020000.0,False,2520742.0
Latvia,,re_export_kg,1995.0,900000.0,False,2485056.0
Latvia,,re_export_kg,1996.0,960000.0,False,2457222.0
Latvia,,re_export_kg,1997.0,1440000.0,False,2432851.0
Latvia,,re_export_kg,1998.0,1500000.0,False,2410019.0
Latvia,,re_export_kg,1999.0,1020000.0,False,2390482.0
Latvia,,re_export_kg,2000.0,1140000.0,False,2367550.0
Latvia,,re_export_kg,2001.0,360000.0,False,2337170.0
Latvia,,re_export_kg,2002.0,1140000.0,False,2310173.0
Latvia,,re_export_kg,2003.0,1620000.0,False,2287955.0
Latvia,,re_export_kg,2004.0,1980000.0,False,2263122.0
Latvia,,re_export_kg,2005.0,2820000.0,False,2238799.0
Latvia,,re_export_kg,2006.0,2400000.0,False,2218357.0
Latvia,,re_export_kg,2007.0,1200000.0,False,2200325.0
Latvia,,re_export_kg,2008.0,2340000.0,False,2177322.0
Latvia,,re_export_kg,2009.0,2640000.0,False,2141669.0
Latvia,,re_export_kg,2010.0,2340000.0,False,2097555.0
Latvia,,re_export_kg,2011.0,2400000.0,False,2059709.0
Latvia,,re_export_kg,2012.0,3360000.0,False,2034319.0
Latvia,,re_export_kg,2013.0,3960000.0,False,2012647.0
Latvia,,re_export_kg,2014.0,6180000.0,False,1993782.0
Latvia,,re_export_kg,2015.0,5700000.0,False,1977527.0
Latvia,,re_export_kg,2016.0,7200000.0,False,1959537.0
Latvia,,re_export_kg,2017.0,6660000.0,False,1942248.0
Latvia,,re_export_kg,2018.0,8700000.0,False,1927174.0
Latvia,,re_export_kg,2019.0,7260000.0,False,1913822.0
Lithuania,,re_export_kg,1990.0,0.0,False,3697838.0
Lithuania,,re_export_kg,1991.0,0.0,False,3704134.0
Lithuania,,re_export_kg,1992.0,0.0,False,3700114.0
Lithuania,,re_export_kg,1993.0,0.0,False,3682613.0
Lithuania,,re_export_kg,1994.0,600000.0,False,3657144.0
Lithuania,,re_export_kg,1995.0,2700000.0,False,3629102.0
Lithuania,,re_export_kg,1996.0,4980000.0,False,3601613.0
Lithuania,,re_export_kg,1997.0,4740000.0,False,3575137.0
Lithuania,,re_export_kg,1998.0,3000000.0,False,3549331.0
Lithuania,,re_export_kg,1999.0,2880000.0,False,3524238.0
Lithuania,,re_export_kg,2000.0,2340000.0,False,3499536.0
Lithuania,,re_export_kg,2001.0,3780000.0,False,3470818.0
Lithuania,,re_export_kg,2002.0,3300000.0,False,3443067.0
Lithuania,,re_export_kg,2003.0,2880000.0,False,3415213.0
Lithuania,,re_export_kg,2004.0,3540000.0,False,3377075.0
Lithuania,,re_export_kg,2005.0,5400000.0,False,3322528.0
Lithuania,,re_export_kg,2006.0,6180000.0,False,3269909.0
Lithuania,,re_export_kg,2007.0,6300000.0,False,3231294.0
Lithuania,,re_export_kg,2008.0,11220000.0,False,3198231.0
Lithuania,,re_export_kg,2009.0,12060000.0,False,3162916.0
Lithuania,,re_export_kg,2010.0,9180000.0,False,3097282.0
Lithuania,,re_export_kg,2011.0,6540000.0,False,3028115.0
Lithuania,,re_export_kg,2012.0,8580000.0,False,2989139.0
Lithuania,,re_export_kg,2013.0,9900000.0,False,2961250.0
Lithuania,,re_export_kg,2014.0,10380000.0,False,2937253.0
Lithuania,,re_export_kg,2015.0,12960000.0,False,2911109.0
Lithuania,,re_export_kg,2016.0,15420000.0,False,2877325.0
Lithuania,,re_export_kg,2017.0,11520000.0,False,2842639.0
Lithuania,,re_export_kg,2018.0,10800000.0,False,2819200.0
Lithuania,,re_export_kg,2019.0,13320000.0,False,2811089.0
Luxembourg,,re_export_kg,1990.0,0.0,False,381850.0
Luxembourg,,re_export_kg,1991.0,0.0,False,387000.0
Luxembourg,,re_export_kg,1992.0,0.0,False,392175.0
Luxembourg,,re_export_kg,1993.0,0.0,False,397475.0
Luxembourg,,re_export_kg,1994.0,0.0,False,402925.0
Luxembourg,,re_export_kg,1995.0,0.0,False,408625.0
Luxembourg,,re_export_kg,1996.0,0.0,False,414225.0
Luxembourg,,re_export_kg,1997.0,0.0,False,419450.0
Luxembourg,,re_export_kg,1998.0,0.0,False,424700.0
Luxembourg,,re_export_kg,1999.0,5040000.0,False,430475.0
Luxembourg,,re_export_kg,2000.0,5280000.0,False,436300.0
Luxembourg,,re_export_kg,2001.0,4560000.0,False,441525.0
Luxembourg,,re_export_kg,2002.0,4800000.0,False,446175.0
Luxembourg,,re_export_kg,2003.0,5940000.0,False,451630.0
Luxembourg,,re_export_kg,2004.0,5700000.0,False,458095.0
Luxembourg,,re_export_kg,2005.0,6240000.0,False,465158.0
Luxembourg,,re_export_kg,2006.0,6120000.0,False,472637.0
Luxembourg,,re_export_kg,2007.0,6540000.0,False,479993.0
Luxembourg,,re_export_kg,2008.0,6780000.0,False,488650.0
Luxembourg,,re_export_kg,2009.0,6480000.0,False,497783.0
Luxembourg,,re_export_kg,2010.0,7020000.0,False,506953.0
Luxembourg,,re_export_kg,2011.0,6660000.0,False,518347.0
Luxembourg,,re_export_kg,2012.0,6660000.0,False,530946.0
Luxembourg,,re_export_kg,2013.0,8220000.0,False,543360.0
Luxembourg,,re_export_kg,2014.0,9480000.0,False,556319.0
Luxembourg,,re_export_kg,2015.0,9240000.0,False,569604.0
Luxembourg,,re_export_kg,2016.0,10260000.0,False,582014.0
Luxembourg,,re_export_kg,2017.0,10140000.0,False,596336.0
Luxembourg,,re_export_kg,2018.0,10680000.0,False,607950.0
Luxembourg,,re_export_kg,2019.0,10740000.0,False,620001.0
Malta,,re_export_kg,1990.0,60000.0,False,354170.0
Malta,,re_export_kg,1991.0,180000.0,False,363845.0
Malta,,re_export_kg,1992.0,120000.0,False,367618.0
Malta,,re_export_kg,1993.0,60000.0,False,371308.0
Malta,,re_export_kg,1994.0,120000.0,False,374797.0
Malta,,re_export_kg,1995.0,60000.0,False,377419.0
Malta,,re_export_kg,1996.0,0.0,False,379905.0
Malta,,re_export_kg,1997.0,60000.0,False,382791.0
Malta,,re_export_kg,1998.0,240000.0,False,385287.0
Malta,,re_export_kg,1999.0,0.0,False,387578.0
Malta,,re_export_kg,2000.0,0.0,False,390087.0
Malta,,re_export_kg,2001.0,0.0,False,393028.0
Malta,,re_export_kg,2002.0,60000.0,False,395969.0
Malta,,re_export_kg,2003.0,0.0,False,398582.0
Malta,,re_export_kg,2004.0,0.0,False,401268.0
Malta,,re_export_kg,2005.0,0.0,False,403834.0
Malta,,re_export_kg,2006.0,0.0,False,405308.0
Malta,,re_export_kg,2007.0,0.0,False,406724.0
Malta,,re_export_kg,2008.0,0.0,False,409379.0
Malta,,re_export_kg,2009.0,0.0,False,412477.0
Malta,,re_export_kg,2010.0,0.0,False,414508.0
Malta,,re_export_kg,2011.0,60000.0,False,416268.0
Malta,,re_export_kg,2012.0,0.0,False,420028.0
Malta,,re_export_kg,2013.0,0.0,False,424810.0
Malta,,re_export_kg,2014.0,0.0,False,433481.0
Malta,,re_export_kg,2015.0,60000.0,False,444220.0
Malta,,re_export_kg,2016.0,60000.0,False,454505.0
Malta,,re_export_kg,2017.0,0.0,False,467106.0
Malta,,re_export_kg,2018.0,0.0,False,483903.0
Malta,,re_export_kg,2019.0,0.0,False,503912.0
Netherlands,,re_export_kg,1990.0,35100000.0,False,14951510.0
Netherlands,,re_export_kg,1991.0,37980000.0,False,15069798.0
Netherlands,,re_export_kg,1992.0,38880000.0,False,15184166.0
Netherlands,,re_export_kg,1993.0,25500000.0,False,15290368.0
Netherlands,,re_export_kg,1994.0,40680000.0,False,15382838.0
Netherlands,,re_export_kg,1995.0,37020000.0,False,15459006.0
Netherlands,,re_export_kg,1996.0,34500000.0,False,15530498.0
Netherlands,,re_export_kg,1997.0,33420000.0,False,15610650.0
Netherlands,,re_export_kg,1998.0,54060000.0,False,15707209.0
Netherlands,,re_export_kg,1999.0,65640000.0,False,15812088.0
Netherlands,,re_export_kg,2000.0,66360000.0,False,15925513.0
Netherlands,,re_export_kg,2001.0,67020000.0,False,16046180.0
Netherlands,,re_export_kg,2002.0,71160000.0,False,16148929.0
Netherlands,,re_export_kg,2003.0,85980000.0,False,16225302.0
Netherlands,,re_export_kg,2004.0,70860000.0,False,16281779.0
Netherlands,,re_export_kg,2005.0,63660000.0,False,16319868.0
Netherlands,,re_export_kg,2006.0,69840000.0,False,16346101.0
Netherlands,,re_export_kg,2007.0,74340000.0,False,16381696.0
Netherlands,,re_export_kg,2008.0,58860000.0,False,16445593.0
Netherlands,,re_export_kg,2009.0,96240000.0,False,16530388.0
Netherlands,,re_export_kg,2010.0,74160000.0,False,16615394.0
Netherlands,,re_export_kg,2011.0,106140000.0,False,16693074.0
Netherlands,,re_export_kg,2012.0,80820000.0,False,16754962.0
Netherlands,,re_export_kg,2013.0,106860000.0,False,16804432.0
Netherlands,,re_export_kg,2014.0,132960000.0,False,16865008.0
Netherlands,,re_export_kg,2015.0,148800000.0,False,16939923.0
Netherlands,,re_export_kg,2016.0,162120000.0,False,17030314.0
Netherlands,,re_export_kg,2017.0,186240000.0,False,17131296.0
Netherlands,,re_export_kg,2018.0,202560000.0,False,17231624.0
Netherlands,,re_export_kg,2019.0,199440000.0,False,17344874.0
Norway,,re_export_kg,1990.0,480000.0,False,4241473.0
Norway,,re_export_kg,1991.0,240000.0,False,4261732.0
Norway,,re_export_kg,1992.0,180000.0,False,4286401.0
Norway,,re_export_kg,1993.0,180000.0,False,4311991.0
Norway,,re_export_kg,1994.0,360000.0,False,4336613.0
Norway,,re_export_kg,1995.0,300000.0,False,4359184.0
Norway,,re_export_kg,1996.0,420000.0,False,4381336.0
Norway,,re_export_kg,1997.0,540000.0,False,4405157.0
Norway,,re_export_kg,1998.0,240000.0,False,4431464.0
Norway,,re_export_kg,1999.0,300000.0,False,4461913.0
Norway,,re_export_kg,2000.0,300000.0,False,4490967.0
Norway,,re_export_kg,2001.0,360000.0,False,4513751.0
Norway,,re_export_kg,2002.0,360000.0,False,4538159.0
Norway,,re_export_kg,2003.0,480000.0,False,4564855.0
Norway,,re_export_kg,2004.0,420000.0,False,4591910.0
Norway,,re_export_kg,2005.0,600000.0,False,4623291.0
Norway,,re_export_kg,2006.0,600000.0,False,4660677.0
Norway,,re_export_kg,2007.0,480000.0,False,4709153.0
Norway,,re_export_kg,2008.0,420000.0,False,4768212.0
Norway,,re_export_kg,2009.0,540000.0,False,4828726.0
Norway,,re_export_kg,2010.0,840000.0,False,4889252.0
Norway,,re_export_kg,2011.0,600000.0,False,4953088.0
Norway,,re_export_kg,2012.0,720000.0,False,5018573.0
Norway,,re_export_kg,2013.0,1080000.0,False,5079623.0
Norway,,re_export_kg,2014.0,840000.0,False,5137232.0
Norway,,re_export_kg,2015.0,720000.0,False,5188607.0
Norway,,re_export_kg,2016.0,1080000.0,False,5234519.0
Norway,,re_export_kg,2017.0,1140000.0,False,5276968.0
Norway,,re_export_kg,2018.0,540000.0,False,5311916.0
Norway,,re_export_kg,2019.0,900000.0,False,5347896.0
Poland,,re_export_kg,1990.0,6000000.0,False,38110782.0
Poland,,re_export_kg,1991.0,420000.0,False,38246193.0
Poland,,re_export_kg,1992.0,8220000.0,False,38363667.0
Poland,,re_export_kg,1993.0,7560000.0,False,38461408.0
Poland,,re_export_kg,1994.0,6000000.0,False,38542652.0
Poland,,re_export_kg,1995.0,8040000.0,False,38594998.0
Poland,,re_export_kg,1996.0,10140000.0,False,38624370.0
Poland,,re_export_kg,1997.0,17220000.0,False,38649660.0
Poland,,re_export_kg,1998.0,19680000.0,False,38663481.0
Poland,,re_export_kg,1999.0,25080000.0,False,38660271.0
Poland,,re_export_kg,2000.0,31860000.0,False,38258629.0
Poland,,re_export_kg,2001.0,29820000.0,False,38248076.0
Poland,,re_export_kg,2002.0,26520000.0,False,38230364.0
Poland,,re_export_kg,2003.0,25320000.0,False,38204570.0
Poland,,re_export_kg,2004.0,24360000.0,False,38182222.0
Poland,,re_export_kg,2005.0,31440000.0,False,38165445.0
Poland,,re_export_kg,2006.0,39660000.0,False,38141267.0
Poland,,re_export_kg,2007.0,42540000.0,False,38120560.0
Poland,,re_export_kg,2008.0,46740000.0,False,38125759.0
Poland,,re_export_kg,2009.0,69660000.0,False,38151603.0
Poland,,re_export_kg,2010.0,67380000.0,False,38042794.0
Poland,,re_export_kg,2011.0,82200000.0,False,38063255.0
Poland,,re_export_kg,2012.0,96420000.0,False,38063164.0
Poland,,re_export_kg,2013.0,96900000.0,False,38040196.0
Poland,,re_export_kg,2014.0,124740000.0,False,38011735.0
Poland,,re_export_kg,2015.0,134760000.0,False,37986412.0
Poland,,re_export_kg,2016.0,111120000.0,False,37970087.0
Poland,,re_export_kg,2017.0,105480000.0,False,37974826.0
Poland,,re_export_kg,2018.0,113340000.0,False,37974750.0
Poland,,re_export_kg,2019.0,117120000.0,False,37965475.0
Portugal,,re_export_kg,1990.0,1860000.0,False,9983218.0
Portugal,,re_export_kg,1991.0,2040000.0,False,9960235.0
Portugal,,re_export_kg,1992.0,2400000.0,False,9952494.0
Portugal,,re_export_kg,1993.0,2280000.0,False,9964675.0
Portugal,,re_export_kg,1994.0,3120000.0,False,9991525.0
Portugal,,re_export_kg,1995.0,4440000.0,False,10026176.0
Portugal,,re_export_kg,1996.0,5940000.0,False,10063945.0
Portugal,,re_export_kg,1997.0,6480000.0,False,10108977.0
Portugal,,re_export_kg,1998.0,5760000.0,False,10160196.0
Portugal,,re_export_kg,1999.0,5940000.0,False,10217828.0
Portugal,,re_export_kg,2000.0,7380000.0,False,10289898.0
Portugal,,re_export_kg,2001.0,6960000.0,False,10362722.0
Portugal,,re_export_kg,2002.0,6840000.0,False,10419631.0
Portugal,,re_export_kg,2003.0,6600000.0,False,10458821.0
Portugal,,re_export_kg,2004.0,4980000.0,False,10483861.0
Portugal,,re_export_kg,2005.0,6420000.0,False,10503330.0
Portugal,,re_export_kg,2006.0,6840000.0,False,10522288.0
Portugal,,re_export_kg,2007.0,9120000.0,False,10542964.0
Portugal,,re_export_kg,2008.0,8940000.0,False,10558177.0
Portugal,,re_export_kg,2009.0,9960000.0,False,10568247.0
Portugal,,re_export_kg,2010.0,11820000.0,False,10573100.0
Portugal,,re_export_kg,2011.0,12600000.0,False,10557560.0
Portugal,,re_export_kg,2012.0,13680000.0,False,10514844.0
Portugal,,re_export_kg,2013.0,12720000.0,False,10457295.0
Portugal,,re_export_kg,2014.0,13620000.0,False,10401062.0
Portugal,,re_export_kg,2015.0,13920000.0,False,10358076.0
Portugal,,re_export_kg,2016.0,15720000.0,False,10325452.0
Portugal,,re_export_kg,2017.0,15000000.0,False,10300300.0
Portugal,,re_export_kg,2018.0,16020000.0,False,10283822.0
Portugal,,re_export_kg,2019.0,17340000.0,False,10286263.0
Romania,,re_export_kg,1990.0,0.0,False,23201835.0
Romania,,re_export_kg,1991.0,0.0,False,23001155.0
Romania,,re_export_kg,1992.0,180000.0,False,22794284.0
Romania,,re_export_kg,1993.0,360000.0,False,22763280.0
Romania,,re_export_kg,1994.0,0.0,False,22730211.0
Romania,,re_export_kg,1995.0,120000.0,False,22684270.0
Romania,,re_export_kg,1996.0,0.0,False,22619004.0
Romania,,re_export_kg,1997.0,60000.0,False,22553978.0
Romania,,re_export_kg,1998.0,660000.0,False,22507344.0
Romania,,re_export_kg,1999.0,300000.0,False,22472040.0
Romania,,re_export_kg,2000.0,60000.0,False,22442971.0
Romania,,re_export_kg,2001.0,60000.0,False,22131970.0
Romania,,re_export_kg,2002.0,60000.0,False,21730496.0
Romania,,re_export_kg,2003.0,0.0,False,21574326.0
Romania,,re_export_kg,2004.0,600000.0,False,21451748.0
Romania,,re_export_kg,2005.0,1020000.0,False,21319685.0
Romania,,re_export_kg,2006.0,1140000.0,False,21193760.0
Romania,,re_export_kg,2007.0,960000.0,False,20882982.0
Romania,,re_export_kg,2008.0,1140000.0,False,20537875.0
Romania,,re_export_kg,2009.0,2220000.0,False,20367487.0
Romania,,re_export_kg,2010.0,2580000.0,False,20246871.0
Romania,,re_export_kg,2011.0,2520000.0,False,20147528.0
Romania,,re_export_kg,2012.0,3240000.0,False,20058035.0
Romania,,re_export_kg,2013.0,4800000.0,False,19983693.0
Romania,,re_export_kg,2014.0,2760000.0,False,19908979.0
Romania,,re_export_kg,2015.0,1800000.0,False,19815616.0
Romania,,re_export_kg,2016.0,3660000.0,False,19702267.0
Romania,,re_export_kg,2017.0,3060000.0,False,19588715.0
Romania,,re_export_kg,2018.0,3240000.0,False,19473970.0
Romania,,re_export_kg,2019.0,3420000.0,False,19371648.0
Russian Federation,,re_export_kg,1990.0,0.0,False,147969406.0
Russian Federation,,re_export_kg,1991.0,0.0,False,148394216.0
Russian Federation,,re_export_kg,1992.0,300000.0,False,148538197.0
Russian Federation,,re_export_kg,1993.0,0.0,False,148458777.0
Russian Federation,,re_export_kg,1994.0,840000.0,False,148407912.0
Russian Federation,,re_export_kg,1995.0,4680000.0,False,148375787.0
Russian Federation,,re_export_kg,1996.0,3900000.0,False,148160129.0
Russian Federation,,re_export_kg,1997.0,19680000.0,False,147915361.0
Russian Federation,,re_export_kg,1998.0,5100000.0,False,147670784.0
Russian Federation,,re_export_kg,1999.0,960000.0,False,147214776.0
Russian Federation,,re_export_kg,2000.0,1620000.0,False,146596869.0
Russian Federation,,re_export_kg,2001.0,1500000.0,False,145976482.0
Russian Federation,,re_export_kg,2002.0,3180000.0,False,145306497.0
Russian Federation,,re_export_kg,2003.0,5580000.0,False,144648618.0
Russian Federation,,re_export_kg,2004.0,7740000.0,False,144067316.0
Russian Federation,,re_export_kg,2005.0,9060000.0,False,143518814.0
Russian Federation,,re_export_kg,2006.0,14640000.0,False,143049637.0
Russian Federation,,re_export_kg,2007.0,20400000.0,False,142805114.0
Russian Federation,,re_export_kg,2008.0,25260000.0,False,142742366.0
Russian Federation,,re_export_kg,2009.0,26400000.0,False,142785348.0
Russian Federation,,re_export_kg,2010.0,27300000.0,False,142849468.0
Russian Federation,,re_export_kg,2011.0,27780000.0,False,143018195.0
Russian Federation,,re_export_kg,2012.0,28740000.0,False,143378447.0
Russian Federation,,re_export_kg,2013.0,45720000.0,False,143805638.0
Russian Federation,,re_export_kg,2014.0,43560000.0,False,144237223.0
Russian Federation,,re_export_kg,2015.0,51840000.0,False,144640716.0
Russian Federation,,re_export_kg,2016.0,47640000.0,False,145015460.0
Russian Federation,,re_export_kg,2017.0,57360000.0,False,145293260.0
Russian Federation,,re_export_kg,2018.0,63240000.0,False,145398106.0
Russian Federation,,re_export_kg,2019.0,65820000.0,False,145453291.0
Slovakia,,re_export_kg,1990.0,0.0,False,5299187.0
Slovakia,,re_export_kg,1991.0,0.0,False,5303294.0
Slovakia,,re_export_kg,1992.0,0.0,False,5305016.0
Slovakia,,re_export_kg,1993.0,780000.0,False,5325305.0
Slovakia,,re_export_kg,1994.0,1380000.0,False,5346331.0
Slovakia,,re_export_kg,1995.0,1620000.0,False,5361999.0
Slovakia,,re_export_kg,1996.0,960000.0,False,5373361.0
Slovakia,,re_export_kg,1997.0,1080000.0,False,5383291.0
Slovakia,,re_export_kg,1998.0,1020000.0,False,5390516.0
Slovakia,,re_export_kg,1999.0,1200000.0,False,5396020.0
Slovakia,,re_export_kg,2000.0,1380000.0,False,5388720.0
Slovakia,,re_export_kg,2001.0,1980000.0,False,5378867.0
Slovakia,,re_export_kg,2002.0,1500000.0,False,5376912.0
Slovakia,,re_export_kg,2003.0,1020000.0,False,5373374.0
Slovakia,,re_export_kg,2004.0,900000.0,False,5372280.0
Slovakia,,re_export_kg,2005.0,840000.0,False,5372807.0
Slovakia,,re_export_kg,2006.0,3960000.0,False,5373054.0
Slovakia,,re_export_kg,2007.0,9120000.0,False,5374622.0
Slovakia,,re_export_kg,2008.0,16200000.0,False,5379233.0
Slovakia,,re_export_kg,2009.0,14760000.0,False,5386406.0
Slovakia,,re_export_kg,2010.0,19080000.0,False,5391428.0
Slovakia,,re_export_kg,2011.0,23340000.0,False,5398384.0
Slovakia,,re_export_kg,2012.0,34260000.0,False,5407579.0
Slovakia,,re_export_kg,2013.0,28200000.0,False,5413393.0
Slovakia,,re_export_kg,2014.0,25260000.0,False,5418649.0
Slovakia,,re_export_kg,2015.0,38580000.0,False,5423801.0
Slovakia,,re_export_kg,2016.0,40800000.0,False,5430798.0
Slovakia,,re_export_kg,2017.0,34260000.0,False,5439232.0
Slovakia,,re_export_kg,2018.0,36720000.0,False,5446771.0
Slovakia,,re_export_kg,2019.0,32820000.0,False,5454147.0
Slovenia,,re_export_kg,1990.0,0.0,False,1998161.0
Slovenia,,re_export_kg,1991.0,0.0,False,1999429.0
Slovenia,,re_export_kg,1992.0,420000.0,False,1996498.0
Slovenia,,re_export_kg,1993.0,300000.0,False,1991746.0
Slovenia,,re_export_kg,1994.0,420000.0,False,1989443.0
Slovenia,,re_export_kg,1995.0,480000.0,False,1989872.0
Slovenia,,re_export_kg,1996.0,660000.0,False,1988628.0
Slovenia,,re_export_kg,1997.0,600000.0,False,1985956.0
Slovenia,,re_export_kg,1998.0,720000.0,False,1981629.0
Slovenia,,re_export_kg,1999.0,660000.0,False,1983045.0
Slovenia,,re_export_kg,2000.0,840000.0,False,1988925.0
Slovenia,,re_export_kg,2001.0,660000.0,False,1992060.0
Slovenia,,re_export_kg,2002.0,720000.0,False,1994530.0
Slovenia,,re_export_kg,2003.0,600000.0,False,1995733.0
Slovenia,,re_export_kg,2004.0,660000.0,False,1997012.0
Slovenia,,re_export_kg,2005.0,540000.0,False,2000474.0
Slovenia,,re_export_kg,2006.0,660000.0,False,2006868.0
Slovenia,,re_export_kg,2007.0,600000.0,False,2018122.0
Slovenia,,re_export_kg,2008.0,660000.0,False,2021316.0
Slovenia,,re_export_kg,2009.0,720000.0,False,2039669.0
Slovenia,,re_export_kg,2010.0,780000.0,False,2048583.0
Slovenia,,re_export_kg,2011.0,900000.0,False,2052843.0
Slovenia,,re_export_kg,2012.0,2160000.0,False,2057159.0
Slovenia,,re_export_kg,2013.0,4440000.0,False,2059953.0
Slovenia,,re_export_kg,2014.0,4860000.0,False,2061980.0
Slovenia,,re_export_kg,2015.0,5040000.0,False,2063531.0
Slovenia,,re_export_kg,2016.0,7800000.0,False,2065042.0
Slovenia,,re_export_kg,2017.0,12720000.0,False,2066388.0
Slovenia,,re_export_kg,2018.0,19920000.0,False,2073894.0
Slovenia,,re_export_kg,2019.0,24900000.0,False,2088385.0
Spain,,re_export_kg,1990.0,15900000.0,False,38867322.0
Spain,,re_export_kg,1991.0,16080000.0,False,38966376.0
Spain,,re_export_kg,1992.0,17220000.0,False,39157685.0
Spain,,re_export_kg,1993.0,10080000.0,False,39361262.0
Spain,,re_export_kg,1994.0,14220000.0,False,39549108.0
Spain,,re_export_kg,1995.0,23820000.0,False,39724050.0
Spain,,re_export_kg,1996.0,35700000.0,False,39889852.0
Spain,,re_export_kg,1997.0,46740000.0,False,40057389.0
Spain,,re_export_kg,1998.0,42000000.0,False,40223509.0
Spain,,re_export_kg,1999.0,38340000.0,False,40386875.0
Spain,,re_export_kg,2000.0,45180000.0,False,40567864.0
Spain,,re_export_kg,2001.0,74220000.0,False,40850412.0
Spain,,re_export_kg,2002.0,69960000.0,False,41431558.0
Spain,,re_export_kg,2003.0,81900000.0,False,42187645.0
Spain,,re_export_kg,2004.0,86220000.0,False,42921895.0
Spain,,re_export_kg,2005.0,87180000.0,False,43653155.0
Spain,,re_export_kg,2006.0,87660000.0,False,44397319.0
Spain,,re_export_kg,2007.0,91200000.0,False,45226803.0
Spain,,re_export_kg,2008.0,86460000.0,False,45954106.0
Spain,,re_export_kg,2009.0,86700000.0,False,46362946.0
Spain,,re_export_kg,2010.0,108180000.0,False,46576897.0
Spain,,re_export_kg,2011.0,100320000.0,False,46742697.0
Spain,,re_export_kg,2012.0,99540000.0,False,46773055.0
Spain,,re_export_kg,2013.0,98160000.0,False,46604197.0
Spain,,re_export_kg,2014.0,114360000.0,False,46460733.0
Spain,,re_export_kg,2015.0,114480000.0,False,46422303.0
Spain,,re_export_kg,2016.0,127500000.0,False,46458139.0
Spain,,re_export_kg,2017.0,136500000.0,False,46571232.0
Spain,,re_export_kg,2018.0,155100000.0,False,46782011.0
Spain,,re_export_kg,2019.0,166560000.0,False,47118501.0
Sweden,,re_export_kg,1990.0,4620000.0,False,8558835.0
Sweden,,re_export_kg,1991.0,6840000.0,False,8617375.0
Sweden,,re_export_kg,1992.0,8280000.0,False,8668067.0
Sweden,,re_export_kg,1993.0,8280000.0,False,8718561.0
Sweden,,re_export_kg,1994.0,13440000.0,False,8780745.0
Sweden,,re_export_kg,1995.0,13020000.0,False,8826939.0
Sweden,,re_export_kg,1996.0,13500000.0,False,8840998.0
Sweden,,re_export_kg,1997.0,13920000.0,False,8846062.0
Sweden,,re_export_kg,1998.0,11520000.0,False,8850974.0
Sweden,,re_export_kg,1999.0,10560000.0,False,8857874.0
Sweden,,re_export_kg,2000.0,10260000.0,False,8872109.0
Sweden,,re_export_kg,2001.0,10860000.0,False,8895960.0
Sweden,,re_export_kg,2002.0,14340000.0,False,8924958.0
Sweden,,re_export_kg,2003.0,15420000.0,False,8958229.0
Sweden,,re_export_kg,2004.0,15720000.0,False,8993531.0
Sweden,,re_export_kg,2005.0,31380000.0,False,9029572.0
Sweden,,re_export_kg,2006.0,30300000.0,False,9080505.0
Sweden,,re_export_kg,2007.0,31500000.0,False,9148092.0
Sweden,,re_export_kg,2008.0,31920000.0,False,9219637.0
Sweden,,re_export_kg,2009.0,31560000.0,False,9298515.0
Sweden,,re_export_kg,2010.0,30300000.0,False,9378126.0
Sweden,,re_export_kg,2011.0,31320000.0,False,9449213.0
Sweden,,re_export_kg,2012.0,31200000.0,False,9519374.0
Sweden,,re_export_kg,2013.0,32040000.0,False,9600379.0
Sweden,,re_export_kg,2014.0,32820000.0,False,9696110.0
Sweden,,re_export_kg,2015.0,29880000.0,False,9799186.0
Sweden,,re_export_kg,2016.0,33120000.0,False,9923085.0
Sweden,,re_export_kg,2017.0,34860000.0,False,10057698.0
Sweden,,re_export_kg,2018.0,34740000.0,False,10175214.0
Sweden,,re_export_kg,2019.0,34740000.0,False,10278887.0
Switzerland,,re_export_kg,1990.0,9960000.0,False,6715519.0
Switzerland,,re_export_kg,1991.0,9060000.0,False,6799978.0
Switzerland,,re_export_kg,1992.0,9300000.0,False,6875364.0
Switzerland,,re_export_kg,1993.0,9960000.0,False,6938265.0
Switzerland,,re_export_kg,1994.0,11760000.0,False,6993795.0
Switzerland,,re_export_kg,1995.0,10500000.0,False,7040687.0
Switzerland,,re_export_kg,1996.0,14580000.0,False,7071850.0
Switzerland,,re_export_kg,1997.0,16800000.0,False,7088906.0
Switzerland,,re_export_kg,1998.0,15240000.0,False,7110001.0
Switzerland,,re_export_kg,1999.0,18120000.0,False,7143991.0
Switzerland,,re_export_kg,2000.0,18780000.0,False,7184250.0
Switzerland,,re_export_kg,2001.0,22860000.0,False,7229854.0
Switzerland,,re_export_kg,2002.0,26520000.0,False,7284753.0
Switzerland,,re_export_kg,2003.0,25380000.0,False,7339001.0
Switzerland,,re_export_kg,2004.0,30720000.0,False,7389625.0
Switzerland,,re_export_kg,2005.0,34020000.0,False,7437115.0
Switzerland,,re_export_kg,2006.0,37260000.0,False,7483934.0
Switzerland,,re_export_kg,2007.0,50520000.0,False,7551117.0
Switzerland,,re_export_kg,2008.0,52980000.0,False,7647675.0
Switzerland,,re_export_kg,2009.0,63960000.0,False,7743831.0
Switzerland,,re_export_kg,2010.0,78780000.0,False,7824909.0
Switzerland,,re_export_kg,2011.0,84840000.0,False,7912398.0
Switzerland,,re_export_kg,2012.0,85500000.0,False,7996861.0
Switzerland,,re_export_kg,2013.0,92820000.0,False,8089346.0
Switzerland,,re_export_kg,2014.0,96960000.0,False,8188649.0
Switzerland,,re_export_kg,2015.0,98460000.0,False,8282396.0
Switzerland,,re_export_kg,2016.0,104880000.0,False,8373338.0
Switzerland,,re_export_kg,2017.0,111660000.0,False,8451840.0
Switzerland,,re_export_kg,2018.0,116760000.0,False,8514329.0
Switzerland,,re_export_kg,2019.0,126840000.0,False,8575280.0
Tunisia,,re_export_kg,1990.0,0.0,False,8324509.0
Tunisia,,re_export_kg,1991.0,0.0,False,8501827.0
Tunisia,,re_export_kg,1992.0,0.0,False,8682512.0
Tunisia,,re_export_kg,1993.0,0.0,False,8857910.0
Tunisia,,re_export_kg,1994.0,0.0,False,9018448.0
Tunisia,,re_export_kg,1995.0,0.0,False,9161258.0
Tunisia,,re_export_kg,1996.0,0.0,False,9294432.0
Tunisia,,re_export_kg,1997.0,0.0,False,9421270.0
Tunisia,,re_export_kg,1998.0,0.0,False,9541667.0
Tunisia,,re_export_kg,1999.0,0.0,False,9655963.0
Tunisia,,re_export_kg,2000.0,60000.0,False,9764935.0
Tunisia,,re_export_kg,2001.0,60000.0,False,9869677.0
Tunisia,,re_export_kg,2002.0,60000.0,False,9971515.0
Tunisia,,re_export_kg,2003.0,180000.0,False,10071632.0
Tunisia,,re_export_kg,2004.0,60000.0,False,10166163.0
Tunisia,,re_export_kg,2005.0,0.0,False,10255472.0
Tunisia,,re_export_kg,2006.0,540000.0,False,10346410.0
Tunisia,,re_export_kg,2007.0,0.0,False,10441702.0
Tunisia,,re_export_kg,2008.0,0.0,False,10542635.0
Tunisia,,re_export_kg,2009.0,0.0,False,10650681.0
Tunisia,,re_export_kg,2010.0,180000.0,False,10765980.0
Tunisia,,re_export_kg,2011.0,780000.0,False,10886035.0
Tunisia,,re_export_kg,2012.0,1080000.0,False,11009647.0
Tunisia,,re_export_kg,2013.0,600000.0,False,11141361.0
Tunisia,,re_export_kg,2014.0,0.0,False,11274288.0
Tunisia,,re_export_kg,2015.0,60000.0,False,11402264.0
Tunisia,,re_export_kg,2016.0,0.0,False,11528674.0
Tunisia,,re_export_kg,2017.0,0.0,False,11650498.0
Tunisia,,re_export_kg,2018.0,0.0,False,11765514.0
Tunisia,,re_export_kg,2019.0,0.0,False,11875081.0
United Kingdom,,re_export_kg,1990.0,28920000.0,False,57247586.0
United Kingdom,,re_export_kg,1991.0,29100000.0,False,57424897.0
United Kingdom,,re_export_kg,1992.0,34200000.0,False,57580402.0
United Kingdom,,re_export_kg,1993.0,37740000.0,False,57718614.0
United Kingdom,,re_export_kg,1994.0,49020000.0,False,57865745.0
United Kingdom,,re_export_kg,1995.0,37980000.0,False,58019030.0
United Kingdom,,re_export_kg,1996.0,33120000.0,False,58166950.0
United Kingdom,,re_export_kg,1997.0,30660000.0,False,58316954.0
United Kingdom,,re_export_kg,1998.0,32220000.0,False,58487141.0
United Kingdom,,re_export_kg,1999.0,38700000.0,False,58682466.0
United Kingdom,,re_export_kg,2000.0,39120000.0,False,58892514.0
United Kingdom,,re_export_kg,2001.0,46260000.0,False,59119673.0
United Kingdom,,re_export_kg,2002.0,46680000.0,False,59370479.0
United Kingdom,,re_export_kg,2003.0,45540000.0,False,59647577.0
United Kingdom,,re_export_kg,2004.0,50280000.0,False,59987905.0
United Kingdom,,re_export_kg,2005.0,53100000.0,False,60401206.0
United Kingdom,,re_export_kg,2006.0,56940000.0,False,60846820.0
United Kingdom,,re_export_kg,2007.0,59340000.0,False,61322463.0
United Kingdom,,re_export_kg,2008.0,54000000.0,False,61806995.0
United Kingdom,,re_export_kg,2009.0,53520000.0,False,62276270.0
United Kingdom,,re_export_kg,2010.0,71580000.0,False,62766365.0
United Kingdom,,re_export_kg,2011.0,75840000.0,False,63258810.0
United Kingdom,,re_export_kg,2012.0,72000000.0,False,63711000.0
United Kingdom,,re_export_kg,2013.0,82800000.0,False,64138000.0
United Kingdom,,re_export_kg,2014.0,83400000.0,False,64619000.0
United Kingdom,,re_export_kg,2015.0,78120000.0,False,65087000.0
United Kingdom,,re_export_kg,2016.0,94080000.0,False,65606000.0
United Kingdom,,re_export_kg,2017.0,99720000.0,False,65964000.0
United Kingdom,,re_export_kg,2018.0,113340000.0,False,66287000.0
United Kingdom,,re_export_kg,2019.0,106800000.0,False,66628000.0
United States of America,,re_export_kg,1990.0,49500000.0,False,249623000.0
United States of America,,re_export_kg,1991.0,60600000.0,False,252981000.0
United States of America,,re_export_kg,1992.0,82620000.0,False,256514000.0
United States of America,,re_export_kg,1993.0,103200000.0,False,259919000.0
United States of America,,re_export_kg,1994.0,154320000.0,False,263126000.0
United States of America,,re_export_kg,1995.0,110460000.0,False,266278000.0
United States of America,,re_export_kg,1996.0,122940000.0,False,269394000.0
United States of America,,re_export_kg,1997.0,146760000.0,False,272657000.0
United States of America,,re_export_kg,1998.0,146820000.0,False,275854000.0
United States of America,,re_export_kg,1999.0,130080000.0,False,279040000.0
United States of America,,re_export_kg,2000.0,123300000.0,False,282162411.0
United States of America,,re_export_kg,2001.0,123360000.0,False,284968955.0
United States of America,,re_export_kg,2002.0,131520000.0,False,287625193.0
United States of America,,re_export_kg,2003.0,167880000.0,False,290107933.0
United States of America,,re_export_kg,2004.0,157560000.0,False,292805298.0
United States of America,,re_export_kg,2005.0,147120000.0,False,295516599.0
United States of America,,re_export_kg,2006.0,163260000.0,False,298379912.0
United States of America,,re_export_kg,2007.0,162420000.0,False,301231207.0
United States of America,,re_export_kg,2008.0,171660000.0,False,304093966.0
United States of America,,re_export_kg,2009.0,168120000.0,False,306771529.0
United States of America,,re_export_kg,2010.0,191460000.0,False,309378227.0
United States of America,,re_export_kg,2011.0,223680000.0,False,311839461.0
United States of America,,re_export_kg,2012.0,203040000.0,False,314339099.0
United States of America,,re_export_kg,2013.0,194880000.0,False,316726282.0
United States of America,,re_export_kg,2014.0,201660000.0,False,319257560.0
United States of America,,re_export_kg,2015.0,177480000.0,False,321815121.0
United States of America,,re_export_kg,2016.0,190500000.0,False,324353340.0
United States of America,,re_export_kg,2017.0,175800000.0,False,326608609.0
United States of America,,re_export_kg,2018.0,174120000.0,False,328529577.0
United States of America,,re_export_kg,2019.0,170520000.0,False,330226227.0
